case concept:name,PO,GR,INV,match,gap,rework,cleared
2000000001_00001,557.0,557.0,557.0,True,0.0,False,True
2000000006_00001,37819.0,37819.0,37819.0,True,0.0,False,True
2000000008_00001,18186.0,18186.0,18186.0,True,0.0,False,True
2000000009_00001,1039.0,1039.0,1039.0,True,0.0,False,True
2000000011_00001,112583.0,112583.0,112583.0,True,0.0,False,True
2000000013_00001,857.0,857.0,857.0,True,0.0,False,True
2000000023_00001,22251.0,22251.0,22251.0,True,0.0,False,True
2000000025_00001,1368.0,1368.0,1368.0,True,0.0,False,True
2000000033_00001,12852.0,12852.0,12852.0,True,0.0,False,True
2000000035_00001,3065.0,3065.0,3065.0,True,0.0,False,True
2000000036_00001,6903.0,6903.0,6903.0,True,0.0,False,True
2000000038_00001,57.0,57.0,57.0,True,0.0,False,True
2000000039_00001,428.0,428.0,428.0,True,0.0,False,True
2000000039_00002,127.0,127.0,127.0,True,0.0,False,True
2000000041_00001,260.0,260.0,260.0,True,0.0,False,True
2000000042_00001,45.0,45.0,45.0,True,0.0,False,True
2000000046_00001,173.0,173.0,173.0,True,0.0,False,True
2000000048_00001,828.0,828.0,828.0,True,0.0,False,True
2000000049_00001,412.0,412.0,412.0,True,0.0,False,True
2000000051_00001,33.0,33.0,33.0,True,0.0,False,True
2000000052_00001,2165.0,2165.0,2165.0,True,0.0,False,False
2000000074_00001,132.0,132.0,132.0,True,0.0,False,True
2000000075_00001,147.0,147.0,147.0,True,0.0,False,True
2000000087_00001,12834.0,12834.0,12834.0,True,0.0,False,True
2000000089_00001,34641.0,34641.0,34641.0,True,0.0,False,True
2000000091_00001,5629.0,5629.0,5629.0,True,0.0,False,True
2000000093_00001,5868.0,5868.0,5868.0,True,0.0,False,True
2000000103_00001,293.0,293.0,293.0,True,0.0,False,True
2000000104_00001,226.0,226.0,226.0,True,0.0,False,True
2000000106_00001,53065.0,53065.0,53065.0,True,0.0,False,True
2000000107_00001,1160.0,1160.0,1160.0,True,0.0,False,True
2000000108_00001,12470.0,12470.0,12470.0,True,0.0,False,True
2000000109_00001,34145.0,34145.0,34145.0,True,0.0,False,True
2000000111_00001,24972.0,24972.0,24972.0,True,0.0,False,True
2000000112_00001,82.0,82.0,82.0,True,0.0,False,True
2000000124_00001,107.0,107.0,107.0,True,0.0,False,True
2000000124_00002,247.0,247.0,247.0,True,0.0,False,True
2000000127_00001,86.0,86.0,86.0,True,0.0,False,True
2000000128_00001,13163.0,13163.0,13163.0,True,0.0,True,True
2000000129_00001,12384.0,12384.0,12384.0,True,0.0,False,True
2000000132_00001,285.0,285.0,285.0,True,0.0,False,True
2000000137_00001,46.0,46.0,46.0,True,0.0,False,True
2000000141_00001,62.0,62.0,62.0,True,0.0,False,True
2000000141_00002,76.0,76.0,76.0,True,0.0,False,True
2000000141_00003,33.0,33.0,33.0,True,0.0,False,True
2000000143_00001,5196.0,5196.0,5196.0,True,0.0,False,True
2000000147_00001,67.0,67.0,67.0,True,0.0,False,True
2000000148_00001,24.0,24.0,24.0,True,0.0,False,True
2000000149_00001,561.0,561.0,561.0,True,0.0,False,True
2000000154_00001,3109.0,3109.0,3109.0,True,0.0,False,True
2000000156_00001,389.0,389.0,389.0,True,0.0,False,True
2000000158_00001,2039.0,2039.0,2039.0,True,0.0,False,True
2000000161_00001,4018.0,4018.0,4018.0,True,0.0,True,True
2000000163_00001,905.0,905.0,905.0,True,0.0,False,True
2000000167_00001,41.0,41.0,41.0,True,0.0,False,True
2000000167_00002,56.0,56.0,56.0,True,0.0,False,True
2000000167_00003,101.0,101.0,101.0,True,0.0,False,True
2000000170_00001,746.0,746.0,746.0,True,0.0,False,True
2000000171_00001,24240.0,24240.0,24240.0,True,0.0,False,True
2000000176_00001,389.0,389.0,389.0,True,0.0,False,True
2000000177_00001,644.0,644.0,644.0,True,0.0,False,True
2000000177_00002,25.0,25.0,25.0,True,0.0,False,True
2000000179_00001,82.0,82.0,82.0,True,0.0,False,True
2000000181_00001,214.0,214.0,214.0,True,0.0,False,True
2000000182_00001,165085.0,165085.0,165085.0,True,0.0,False,True
2000000187_00001,41.0,41.0,41.0,True,0.0,False,True
2000000188_00001,10115.0,10115.0,10115.0,True,0.0,False,True
2000000190_00001,183.0,183.0,183.0,True,0.0,False,True
2000000191_00001,896.0,896.0,896.0,True,0.0,False,True
2000000192_00001,233.0,233.0,233.0,True,0.0,False,False
2000000197_00001,78.0,78.0,78.0,True,0.0,False,True
2000000197_00002,303.0,303.0,303.0,True,0.0,False,True
2000000200_00001,4125.0,4125.0,4125.0,True,0.0,False,True
2000000204_00001,2493.0,2493.0,2493.0,True,0.0,False,True
2000000212_00001,142443.0,142443.0,142443.0,True,0.0,False,True
2000000214_00001,161214.0,161214.0,161214.0,True,0.0,False,True
2000000215_00001,11721.0,11721.0,11721.0,True,0.0,False,True
2000000216_00001,3186.0,3186.0,3186.0,True,0.0,False,True
2000000218_00001,17320.0,17320.0,17320.0,True,0.0,False,True
2000000219_00001,8227.0,8227.0,8227.0,True,0.0,False,True
2000013410_00001,14896.0,14896.0,14896.0,True,0.0,False,True
2000013414_00001,137.0,137.0,137.0,True,0.0,False,True
2000013416_00003,88.0,88.0,88.0,True,0.0,False,False
2000013418_00001,103.0,103.0,103.0,True,0.0,False,True
2000013418_00002,74.0,74.0,74.0,True,0.0,False,True
2000013419_00001,17987.0,17987.0,17987.0,True,0.0,False,True
2000013424_00001,6062.0,6062.0,6062.0,True,0.0,False,True
2000013427_00001,41.0,41.0,41.0,True,0.0,False,True
2000013427_00002,46.0,46.0,46.0,True,0.0,False,True
2000013429_00001,150.0,150.0,150.0,True,0.0,False,True
2000013430_00001,23328.0,23328.0,23328.0,True,0.0,False,True
2000013431_00001,3446.0,3446.0,3446.0,True,0.0,False,True
2000013433_00001,473.0,473.0,473.0,True,0.0,True,True
2000013434_00001,784.0,784.0,784.0,True,0.0,True,True
2000013436_00001,4580.0,4580.0,4580.0,True,0.0,False,True
2000013439_00001,35317.0,35317.0,35317.0,True,0.0,True,True
2000013443_00001,77.0,77.0,77.0,True,0.0,False,True
2000013443_00002,46.0,46.0,46.0,True,0.0,False,True
2000013443_00003,161.0,161.0,161.0,True,0.0,False,True
2000013445_00001,49363.0,49363.0,49363.0,True,0.0,False,True
2000013450_00001,14289.0,14289.0,14289.0,True,0.0,False,True
2000013451_00001,13856.0,13856.0,13856.0,True,0.0,False,True
2000013452_00001,20988.0,20988.0,20988.0,True,0.0,True,True
2000013459_00001,103923.0,103923.0,103923.0,True,0.0,False,True
2000013464_00001,434.0,434.0,434.0,True,0.0,False,True
2000013466_00001,117850.0,117850.0,117850.0,True,0.0,False,True
2000013472_00001,338335.0,338335.0,338335.0,True,0.0,False,True
2000013476_00001,3956.0,3956.0,3956.0,True,0.0,False,True
2000013480_00001,10132.0,10132.0,10132.0,True,0.0,False,True
2000013481_00001,116.0,116.0,116.0,True,0.0,False,True
2000013482_00001,4715.0,4715.0,4715.0,True,0.0,False,True
2000013492_00001,1801.0,1801.0,1801.0,True,0.0,False,True
2000013493_00001,34777.0,34777.0,34777.0,True,0.0,False,True
2000013495_00001,3540.0,3540.0,3540.0,True,0.0,True,True
2000013496_00001,611.0,611.0,611.0,True,0.0,False,True
2000013503_00001,64929.0,64929.0,64929.0,True,0.0,False,True
2000013504_00001,24162.0,24162.0,24162.0,True,0.0,True,True
2000013510_00001,37939.0,37939.0,37939.0,True,0.0,False,True
2000013511_00001,521.0,521.0,521.0,True,0.0,True,True
2000013518_00001,1382.0,1382.0,1382.0,True,0.0,False,True
2000013519_00001,265.0,265.0,265.0,True,0.0,False,True
2000013520_00001,138.0,138.0,138.0,True,0.0,False,True
2000013531_00001,240216.0,240216.0,240216.0,True,0.0,False,True
2000013532_00001,13182.0,13182.0,13182.0,True,0.0,True,True
2000013533_00001,36.0,36.0,36.0,True,0.0,False,True
2000013533_00002,273.0,273.0,273.0,True,0.0,False,True
2000013536_00001,113023.0,113023.0,113023.0,True,0.0,False,True
2000013537_00001,5188.0,5188.0,5188.0,True,0.0,False,True
2000013538_00001,3725.0,3725.0,3725.0,True,0.0,False,True
2000013540_00001,12124.0,12124.0,12124.0,True,0.0,False,True
2000013541_00001,346.0,346.0,346.0,True,0.0,False,True
2000013542_00001,869.0,869.0,869.0,True,0.0,True,True
2000013548_00001,116.0,116.0,116.0,True,0.0,False,True
2000013549_00001,63011.0,63011.0,63011.0,True,0.0,True,True
2000013553_00001,4529.0,4529.0,4529.0,True,0.0,True,True
2000013554_00001,6862.0,6862.0,6862.0,True,0.0,True,True
2000013559_00001,687.0,687.0,687.0,True,0.0,False,True
2000013560_00001,23625.0,23625.0,23625.0,True,0.0,False,True
2000013561_00001,94553.0,94553.0,94553.0,True,0.0,False,True
2000013562_00001,6235.0,6235.0,6235.0,True,0.0,False,True
2000013563_00001,285.0,285.0,285.0,True,0.0,False,True
2000013572_00001,1619.0,1619.0,1619.0,True,0.0,False,True
2000013573_00001,1020.0,1020.0,1020.0,True,0.0,False,True
2000013574_00001,55578.0,55578.0,55578.0,True,0.0,False,True
2000013575_00001,75.0,75.0,75.0,True,0.0,False,True
2000013575_00002,112.0,112.0,112.0,True,0.0,False,True
2000013579_00001,1723.0,1723.0,1723.0,True,0.0,True,True
2000013580_00001,5196.0,5196.0,5196.0,True,0.0,False,True
2000013585_00001,39150.0,39150.0,39150.0,True,0.0,True,True
2000013586_00001,212.0,212.0,212.0,True,0.0,False,True
2000013589_00001,27173.0,27173.0,27173.0,True,0.0,True,True
2000013591_00001,7923.0,7923.0,7923.0,True,0.0,False,True
2000013592_00001,32.0,32.0,32.0,True,0.0,False,True
2000013594_00001,15172.0,15172.0,15172.0,True,0.0,True,True
2000013595_00001,18655.0,18655.0,18655.0,True,0.0,False,True
2000013596_00001,13492.0,13492.0,13492.0,True,0.0,True,True
2000013597_00001,47.0,47.0,47.0,True,0.0,False,True
2000013602_00001,606.0,606.0,606.0,True,0.0,False,True
2000013604_00001,15839.0,15839.0,15839.0,True,0.0,False,True
2000013605_00001,15893.0,15893.0,15893.0,True,0.0,False,True
2000013608_00001,1624.0,1624.0,1624.0,True,0.0,False,True
2000013611_00001,20784.0,20784.0,20784.0,True,0.0,False,True
2000013620_00001,18030.0,18030.0,18030.0,True,0.0,False,True
2000013621_00001,91890.0,91890.0,91890.0,True,0.0,False,True
2000013630_00001,519.0,519.0,519.0,True,0.0,False,True
2000013631_00001,389.0,389.0,389.0,True,0.0,False,True
2000013632_00001,121.0,121.0,121.0,True,0.0,False,True
2000013633_00001,18885.0,18885.0,18885.0,True,0.0,False,True
2000013636_00001,777.0,777.0,777.0,True,0.0,True,True
2000013637_00001,17221.0,17221.0,17221.0,True,0.0,True,True
2000013638_00001,17320.0,17320.0,17320.0,True,0.0,False,True
2000013643_00001,10248.0,10248.0,10248.0,True,0.0,False,True
2000013647_00001,134.0,134.0,134.0,True,0.0,False,True
2000013647_00002,123.0,123.0,123.0,True,0.0,False,True
2000013647_00003,561.0,561.0,561.0,True,0.0,False,True
2000013648_00001,108.0,108.0,108.0,True,0.0,False,True
2000013649_00001,232.0,232.0,232.0,True,0.0,False,True
2000013652_00001,19673.0,19673.0,19673.0,True,0.0,True,True
2000013653_00001,179.0,179.0,179.0,True,0.0,False,True
2000013654_00001,265.0,265.0,265.0,True,0.0,False,True
2000013658_00001,88202.0,88202.0,88202.0,True,0.0,False,True
2000013659_00001,12124.0,12124.0,12124.0,True,0.0,False,True
2000013660_00001,29335.0,29335.0,29335.0,True,0.0,False,True
2000013663_00001,995.0,995.0,995.0,True,0.0,False,True
2000013667_00001,3072.0,3072.0,3072.0,True,0.0,True,True
2000013668_00001,130.0,130.0,130.0,True,0.0,False,True
2000013668_00002,204.0,204.0,204.0,True,0.0,False,True
2000013671_00001,1114.0,1114.0,1114.0,True,0.0,False,True
2000013672_00001,38.0,38.0,38.0,True,0.0,False,True
2000013675_00001,13674.0,13674.0,13674.0,True,0.0,True,True
2000013676_00001,5196.0,5196.0,5196.0,True,0.0,False,True
2000033448_00001,5327.0,5327.0,5327.0,True,0.0,False,True
2000033449_00001,9114.0,9114.0,9114.0,True,0.0,False,True
2000033450_00001,7060.0,7060.0,7060.0,True,0.0,False,True
2000033452_00001,8641.0,8641.0,8641.0,True,0.0,False,True
2000033453_00001,76.0,76.0,76.0,True,0.0,False,True
2000033457_00001,160.0,160.0,160.0,True,0.0,False,True
2000033457_00002,286.0,286.0,286.0,True,0.0,False,True
2000033459_00001,389.0,389.0,389.0,True,0.0,False,True
2000033460_00001,1019.0,1019.0,1019.0,True,0.0,False,True
2000033464_00002,25.0,25.0,25.0,True,0.0,False,True
2000033469_00001,10726.0,10726.0,10726.0,True,0.0,False,True
2000033470_00001,33936.0,33936.0,33936.0,True,0.0,False,True
2000033474_00001,7097.0,7097.0,7097.0,True,0.0,False,True
2000033475_00001,2377.0,2377.0,2377.0,True,0.0,True,True
2000033476_00001,1695.0,1695.0,1695.0,True,0.0,False,True
2000033480_00001,389.0,389.0,389.0,True,0.0,False,True
2000033482_00001,17234.0,17234.0,17234.0,True,0.0,False,True
2000033489_00001,1382.0,1382.0,1382.0,True,0.0,False,True
2000033489_00002,2511.0,2511.0,2511.0,True,0.0,False,True
2000033498_00001,76.0,76.0,76.0,True,0.0,False,True
2000033498_00002,216.0,216.0,216.0,True,0.0,False,True
2000033501_00001,30.0,30.0,30.0,True,0.0,False,True
2000033501_00002,38.0,38.0,38.0,True,0.0,False,True
2000033501_00003,26.0,26.0,26.0,True,0.0,False,True
2000033501_00004,27.0,27.0,27.0,True,0.0,False,True
2000033502_00001,69282.0,69282.0,69282.0,True,0.0,False,True
2000033503_00001,6841.0,6841.0,6841.0,True,0.0,False,True
2000033507_00001,24.0,24.0,24.0,True,0.0,False,True
2000033508_00001,23382.0,23382.0,23382.0,True,0.0,False,True
2000033514_00001,89431.0,89431.0,89431.0,True,0.0,False,True
2000033516_00001,4889.0,4889.0,4889.0,True,0.0,False,True
2000033517_00001,16607.0,16607.0,16607.0,True,0.0,False,True
2000033519_00001,10676.0,10676.0,10676.0,True,0.0,False,True
2000033520_00001,15579.0,15579.0,15579.0,True,0.0,False,True
2000033525_00001,66.0,66.0,66.0,True,0.0,False,True
2000033525_00002,23.0,23.0,23.0,True,0.0,False,True
2000033533_00001,110812.0,110812.0,110812.0,True,0.0,False,True
2000033534_00001,190.0,190.0,190.0,True,0.0,True,True
2000033535_00001,192.0,192.0,192.0,True,0.0,True,True
2000033537_00001,93.0,93.0,93.0,True,0.0,False,True
2000033541_00001,22915.0,22915.0,22915.0,True,0.0,False,True
2000033546_00001,55.0,55.0,55.0,True,0.0,False,True
2000033546_00002,99.0,99.0,99.0,True,0.0,False,True
2000033546_00004,15.0,15.0,15.0,True,0.0,False,True
2000033546_00005,87.0,87.0,87.0,True,0.0,False,True
2000033546_00006,19.0,19.0,19.0,True,0.0,False,True
2000033546_00007,32.0,32.0,32.0,True,0.0,False,True
2000033548_00001,4611.0,4611.0,4611.0,True,0.0,False,True
2000033549_00001,16826.0,16826.0,16826.0,True,0.0,False,True
2000033555_00001,14670.0,14670.0,14670.0,True,0.0,False,True
2000033560_00001,76.0,76.0,76.0,True,0.0,False,True
2000033560_00002,104.0,104.0,104.0,True,0.0,False,True
2000033560_00003,44.0,44.0,44.0,True,0.0,False,True
2000033563_00001,18965.0,18965.0,18965.0,True,0.0,False,True
2000033564_00001,51.0,51.0,51.0,True,0.0,False,True
2000033568_00001,72443.0,72443.0,72443.0,True,0.0,False,True
2000033574_00001,1212.0,1212.0,1212.0,True,0.0,False,True
2000033575_00001,27279.0,27279.0,27279.0,True,0.0,False,True
2000033576_00001,129.0,129.0,129.0,True,0.0,False,True
2000033579_00001,6334.0,6334.0,6334.0,True,0.0,True,True
2000033580_00001,14625.0,14625.0,14625.0,True,0.0,False,True
2000033581_00001,4046.0,4046.0,4046.0,True,0.0,False,True
2000033582_00001,4096.0,4096.0,4096.0,True,0.0,False,True
2000033583_00001,342.0,342.0,342.0,True,0.0,True,True
2000033584_00001,95262.0,95262.0,95262.0,True,0.0,False,True
2000033585_00001,11688.0,11688.0,11688.0,True,0.0,False,True
2000033586_00001,5923.0,5923.0,5923.0,True,0.0,False,True
2000033588_00001,129903.0,129903.0,129903.0,True,0.0,False,True
2000033589_00001,165142.0,165142.0,165142.0,True,0.0,False,True
2000033591_00001,1517.0,1517.0,1517.0,True,0.0,False,True
2000033598_00001,104789.0,104789.0,104789.0,True,0.0,False,True
2000033599_00001,71.0,71.0,71.0,True,0.0,False,True
2000033600_00001,7787.0,7787.0,7787.0,True,0.0,False,True
2000033602_00001,58668.0,58668.0,58668.0,True,0.0,False,True
2000033606_00001,7101.0,7101.0,7101.0,True,0.0,False,True
2000033607_00001,4589.0,4589.0,4589.0,True,0.0,False,True
2000033608_00001,44418.0,44418.0,44418.0,True,0.0,False,True
2000033615_00001,5196.0,5196.0,5196.0,True,0.0,False,True
2000033616_00001,280.0,280.0,280.0,True,0.0,False,False
2000033618_00001,174.0,174.0,174.0,True,0.0,False,True
2000033622_00001,1299.0,1299.0,1299.0,True,0.0,False,True
2000033624_00001,152.0,152.0,152.0,True,0.0,False,True
2000033626_00001,483.0,483.0,483.0,True,0.0,False,True
2000033627_00001,15588.0,15588.0,15588.0,True,0.0,False,True
2000033628_00001,3380.0,3380.0,3380.0,True,0.0,False,True
2000033629_00001,3342.0,3342.0,3342.0,True,0.0,False,True
2000033631_00001,16887.0,16887.0,16887.0,True,0.0,False,True
2000033633_00001,1066.0,1066.0,1066.0,True,0.0,False,True
2000033634_00001,51127.0,51127.0,51127.0,True,0.0,False,True
2000033635_00001,13814.0,13814.0,13814.0,True,0.0,True,True
2000052671_00001,91937.0,91937.0,91937.0,True,0.0,False,True
2000052672_00001,174299.0,174299.0,174299.0,True,0.0,False,True
2000052674_00001,2598.0,2598.0,2598.0,True,0.0,False,False
2000052689_00001,219133.0,219133.0,219133.0,True,0.0,False,True
2000052692_00001,124.0,124.0,124.0,True,0.0,False,True
2000052694_00001,89548.0,89548.0,89548.0,True,0.0,False,True
2000052696_00001,15378.0,15378.0,15378.0,True,0.0,False,True
2000052698_00001,8649.0,8649.0,8649.0,True,0.0,False,True
2000052699_00001,8547.0,8547.0,8547.0,True,0.0,False,True
2000052707_00002,8.0,8.0,8.0,True,0.0,False,True
2000052708_00001,389.0,389.0,389.0,True,0.0,False,True
2000052709_00001,117303.0,117303.0,117303.0,True,0.0,False,True
2000052716_00001,4711.0,4711.0,4711.0,True,0.0,False,True
2000052720_00001,6581.0,6581.0,6581.0,True,0.0,False,True
2000052722_00001,58471.0,58471.0,58471.0,True,0.0,True,True
2000052724_00001,45940.0,45940.0,45940.0,True,0.0,False,True
2000052725_00001,389.0,389.0,389.0,True,0.0,False,True
2000052727_00001,147.0,147.0,147.0,True,0.0,False,True
2000052727_00002,523.0,523.0,523.0,True,0.0,False,True
2000052729_00001,11900.0,11900.0,11900.0,True,0.0,False,True
2000052739_00001,3464.0,3464.0,3464.0,True,0.0,False,True
2000052744_00001,5967.0,5967.0,5967.0,True,0.0,False,True
2000052745_00001,24.0,24.0,24.0,True,0.0,False,False
2000052745_00002,18.0,18.0,18.0,True,0.0,False,False
2000052745_00003,28.0,28.0,28.0,True,0.0,False,False
2000052745_00004,15.0,15.0,15.0,True,0.0,False,False
2000052745_00005,14.0,14.0,14.0,True,0.0,False,False
2000052745_00006,50.0,50.0,50.0,True,0.0,False,False
2000052745_00007,19.0,19.0,19.0,True,0.0,False,False
2000052747_00001,10740.0,10740.0,10740.0,True,0.0,False,True
2000052750_00001,4013.0,4013.0,4013.0,True,0.0,False,False
2000052754_00001,3026.0,3026.0,3026.0,True,0.0,False,True
2000052755_00001,4437.0,4437.0,4437.0,True,0.0,True,True
2000052761_00001,113.0,113.0,113.0,True,0.0,False,True
2000052761_00002,332.0,332.0,332.0,True,0.0,False,True
2000052764_00001,3181.0,3181.0,3181.0,True,0.0,False,True
2000052765_00001,15242.0,15242.0,15242.0,True,0.0,False,True
2000052766_00001,3261.0,3261.0,3261.0,True,0.0,False,True
2000052769_00001,14840.0,14840.0,14840.0,True,0.0,False,True
2000052770_00001,14809.0,14809.0,14809.0,True,0.0,False,True
2000052771_00001,16867.0,16867.0,16867.0,True,0.0,False,True
2000052782_00001,8989.0,8989.0,8989.0,True,0.0,False,False
2000052784_00001,116.0,116.0,116.0,True,0.0,False,True
2000052786_00001,1409.0,1409.0,1409.0,True,0.0,True,True
2000052788_00001,37623.0,37623.0,37623.0,True,0.0,False,True
2000052791_00001,193989.0,193989.0,193989.0,True,0.0,False,True
2000052797_00001,98.0,98.0,98.0,True,0.0,False,True
2000052802_00001,53042.0,53042.0,53042.0,True,0.0,False,True
2000052806_00001,6942.0,6942.0,6942.0,True,0.0,False,False
2000052807_00005,126.0,126.0,126.0,True,0.0,False,True
2000052809_00001,2598.0,2598.0,2598.0,True,0.0,False,False
2000052815_00001,78994.0,78994.0,78994.0,True,0.0,False,False
2000052816_00001,54356.0,54356.0,54356.0,True,0.0,False,True
2000052817_00001,1842.0,1842.0,1842.0,True,0.0,False,True
2000052818_00001,1732.0,1732.0,1732.0,True,0.0,False,True
2000052831_00001,56591.0,56591.0,56591.0,True,0.0,False,False
2000052834_00001,216506.0,216506.0,216506.0,True,0.0,False,True
2000052837_00001,138779.0,138779.0,138779.0,True,0.0,False,False
2000052840_00001,61017.0,61017.0,61017.0,True,0.0,False,False
2000052844_00001,51944.0,51944.0,51944.0,True,0.0,False,True
2000052851_00001,16345.0,16345.0,16345.0,True,0.0,False,False
2000052853_00001,15588.0,15588.0,15588.0,True,0.0,False,False
2000052854_00001,7949.0,7949.0,7949.0,True,0.0,False,True
2000052856_00001,2528.0,2528.0,2528.0,True,0.0,False,False
2000052860_00001,32.0,32.0,32.0,True,0.0,False,False
2000052861_00001,10418.0,10418.0,10418.0,True,0.0,False,True
2000052864_00001,914.0,914.0,914.0,True,0.0,False,True
2000052866_00001,52165.0,52165.0,52165.0,True,0.0,False,False
2000052870_00001,64512.0,64512.0,64512.0,True,0.0,False,False
2000052880_00001,16054.0,16054.0,16054.0,True,0.0,False,True
2000052881_00001,2598.0,2598.0,2598.0,True,0.0,False,False
2000052884_00001,1701.0,1701.0,1701.0,True,0.0,False,False
2000052889_00001,112.0,112.0,112.0,True,0.0,False,True
2000052890_00001,1047.0,1047.0,1047.0,True,0.0,False,True
2000052891_00001,21226.0,21226.0,21226.0,True,0.0,False,False
2000052899_00001,4503.0,4503.0,4503.0,True,0.0,False,True
2000052902_00001,49.0,49.0,49.0,True,0.0,False,False
2000052902_00002,194.0,194.0,194.0,True,0.0,False,False
2000052908_00001,33.0,33.0,33.0,True,0.0,False,True
2000052910_00001,285.0,285.0,285.0,True,0.0,False,True
2000052912_00001,10620.0,10620.0,10620.0,True,0.0,False,False
2000052914_00001,4046.0,4046.0,4046.0,True,0.0,False,False
2000052915_00001,2494.0,2494.0,2494.0,True,0.0,False,True
2000052916_00001,30811.0,30811.0,30811.0,True,0.0,False,False
2000052917_00001,13856.0,13856.0,13856.0,True,0.0,False,True
2000052920_00001,680.0,680.0,680.0,True,0.0,False,False
2000052921_00001,12448.0,12448.0,12448.0,True,0.0,False,False
2000052923_00001,1973.0,1973.0,1973.0,True,0.0,False,False
2000052924_00001,398.0,398.0,398.0,True,0.0,True,True
2000052926_00001,1299.0,1299.0,1299.0,True,0.0,False,False
2000052927_00001,99.0,99.0,99.0,True,0.0,False,False
2000052930_00001,568.0,568.0,568.0,True,0.0,False,False
2000052934_00001,138564.0,138564.0,138564.0,True,0.0,False,False
2000052935_00001,58370.0,58370.0,58370.0,True,0.0,False,True
2000052937_00001,385985.0,385985.0,385985.0,True,0.0,False,False
2000052941_00001,12787.0,12787.0,12787.0,True,0.0,False,False
2000052942_00001,2121.0,2121.0,2121.0,True,0.0,False,False
2000052943_00001,3464.0,3464.0,3464.0,True,0.0,False,False
2000052944_00001,160.0,160.0,160.0,True,0.0,False,False
2000052944_00002,84.0,84.0,84.0,True,0.0,False,False
2000052947_00001,69282.0,69282.0,69282.0,True,0.0,False,False
2000052948_00001,26272.0,26272.0,26272.0,True,0.0,False,False
2000052949_00001,14669.0,14669.0,14669.0,True,0.0,False,False
2000052953_00001,16299.0,16299.0,16299.0,True,0.0,False,False
2000052954_00001,4738.0,4738.0,4738.0,True,0.0,False,False
2000052959_00001,165.0,165.0,165.0,True,0.0,False,False
2000052961_00001,76424.0,76424.0,76424.0,True,0.0,False,False
2000052966_00001,129903.0,129903.0,129903.0,True,0.0,False,False
2000052968_00001,313422.0,313422.0,313422.0,True,0.0,False,False
2000052969_00001,236627.0,236627.0,236627.0,True,0.0,False,True
2000052971_00001,3533.0,3533.0,3533.0,True,0.0,False,False
2000052975_00001,1732.0,1732.0,1732.0,True,0.0,False,True
4507000227_00010,43301.0,43301.0,43301.0,True,0.0,False,True
4507000239_00030,50.0,50.0,50.0,True,0.0,False,True
4507000239_00080,103.0,103.0,103.0,True,0.0,True,True
4507000282_00030,383.0,383.0,383.0,True,0.0,False,True
4507000322_00050,2321.0,2321.0,2321.0,True,0.0,True,True
4507000322_00070,3257.0,3257.0,3257.0,True,0.0,True,True
4507000322_00250,385.0,385.0,385.0,True,0.0,True,True
4507000322_00260,385.0,385.0,385.0,True,0.0,True,True
4507000323_00050,362.0,362.0,362.0,True,0.0,False,True
4507000339_00030,367.0,367.0,367.0,True,0.0,False,True
4507000339_00050,912.0,912.0,912.0,True,0.0,False,True
4507000339_00110,522.0,522.0,522.0,True,0.0,False,True
4507000339_00120,367.0,367.0,367.0,True,0.0,False,True
4507000378_00010,37169.0,37169.0,37169.0,True,0.0,True,True
4507000417_00010,35832.0,35832.0,35832.0,True,0.0,True,True
4507000418_00010,38160.0,38160.0,38160.0,True,0.0,True,True
4507000421_00010,33058.0,33058.0,33058.0,True,0.0,True,True
4507000422_00010,33740.0,33740.0,33740.0,True,0.0,True,True
4507000425_00010,48054.0,48054.0,48054.0,True,0.0,True,True
4507000442_00010,347.0,347.0,347.0,True,0.0,True,True
4507000447_00010,131.0,131.0,131.0,True,0.0,True,True
4507000447_00030,3078.0,3078.0,3078.0,True,0.0,True,True
4507000449_00080,683.0,683.0,683.0,True,0.0,True,True
4507000468_00010,19488.0,19488.0,19488.0,True,0.0,False,True
4507000481_00010,18.0,18.0,18.0,True,0.0,True,True
4507000481_00030,449.0,449.0,449.0,True,0.0,False,True
4507000594_00010,59.0,59.0,59.0,True,0.0,False,False
4507000594_00030,59.0,59.0,59.0,True,0.0,False,False
4507000594_00040,9.0,9.0,9.0,True,0.0,False,False
4507000615_00010,4330.0,4330.0,4330.0,True,0.0,False,True
4507000754_00010,25218.0,25218.0,25218.0,True,0.0,True,True
4507000755_00010,23705.0,23705.0,23705.0,True,0.0,True,True
4507000756_00010,28497.0,28497.0,28497.0,True,0.0,True,True
4507000757_00010,25218.0,25218.0,25218.0,True,0.0,True,True
4507000798_00010,306.0,306.0,306.0,True,0.0,False,True
4507000803_00010,308.0,308.0,308.0,True,0.0,False,True
4507000807_00001,431.0,253796.0,2589.0,False,253365.0,False,False
4507000855_00430,178.0,178.0,178.0,True,0.0,False,True
4507000857_00010,6395.0,6395.0,6395.0,True,0.0,False,True
4507000858_00010,24525.0,24525.0,24525.0,True,0.0,False,True
4507000861_00010,3200.0,3200.0,3200.0,True,0.0,False,True
4507000862_00020,109.0,109.0,109.0,True,0.0,False,False
4507000863_00060,177.0,177.0,177.0,True,0.0,False,True
4507000863_00070,59.0,59.0,59.0,True,0.0,False,True
4507000863_00080,59.0,59.0,59.0,True,0.0,False,True
4507000863_00170,59.0,59.0,59.0,True,0.0,False,True
4507000863_00180,59.0,59.0,59.0,True,0.0,False,True
4507000863_00190,39.0,39.0,39.0,True,0.0,False,True
4507000873_00010,17199.0,17199.0,17199.0,True,0.0,False,True
4507000907_00010,971.0,971.0,971.0,True,0.0,True,True
4507000937_00010,37169.0,37169.0,37169.0,True,0.0,False,True
4507000983_00010,1145.0,1145.0,1145.0,True,0.0,False,True
4507001008_00010,1105.0,1105.0,1105.0,True,0.0,False,True
4507001065_00010,38160.0,38160.0,38160.0,True,0.0,True,True
4507001077_00010,6754.0,6754.0,6754.0,True,0.0,False,True
4507001099_00070,1870.0,1870.0,1870.0,True,0.0,True,True
4507001099_00170,3083.0,3083.0,3083.0,True,0.0,True,True
4507001123_00040,1812.0,1812.0,1812.0,True,0.0,False,True
4507001124_00070,186.0,186.0,186.0,True,0.0,False,True
4507001124_00140,72.0,72.0,72.0,True,0.0,True,True
4507001130_00020,23.0,23.0,23.0,True,0.0,False,True
4507001146_00010,34.0,34.0,34.0,True,0.0,False,False
4507001188_00030,6676.0,6676.0,6676.0,True,0.0,False,True
4507001212_00010,1043.0,1043.0,1043.0,True,0.0,False,True
4507001236_00010,268.0,268.0,268.0,True,0.0,False,True
4507001236_00020,89.0,89.0,89.0,True,0.0,False,True
4507001236_00060,178.0,178.0,178.0,True,0.0,False,True
4507001236_00070,89.0,89.0,89.0,True,0.0,False,True
4507001236_00080,268.0,268.0,268.0,True,0.0,False,True
4507001236_00090,268.0,268.0,268.0,True,0.0,False,True
4507001236_00100,89.0,89.0,89.0,True,0.0,False,True
4507001238_00260,170.0,170.0,170.0,True,0.0,False,True
4507001239_00150,252.0,252.0,252.0,True,0.0,True,True
4507001242_00020,676.0,676.0,676.0,True,0.0,False,True
4507001242_00070,676.0,676.0,676.0,True,0.0,True,True
4507001258_00010,199.0,199.0,199.0,True,0.0,False,False
4507001258_00020,9.0,9.0,9.0,True,0.0,False,False
4507001266_00010,4455.0,4455.0,4455.0,True,0.0,False,True
4507001266_00030,1555.0,1555.0,1555.0,True,0.0,False,True
4507001267_00020,2744.0,2744.0,2744.0,True,0.0,False,True
4507001274_00010,4845.0,4845.0,4845.0,True,0.0,False,True
4507001280_00010,20213.0,20213.0,20213.0,True,0.0,True,True
4507001285_00010,1491.0,1491.0,1491.0,True,0.0,False,True
4507001285_00030,7219.0,7219.0,7219.0,True,0.0,True,True
4507001285_00040,640.0,640.0,640.0,True,0.0,True,True
4507001285_00050,8688.0,8688.0,8688.0,True,0.0,False,True
4507001286_00020,975.0,975.0,975.0,True,0.0,True,True
4507001290_00020,417.0,417.0,417.0,True,0.0,False,True
4507001290_00070,758.0,758.0,758.0,True,0.0,False,True
4507001290_00130,9361.0,9361.0,9361.0,True,0.0,False,True
4507001290_00160,758.0,758.0,758.0,True,0.0,False,True
4507001292_00060,320.0,320.0,320.0,True,0.0,False,True
4507001319_00001,18.0,199.0,18.0,False,181.0,False,True
4507001335_00020,119.0,119.0,119.0,True,0.0,False,True
4507001339_00010,9529.0,9529.0,9529.0,True,0.0,False,True
4507001339_00020,7485.0,7485.0,7485.0,True,0.0,False,True
4507001343_00050,21.0,21.0,21.0,True,0.0,True,True
4507001343_00060,43.0,43.0,43.0,True,0.0,False,True
4507001343_00070,92.0,92.0,92.0,True,0.0,False,True
4507001358_00010,8329.0,8329.0,8329.0,True,0.0,True,True
4507001358_00020,9657.0,9657.0,9657.0,True,0.0,True,True
4507001371_00030,154.0,154.0,154.0,True,0.0,False,True
4507001374_00010,7921.0,7921.0,7921.0,True,0.0,False,True
4507001374_00020,6675.0,6675.0,6675.0,True,0.0,True,True
4507001379_00010,487.0,487.0,487.0,True,0.0,False,True
4507001379_00020,468.0,468.0,468.0,True,0.0,False,True
4507001379_00030,297.0,297.0,297.0,True,0.0,False,True
4507001379_00040,204.0,204.0,204.0,True,0.0,False,False
4507001389_00050,182.0,182.0,182.0,True,0.0,False,True
4507001393_00010,3511.0,3511.0,3511.0,True,0.0,True,True
4507001399_00030,2010.0,2010.0,2010.0,True,0.0,True,True
4507001412_00020,289.0,289.0,289.0,True,0.0,False,False
4507001414_00010,4302.0,4302.0,4302.0,True,0.0,False,True
4507001414_00020,4065.0,4065.0,4065.0,True,0.0,False,True
4507001414_00030,190.0,190.0,190.0,True,0.0,False,True
4507001414_00040,424.0,424.0,424.0,True,0.0,False,True
4507001418_00010,762.0,762.0,762.0,True,0.0,True,True
4507001421_00010,793.0,793.0,793.0,True,0.0,False,True
4507001456_00010,797.0,797.0,797.0,True,0.0,True,True
4507001456_00020,944.0,944.0,944.0,True,0.0,False,True
4507001456_00030,432.0,432.0,432.0,True,0.0,True,True
4507001507_00010,259.0,259.0,259.0,True,0.0,False,True
4507001507_00020,259.0,259.0,259.0,True,0.0,False,True
4507001507_00030,259.0,259.0,259.0,True,0.0,False,True
4507001507_00040,259.0,259.0,259.0,True,0.0,False,True
4507001509_00010,207.0,207.0,207.0,True,0.0,False,False
4507001536_00001,261.0,61257.0,785.0,False,60996.0,False,False
4507001567_00010,87.0,87.0,87.0,True,0.0,False,True
4507001567_00030,157.0,157.0,157.0,True,0.0,False,True
4507001567_00040,158.0,158.0,158.0,True,0.0,False,True
4507001567_00050,177.0,177.0,177.0,True,0.0,False,True
4507001567_00060,59.0,59.0,59.0,True,0.0,False,True
4507001567_00070,59.0,59.0,59.0,True,0.0,False,True
4507001567_00080,122.0,122.0,122.0,True,0.0,False,True
4507001567_00090,183.0,183.0,183.0,True,0.0,False,True
4507001569_00010,109.0,109.0,109.0,True,0.0,False,True
4507001569_00020,58.0,58.0,58.0,True,0.0,False,True
4507001569_00030,89.0,89.0,89.0,True,0.0,False,True
4507001596_00120,333.0,333.0,333.0,True,0.0,False,True
4507001633_00010,1251.0,1251.0,1251.0,True,0.0,True,True
4507001635_00010,801.0,801.0,801.0,True,0.0,True,True
4507001635_00030,2502.0,2502.0,2502.0,True,0.0,True,True
4507001729_00010,25620.0,25620.0,25620.0,True,0.0,True,True
4507001731_00010,359.0,359.0,359.0,True,0.0,False,True
4507001773_00010,38160.0,38160.0,38160.0,True,0.0,True,True
4507001775_00010,36220.0,36220.0,36220.0,True,0.0,True,True
4507001787_00010,35163.0,35163.0,35163.0,True,0.0,True,True
4507001794_00010,48054.0,48054.0,48054.0,True,0.0,True,True
4507001797_00010,39844.0,39844.0,39844.0,True,0.0,True,True
4507001800_00010,48054.0,48054.0,48054.0,True,0.0,True,True
4507001819_00020,415.0,415.0,415.0,True,0.0,True,True
4507001819_00040,377.0,377.0,377.0,True,0.0,False,True
4507001819_00050,2381.0,2381.0,2381.0,True,0.0,True,True
4507001819_00100,3897.0,3897.0,3897.0,True,0.0,True,True
4507001822_00020,952.0,952.0,952.0,True,0.0,True,True
4507001841_00010,13884.0,13884.0,13884.0,True,0.0,False,True
4507001842_00080,363.0,363.0,363.0,True,0.0,False,True
4507001842_00090,363.0,363.0,363.0,True,0.0,False,True
4507001873_00010,770.0,770.0,770.0,True,0.0,False,True
4507001873_00110,759.0,759.0,759.0,True,0.0,False,True
4507001873_00120,724.0,724.0,724.0,True,0.0,False,True
4507001873_00130,331.0,331.0,331.0,True,0.0,False,True
4507001904_00010,82.0,82.0,82.0,True,0.0,False,True
4507001904_00100,92.0,92.0,92.0,True,0.0,False,True
4507001904_00130,121.0,121.0,121.0,True,0.0,True,True
4507001904_00140,169.0,169.0,169.0,True,0.0,False,True
4507001949_00010,234.0,234.0,234.0,True,0.0,False,True
4507001968_00270,39.0,39.0,39.0,True,0.0,False,True
4507002008_00010,2032.0,2032.0,2032.0,True,0.0,True,True
4507002015_00010,199.0,199.0,199.0,True,0.0,False,False
4507002046_00010,838.0,838.0,838.0,True,0.0,False,True
4507002046_00020,211.0,211.0,211.0,True,0.0,False,True
4507002046_00070,130.0,130.0,130.0,True,0.0,False,True
4507002046_00150,3390.0,3390.0,3390.0,True,0.0,False,True
4507002046_00160,391.0,391.0,391.0,True,0.0,False,True
4507002079_00010,3138.0,3138.0,3138.0,True,0.0,False,True
4507002096_00010,199.0,199.0,199.0,True,0.0,False,False
4507002101_00010,74990.0,74990.0,74990.0,True,0.0,False,True
4507002102_00010,3923.0,3923.0,3923.0,True,0.0,False,True
4507002102_00020,3138.0,3138.0,3138.0,True,0.0,False,True
4507002109_00030,309.0,309.0,309.0,True,0.0,False,True
4507002109_00150,576.0,576.0,576.0,True,0.0,True,True
4507002109_00160,629.0,629.0,629.0,True,0.0,True,True
4507002116_00020,39386.0,39386.0,39386.0,True,0.0,False,True
4507002152_00010,34.0,34.0,34.0,True,0.0,False,False
4507002152_00040,3.0,3.0,3.0,True,0.0,False,False
4507002169_00010,797.0,797.0,797.0,True,0.0,False,True
4507002173_00010,34450.0,34450.0,34450.0,True,0.0,True,True
4507002175_00010,207.0,207.0,207.0,True,0.0,False,False
4507002179_00010,6957.0,6957.0,6957.0,True,0.0,False,True
4507002185_00030,3446.0,3446.0,3446.0,True,0.0,True,True
4507002185_00040,3446.0,3446.0,3446.0,True,0.0,True,True
4507002185_00050,3446.0,3446.0,3446.0,True,0.0,True,True
4507002185_00060,448.0,448.0,448.0,True,0.0,False,True
4507002201_00001,197.0,33128.0,394.0,False,32931.0,False,False
4507002233_00040,354.0,354.0,354.0,True,0.0,False,True
4507002233_00100,59.0,59.0,59.0,True,0.0,False,True
4507002234_00180,58.0,58.0,58.0,True,0.0,True,True
4507002234_00190,72.0,72.0,72.0,True,0.0,True,True
4507002255_00040,112.0,112.0,112.0,True,0.0,True,True
4507002271_00030,1136.0,1136.0,1136.0,True,0.0,True,True
4507002272_00010,29200.0,29200.0,29200.0,True,0.0,True,True
4507002281_00040,480.0,480.0,480.0,True,0.0,True,True
4507002315_00010,8625.0,8625.0,8625.0,True,0.0,False,True
4507002323_00100,63.0,63.0,63.0,True,0.0,False,True
4507002323_00110,315.0,315.0,315.0,True,0.0,False,True
4507002368_00010,23122.0,23122.0,23122.0,True,0.0,False,True
4507002488_00030,820.0,820.0,820.0,True,0.0,False,True
4507002488_00110,14.0,14.0,14.0,True,0.0,False,True
4507002494_00010,362.0,362.0,362.0,True,0.0,False,True
4507002494_00030,177.0,177.0,177.0,True,0.0,False,True
4507002494_00040,535.0,535.0,535.0,True,0.0,False,True
4507002495_00010,274.0,274.0,274.0,True,0.0,False,True
4507002495_00080,48.0,48.0,48.0,True,0.0,False,True
4507002512_00010,25.0,25.0,25.0,True,0.0,False,True
4507002512_00020,20.0,20.0,20.0,True,0.0,False,True
4507002535_00001,1428.0,1428.0,1428.0,True,0.0,False,True
4507002578_00010,907.0,907.0,907.0,True,0.0,False,True
4507002639_00020,713.0,713.0,713.0,True,0.0,True,True
4507002640_00010,656.0,656.0,656.0,True,0.0,True,True
4507002677_00020,955.0,955.0,955.0,True,0.0,False,True
4507002683_00010,1766.0,1766.0,1766.0,True,0.0,True,True
4507002692_00010,5617.0,5617.0,5617.0,True,0.0,True,True
4507002692_00030,1973.0,1973.0,1973.0,True,0.0,True,True
4507002702_00010,307.0,307.0,307.0,True,0.0,False,True
4507002703_00150,827.0,827.0,827.0,True,0.0,False,True
4507002703_00160,413.0,413.0,413.0,True,0.0,True,True
4507002703_00170,413.0,413.0,413.0,True,0.0,False,True
4507002703_00260,413.0,413.0,413.0,True,0.0,False,True
4507002707_00010,893.0,893.0,893.0,True,0.0,False,True
4507002707_00020,1342.0,1342.0,1342.0,True,0.0,False,True
4507002707_00030,89.0,89.0,89.0,True,0.0,False,True
4507002707_00040,89.0,89.0,89.0,True,0.0,False,True
4507002708_00010,1917.0,1917.0,1917.0,True,0.0,False,True
4507002731_00001,2.0,15.0,2.0,False,13.0,False,False
4507002765_00010,9924.0,9924.0,9924.0,True,0.0,False,True
4507002769_00090,83.0,83.0,83.0,True,0.0,False,True
4507002769_00100,33.0,33.0,33.0,True,0.0,False,True
4507002769_00110,83.0,83.0,83.0,True,0.0,False,True
4507002769_00120,449.0,449.0,449.0,True,0.0,False,True
4507002798_00010,1843.0,1843.0,1843.0,True,0.0,False,True
4507002798_00020,1699.0,1699.0,1699.0,True,0.0,False,True
4507002798_00030,3348.0,3348.0,3348.0,True,0.0,False,True
4507002798_00040,3425.0,3425.0,3425.0,True,0.0,True,True
4507002806_00040,732.0,732.0,732.0,True,0.0,False,True
4507002834_00040,914.0,914.0,914.0,True,0.0,True,True
4507002864_00030,697.0,697.0,697.0,True,0.0,False,True
4507002864_00070,260.0,260.0,260.0,True,0.0,False,True
4507002864_00080,361.0,361.0,361.0,True,0.0,False,True
4507002864_00090,130.0,130.0,130.0,True,0.0,False,True
4507002864_00100,130.0,130.0,130.0,True,0.0,False,True
4507002864_00110,1173.0,1173.0,1173.0,True,0.0,False,True
4507002864_00120,130.0,130.0,130.0,True,0.0,False,True
4507002864_00220,367.0,367.0,367.0,True,0.0,False,True
4507002864_00230,1043.0,1043.0,1043.0,True,0.0,False,True
4507002864_00240,391.0,391.0,391.0,True,0.0,False,True
4507002864_00250,130.0,130.0,130.0,True,0.0,False,True
4507002864_00260,241.0,241.0,241.0,True,0.0,False,True
4507002872_00020,469.0,469.0,469.0,True,0.0,False,True
4507002935_00010,2369.0,2369.0,2369.0,True,0.0,True,True
4507003016_00010,5731.0,5731.0,5731.0,True,0.0,False,True
4507003016_00020,3227.0,3227.0,3227.0,True,0.0,False,True
4507003016_00030,5541.0,5541.0,5541.0,True,0.0,False,True
4507003020_00001,415.0,2078.0,415.0,False,1663.0,False,True
4507003048_00001,277.0,60808.0,832.0,False,60531.0,False,False
4507003066_00110,122.0,122.0,122.0,True,0.0,False,True
4507003066_00130,148.0,148.0,148.0,True,0.0,False,True
4507003066_00150,354.0,354.0,354.0,True,0.0,False,True
4507003066_00160,118.0,118.0,118.0,True,0.0,False,True
4507003066_00230,39.0,39.0,39.0,True,0.0,False,True
4507003072_00380,50.0,50.0,50.0,True,0.0,False,True
4507003072_00400,109.0,109.0,109.0,True,0.0,False,True
4507003072_00470,62.0,62.0,62.0,True,0.0,False,True
4507003209_00010,138.0,138.0,138.0,True,0.0,True,True
4507003217_00010,1555.0,1555.0,1555.0,True,0.0,False,True
4507003217_00020,4301.0,4301.0,4301.0,True,0.0,True,True
4507003220_00010,291.0,291.0,291.0,True,0.0,True,True
4507003220_00020,1837.0,1837.0,1837.0,True,0.0,True,True
4507003223_00010,2390.0,2390.0,2390.0,True,0.0,False,True
4507003223_00020,2390.0,2390.0,2390.0,True,0.0,False,True
4507003224_00010,2395.0,2395.0,2395.0,True,0.0,True,True
4507003224_00020,5792.0,5792.0,5792.0,True,0.0,True,True
4507003224_00030,758.0,758.0,758.0,True,0.0,True,True
4507003224_00040,1281.0,1281.0,1281.0,True,0.0,True,True
4507003224_00050,67.0,67.0,67.0,True,0.0,False,True
4507003230_00010,3270.0,3270.0,3270.0,True,0.0,False,True
4507003243_00010,277.0,277.0,277.0,True,0.0,True,True
4507003243_00160,289.0,289.0,289.0,True,0.0,False,True
4507003243_00230,151.0,151.0,151.0,True,0.0,False,True
4507003267_00110,620.0,620.0,620.0,True,0.0,True,True
4507003267_00170,761.0,761.0,761.0,True,0.0,False,True
4507003267_00190,1511.0,1511.0,1511.0,True,0.0,True,True
4507003267_00200,848.0,848.0,848.0,True,0.0,False,True
4507003267_00210,692.0,692.0,692.0,True,0.0,True,True
4507003267_00260,807.0,807.0,807.0,True,0.0,True,True
4507003269_00010,536.0,536.0,536.0,True,0.0,False,True
4507003269_00020,357.0,357.0,357.0,True,0.0,True,True
4507003269_00030,446.0,446.0,446.0,True,0.0,False,True
4507003269_00040,536.0,536.0,536.0,True,0.0,False,True
4507003278_00030,4011.0,4011.0,4011.0,True,0.0,False,True
4507003278_00060,417.0,417.0,417.0,True,0.0,False,True
4507003278_00070,2240.0,2240.0,2240.0,True,0.0,False,True
4507003286_00110,2753.0,2753.0,2753.0,True,0.0,True,True
4507003288_00020,1454.0,1454.0,1454.0,True,0.0,False,True
4507003288_00030,1454.0,1454.0,1454.0,True,0.0,False,True
4507003297_00010,29979.0,29979.0,29979.0,True,0.0,True,True
4507003300_00010,35832.0,35832.0,35832.0,True,0.0,False,True
4507003313_00020,6796.0,6796.0,6796.0,True,0.0,False,True
4507003316_00010,1037.0,1037.0,1037.0,True,0.0,False,False
4507003323_00010,38160.0,38160.0,38160.0,True,0.0,True,True
4507003333_00010,35578.0,35578.0,35578.0,True,0.0,True,True
4507003334_00010,48054.0,48054.0,48054.0,True,0.0,False,True
4507003335_00010,48054.0,48054.0,48054.0,True,0.0,True,True
4507003336_00010,48054.0,48054.0,48054.0,True,0.0,False,True
4507003339_00010,37169.0,37169.0,37169.0,True,0.0,True,True
4507003340_00010,19398.0,19398.0,19398.0,True,0.0,True,True
4507003341_00010,14549.0,14549.0,14549.0,True,0.0,True,True
4507003366_00080,25.0,25.0,25.0,True,0.0,False,True
4507003366_00090,24.0,24.0,24.0,True,0.0,False,True
4507003366_00100,48.0,48.0,48.0,True,0.0,False,True
4507003374_00130,1785.0,1785.0,1785.0,True,0.0,True,True
4507003374_00190,1079.0,1079.0,1079.0,True,0.0,True,True
4507003428_00010,39.0,39.0,39.0,True,0.0,False,False
4507003454_00020,4330.0,4330.0,4330.0,True,0.0,False,True
4507003458_00010,3227.0,3227.0,3227.0,True,0.0,False,True
4507003461_00010,9266.0,9266.0,9266.0,True,0.0,False,True
4507003529_00020,3290.0,3290.0,3290.0,True,0.0,False,True
4507003563_00060,241.0,241.0,241.0,True,0.0,False,True
4507003563_00080,178.0,178.0,178.0,True,0.0,False,True
4507003563_00090,260.0,260.0,260.0,True,0.0,False,True
4507003582_00010,382.0,382.0,382.0,True,0.0,False,True
4507003586_00020,6096.0,6096.0,6096.0,True,0.0,False,True
4507003594_00020,2271.0,2271.0,2271.0,True,0.0,False,True
4507003598_00010,3138.0,3138.0,3138.0,True,0.0,False,True
4507003600_00010,6001.0,6001.0,6001.0,True,0.0,False,True
4507003618_00020,8157.0,8157.0,8157.0,True,0.0,False,True
4507003618_00030,4503.0,4503.0,4503.0,True,0.0,False,True
4507003619_00010,207.0,207.0,207.0,True,0.0,False,False
4507003619_00020,207.0,207.0,207.0,True,0.0,False,False
4507003620_00020,536.0,536.0,536.0,True,0.0,False,True
4507003620_00030,804.0,804.0,804.0,True,0.0,False,True
4507003620_00040,804.0,804.0,804.0,True,0.0,False,True
4507003620_00050,474.0,474.0,474.0,True,0.0,True,True
4507003620_00060,831.0,831.0,831.0,True,0.0,True,True
4507003620_00070,823.0,823.0,823.0,True,0.0,True,True
4507003620_00080,836.0,836.0,836.0,True,0.0,True,True
4507003620_00090,804.0,804.0,804.0,True,0.0,False,True
4507003620_00100,804.0,804.0,804.0,True,0.0,False,True
4507003620_00110,804.0,804.0,804.0,True,0.0,False,True
4507003620_00120,804.0,804.0,804.0,True,0.0,False,True
4507003620_00130,1340.0,1340.0,1340.0,True,0.0,False,True
4507003620_00150,1340.0,1340.0,1340.0,True,0.0,False,True
4507003620_00160,1361.0,1361.0,1361.0,True,0.0,True,True
4507003628_00001,258.0,61870.0,776.0,False,61612.0,False,False
4507003674_00020,126.0,126.0,126.0,True,0.0,False,True
4507003674_00030,59.0,59.0,59.0,True,0.0,False,True
4507003674_00040,59.0,59.0,59.0,True,0.0,False,True
4507003678_00010,199.0,199.0,199.0,True,0.0,False,False
4507003694_00010,1715.0,1715.0,1715.0,True,0.0,False,True
4507003694_00020,1339.0,1339.0,1339.0,True,0.0,False,True
4507003694_00030,252.0,252.0,252.0,True,0.0,False,True
4507003698_00030,435.0,435.0,435.0,True,0.0,False,True
4507003705_00010,246.0,246.0,246.0,True,0.0,False,True
4507003708_00020,417.0,417.0,417.0,True,0.0,True,True
4507003708_00030,638.0,638.0,638.0,True,0.0,True,True
4507003709_00030,4506.0,4506.0,4506.0,True,0.0,False,False
4507003713_00010,19.0,19.0,19.0,True,0.0,False,False
4507003738_00001,744.0,41707.0,744.0,False,40963.0,False,True
4507003743_00010,33774.0,33774.0,33774.0,True,0.0,False,True
4507003820_00010,138.0,138.0,138.0,True,0.0,True,True
4507003820_00020,138.0,138.0,138.0,True,0.0,True,True
4507003840_00010,6599.0,6599.0,6599.0,True,0.0,False,True
4507003849_00010,138.0,138.0,138.0,True,0.0,False,True
4507003849_00020,138.0,138.0,138.0,True,0.0,False,True
4507003864_00010,96.0,96.0,96.0,True,0.0,False,True
4507003912_00010,3.0,3.0,3.0,True,0.0,False,False
4507003918_00020,34.0,34.0,34.0,True,0.0,False,False
4507003919_00010,39.0,39.0,39.0,True,0.0,False,False
4507003919_00030,34.0,34.0,34.0,True,0.0,False,False
4507003919_00040,6.0,6.0,6.0,True,0.0,False,False
4507003923_00010,138.0,138.0,138.0,True,0.0,False,True
4507003935_00010,6287.0,6287.0,6287.0,True,0.0,True,True
4507003936_00010,6549.0,6549.0,6549.0,True,0.0,True,True
4507003937_00010,8706.0,8706.0,8706.0,True,0.0,True,True
4507003938_00010,4063.0,4063.0,4063.0,True,0.0,True,True
4507003938_00020,1071.0,1071.0,1071.0,True,0.0,False,True
4507003939_00010,3950.0,3950.0,3950.0,True,0.0,True,True
4507003940_00010,11318.0,11318.0,11318.0,True,0.0,True,True
4507003941_00010,9119.0,9119.0,9119.0,True,0.0,False,True
4507003942_00010,9872.0,9872.0,9872.0,True,0.0,True,True
4507003943_00010,7046.0,7046.0,7046.0,True,0.0,True,True
4507003944_00010,14511.0,14511.0,14511.0,True,0.0,True,True
4507003949_00001,118.0,118.0,118.0,True,0.0,True,True
4507003950_00001,78.0,78.0,78.0,True,0.0,False,True
4507003965_00040,2237.0,2237.0,2237.0,True,0.0,True,True
4507003965_00060,1823.0,1823.0,1823.0,True,0.0,True,True
4507003965_00240,311.0,311.0,311.0,True,0.0,True,True
4507003965_00270,249.0,249.0,249.0,True,0.0,True,True
4507003981_00210,92.0,92.0,92.0,True,0.0,True,True
4507003981_00220,257.0,257.0,257.0,True,0.0,True,True
4507003981_00230,46.0,46.0,46.0,True,0.0,True,True
4507003981_00250,20.0,20.0,20.0,True,0.0,True,True
4507003990_00010,2042.0,2042.0,2042.0,True,0.0,False,True
4507004056_00010,6237.0,6237.0,6237.0,True,0.0,False,True
4507004066_00010,24908.0,24908.0,24908.0,True,0.0,True,True
4507004075_00030,367.0,367.0,367.0,True,0.0,False,True
4507004075_00040,290.0,290.0,290.0,True,0.0,False,True
4507004075_00090,240.0,240.0,240.0,True,0.0,False,True
4507004075_00100,179.0,179.0,179.0,True,0.0,False,True
4507004075_00110,221.0,221.0,221.0,True,0.0,False,True
4507004075_00120,221.0,221.0,221.0,True,0.0,False,True
4507004075_00130,361.0,361.0,361.0,True,0.0,False,True
4507004075_00140,221.0,221.0,221.0,True,0.0,False,True
4507004075_00160,211.0,211.0,211.0,True,0.0,False,True
4507004117_00070,1496.0,1496.0,1496.0,True,0.0,True,True
4507004161_00020,400.0,400.0,400.0,True,0.0,False,True
4507004188_00020,939.0,939.0,939.0,True,0.0,True,True
4507004188_00030,930.0,930.0,930.0,True,0.0,False,True
4507004188_00060,945.0,945.0,945.0,True,0.0,True,True
4507004188_00070,945.0,945.0,945.0,True,0.0,True,True
4507004188_00080,957.0,957.0,957.0,True,0.0,True,True
4507004188_00090,930.0,930.0,930.0,True,0.0,False,True
4507004188_00100,957.0,957.0,957.0,True,0.0,True,True
4507004188_00110,948.0,948.0,948.0,True,0.0,True,True
4507004188_00120,957.0,957.0,957.0,True,0.0,True,True
4507004188_00130,957.0,957.0,957.0,True,0.0,True,True
4507004188_00140,930.0,930.0,930.0,True,0.0,False,True
4507004191_00020,1047.0,1047.0,1047.0,True,0.0,False,True
4507004196_00010,63.0,63.0,63.0,True,0.0,True,True
4507004196_00020,63.0,63.0,63.0,True,0.0,True,True
4507004196_00030,47.0,47.0,47.0,True,0.0,True,True
4507004196_00040,63.0,63.0,63.0,True,0.0,True,True
4507004196_00050,63.0,63.0,63.0,True,0.0,True,True
4507004196_00060,47.0,47.0,47.0,True,0.0,True,True
4507004196_00070,63.0,63.0,63.0,True,0.0,True,True
4507004196_00080,63.0,63.0,63.0,True,0.0,True,True
4507004196_00090,63.0,63.0,63.0,True,0.0,True,True
4507004196_00100,63.0,63.0,63.0,True,0.0,True,True
4507004196_00110,63.0,63.0,63.0,True,0.0,True,True
4507004196_00120,47.0,47.0,47.0,True,0.0,True,True
4507004196_00130,47.0,47.0,47.0,True,0.0,True,True
4507004196_00140,47.0,47.0,47.0,True,0.0,True,True
4507004196_00150,47.0,47.0,47.0,True,0.0,True,True
4507004196_00160,63.0,63.0,63.0,True,0.0,True,True
4507004196_00170,63.0,63.0,63.0,True,0.0,True,True
4507004196_00180,63.0,63.0,63.0,True,0.0,True,True
4507004196_00190,63.0,63.0,63.0,True,0.0,True,True
4507004196_00200,63.0,63.0,63.0,True,0.0,True,True
4507004196_00210,63.0,63.0,63.0,True,0.0,True,True
4507004196_00220,63.0,63.0,63.0,True,0.0,True,True
4507004196_00230,63.0,63.0,63.0,True,0.0,True,True
4507004196_00240,63.0,63.0,63.0,True,0.0,True,True
4507004196_00250,50.0,50.0,50.0,True,0.0,True,True
4507004196_00260,50.0,50.0,50.0,True,0.0,True,True
4507004196_00270,50.0,50.0,50.0,True,0.0,True,True
4507004196_00280,63.0,63.0,63.0,True,0.0,True,True
4507004196_00290,63.0,63.0,63.0,True,0.0,True,True
4507004196_00300,63.0,63.0,63.0,True,0.0,True,True
4507004196_00310,63.0,63.0,63.0,True,0.0,True,True
4507004196_00320,63.0,63.0,63.0,True,0.0,True,True
4507004196_00330,63.0,63.0,63.0,True,0.0,True,True
4507004196_00350,63.0,63.0,63.0,True,0.0,True,True
4507004196_00360,63.0,63.0,63.0,True,0.0,True,True
4507004196_00370,234.0,234.0,234.0,True,0.0,True,True
4507004196_00380,234.0,234.0,234.0,True,0.0,True,True
4507004196_00390,234.0,234.0,234.0,True,0.0,True,True
4507004196_00400,234.0,234.0,234.0,True,0.0,True,True
4507004196_00410,234.0,234.0,234.0,True,0.0,True,True
4507004196_00420,234.0,234.0,234.0,True,0.0,True,True
4507004196_00430,234.0,234.0,234.0,True,0.0,True,True
4507004196_00440,234.0,234.0,234.0,True,0.0,True,True
4507004196_00450,234.0,234.0,234.0,True,0.0,True,True
4507004196_00460,234.0,234.0,234.0,True,0.0,True,True
4507004196_00470,234.0,234.0,234.0,True,0.0,True,True
4507004196_00480,234.0,234.0,234.0,True,0.0,True,True
4507004196_00490,234.0,234.0,234.0,True,0.0,True,True
4507004196_00500,234.0,234.0,234.0,True,0.0,True,True
4507004196_00510,234.0,234.0,234.0,True,0.0,True,True
4507004196_00520,234.0,234.0,234.0,True,0.0,True,True
4507004196_00530,234.0,234.0,234.0,True,0.0,True,True
4507004196_00540,234.0,234.0,234.0,True,0.0,True,True
4507004196_00550,234.0,234.0,234.0,True,0.0,True,True
4507004196_00560,234.0,234.0,234.0,True,0.0,True,True
4507004196_00570,234.0,234.0,234.0,True,0.0,True,True
4507004196_00580,234.0,234.0,234.0,True,0.0,True,True
4507004196_00590,63.0,63.0,63.0,True,0.0,True,True
4507004196_00600,127.0,127.0,127.0,True,0.0,True,True
4507004196_00610,127.0,127.0,127.0,True,0.0,True,True
4507004196_00620,63.0,63.0,63.0,True,0.0,True,True
4507004196_00630,127.0,127.0,127.0,True,0.0,True,True
4507004196_00640,127.0,127.0,127.0,True,0.0,True,True
4507004196_00650,127.0,127.0,127.0,True,0.0,True,True
4507004196_00660,127.0,127.0,127.0,True,0.0,True,True
4507004196_00670,63.0,63.0,63.0,True,0.0,True,True
4507004196_00680,63.0,63.0,63.0,True,0.0,False,True
4507004196_00690,63.0,63.0,63.0,True,0.0,False,True
4507004196_00700,63.0,63.0,63.0,True,0.0,True,True
4507004196_00710,63.0,63.0,63.0,True,0.0,False,True
4507004196_00720,63.0,63.0,63.0,True,0.0,False,True
4507004196_00730,63.0,63.0,63.0,True,0.0,False,True
4507004196_00740,63.0,63.0,63.0,True,0.0,False,True
4507004196_00750,63.0,63.0,63.0,True,0.0,False,True
4507004196_00760,63.0,63.0,63.0,True,0.0,False,True
4507004196_00770,63.0,63.0,63.0,True,0.0,True,True
4507004196_00780,63.0,63.0,63.0,True,0.0,False,True
4507004196_00790,63.0,63.0,63.0,True,0.0,False,True
4507004196_00800,63.0,63.0,63.0,True,0.0,True,True
4507004206_00010,5497.0,5497.0,5497.0,True,0.0,True,True
4507004206_00020,1361.0,1361.0,1361.0,True,0.0,True,True
4507004209_00010,2214.0,2214.0,2214.0,True,0.0,True,True
4507004209_00020,291.0,291.0,291.0,True,0.0,True,True
4507004211_00010,3002.0,3002.0,3002.0,True,0.0,True,True
4507004211_00020,640.0,640.0,640.0,True,0.0,True,True
4507004211_00030,1388.0,1388.0,1388.0,True,0.0,True,True
4507004211_00040,1443.0,1443.0,1443.0,True,0.0,True,True
4507004211_00050,850.0,850.0,850.0,True,0.0,True,True
4507004224_00010,138.0,138.0,138.0,True,0.0,False,True
4507004224_00040,138.0,138.0,138.0,True,0.0,False,True
4507004224_00060,69.0,69.0,69.0,True,0.0,False,True
4507004224_00090,276.0,276.0,276.0,True,0.0,False,True
4507004224_00100,276.0,276.0,276.0,True,0.0,False,True
4507004224_00110,630.0,630.0,630.0,True,0.0,False,True
4507004224_00120,276.0,276.0,276.0,True,0.0,False,True
4507004224_00130,138.0,138.0,138.0,True,0.0,False,True
4507004224_00180,356.0,356.0,356.0,True,0.0,False,True
4507004224_00190,676.0,676.0,676.0,True,0.0,True,True
4507004224_00470,522.0,522.0,522.0,True,0.0,False,False
4507004226_00080,1773.0,1773.0,1773.0,True,0.0,True,True
4507004290_00020,3273.0,3273.0,3273.0,True,0.0,True,True
4507004290_00030,9872.0,9872.0,9872.0,True,0.0,True,True
4507004299_00010,30.0,30.0,30.0,True,0.0,True,True
4507004299_00020,72.0,72.0,72.0,True,0.0,True,True
4507004299_00030,121.0,121.0,121.0,True,0.0,True,True
4507004299_00040,121.0,121.0,121.0,True,0.0,True,True
4507004299_00050,231.0,231.0,231.0,True,0.0,True,True
4507004303_00020,1713.0,1713.0,1713.0,True,0.0,False,True
4507004306_00020,56.0,56.0,56.0,True,0.0,False,True
4507004347_00010,4081.0,4081.0,4081.0,True,0.0,False,True
4507004347_00020,343.0,343.0,343.0,True,0.0,False,True
4507004347_00030,893.0,893.0,893.0,True,0.0,False,True
4507004347_00040,580.0,580.0,580.0,True,0.0,False,True
4507004348_00010,1730.0,1730.0,1730.0,True,0.0,False,True
4507004348_00020,2307.0,2307.0,2307.0,True,0.0,False,True
4507004348_00040,826.0,826.0,826.0,True,0.0,False,True
4507004348_00060,3404.0,3404.0,3404.0,True,0.0,False,True
4507004348_00070,576.0,576.0,576.0,True,0.0,False,True
4507004348_00080,680.0,680.0,680.0,True,0.0,False,True
4507004348_00090,680.0,680.0,680.0,True,0.0,False,True
4507004348_00100,1039.0,1039.0,1039.0,True,0.0,True,True
4507004365_00010,9663.0,9663.0,9663.0,True,0.0,True,True
4507004369_00010,9259.0,9259.0,9259.0,True,0.0,True,True
4507004375_00020,6495.0,6495.0,6495.0,True,0.0,False,True
4507004387_00010,16170.0,16170.0,16170.0,True,0.0,True,True
4507004388_00020,2632.0,2632.0,2632.0,True,0.0,False,True
4507004413_00040,2274.0,2274.0,2274.0,True,0.0,True,True
4507004413_00110,9806.0,9806.0,9806.0,True,0.0,False,True
4507004413_00190,835.0,835.0,835.0,True,0.0,True,True
4507004413_00200,2410.0,2410.0,2410.0,True,0.0,False,True
4507004423_00010,2334.0,2334.0,2334.0,True,0.0,True,True
4507004444_00020,188.0,188.0,188.0,True,0.0,True,True
4507004453_00030,99.0,99.0,99.0,True,0.0,False,False
4507004453_00040,9.0,9.0,9.0,True,0.0,False,False
4507004574_00010,23122.0,23122.0,23122.0,True,0.0,False,True
4507004578_00001,478.0,166104.0,1914.0,False,165626.0,False,False
4507004580_00001,1182.0,1182.0,1182.0,True,0.0,False,True
4507004609_00030,109.0,109.0,109.0,True,0.0,False,False
4507004610_00090,122.0,122.0,122.0,True,0.0,False,True
4507004610_00100,122.0,122.0,122.0,True,0.0,False,True
4507004610_00110,190.0,190.0,190.0,True,0.0,True,True
4507004610_00130,63.0,63.0,63.0,True,0.0,False,True
4507004610_00140,59.0,59.0,59.0,True,0.0,False,True
4507004610_00150,59.0,59.0,59.0,True,0.0,False,True
4507004610_00160,59.0,59.0,59.0,True,0.0,False,True
4507004610_00190,118.0,118.0,118.0,True,0.0,False,True
4507004611_00320,26.0,26.0,26.0,True,0.0,False,True
4507004611_00360,58.0,58.0,58.0,True,0.0,False,True
4507004611_00410,178.0,178.0,178.0,True,0.0,False,True
4507004637_00140,392.0,392.0,392.0,True,0.0,False,True
4507004720_00010,1652.0,1652.0,1652.0,True,0.0,False,True
4507004736_00010,571.0,571.0,571.0,True,0.0,True,True
4507004736_00020,1399.0,1399.0,1399.0,True,0.0,False,True
4507004794_00020,1645.0,1645.0,1645.0,True,0.0,False,True
4507004826_00010,213.0,213.0,213.0,True,0.0,False,True
4507004830_00010,7803.0,7803.0,7803.0,True,0.0,True,True
4507004830_00020,3998.0,3998.0,3998.0,True,0.0,False,True
4507004837_00010,7231.0,7231.0,7231.0,True,0.0,False,True
4507004845_00010,9.0,9.0,9.0,True,0.0,False,False
4507004848_00010,138.0,138.0,138.0,True,0.0,False,True
4507004850_00130,3169.0,3169.0,3169.0,True,0.0,True,True
4507004868_00040,651.0,651.0,651.0,True,0.0,False,True
4507004875_00010,103923.0,103923.0,103923.0,True,0.0,True,False
4507004904_00001,158.0,317.0,158.0,False,159.0,True,True
4507004944_00020,272.0,272.0,272.0,True,0.0,False,True
4507004946_00060,210.0,210.0,210.0,True,0.0,False,True
4507004946_00070,75.0,75.0,75.0,True,0.0,False,True
4507004946_00080,240.0,240.0,240.0,True,0.0,False,True
4507004946_00100,102.0,102.0,102.0,True,0.0,False,True
4507004946_00110,47.0,47.0,47.0,True,0.0,False,True
4507004946_00120,41.0,41.0,41.0,True,0.0,False,True
4507004946_00200,45.0,45.0,45.0,True,0.0,False,True
4507004946_00220,50.0,50.0,50.0,True,0.0,False,True
4507004946_00230,50.0,50.0,50.0,True,0.0,False,True
4507004946_00240,363.0,363.0,363.0,True,0.0,False,True
4507005055_00010,199.0,199.0,199.0,True,0.0,False,False
4507005067_00010,14232.0,14232.0,14232.0,True,0.0,False,True
4507005086_00010,82.0,82.0,82.0,True,0.0,True,True
4507005105_00010,16170.0,16170.0,16170.0,True,0.0,True,True
4507005107_00020,15332.0,15332.0,15332.0,True,0.0,True,True
4507005119_00010,939.0,939.0,939.0,True,0.0,False,True
4507005119_00020,1177.0,1177.0,1177.0,True,0.0,False,True
4507005119_00030,406.0,406.0,406.0,True,0.0,False,True
4507005119_00040,743.0,743.0,743.0,True,0.0,False,True
4507005119_00050,255.0,255.0,255.0,True,0.0,False,True
4507005119_00060,218.0,218.0,218.0,True,0.0,False,True
4507005119_00070,229.0,229.0,229.0,True,0.0,False,True
4507005152_00010,127.0,127.0,127.0,True,0.0,False,True
4507005152_00020,127.0,127.0,127.0,True,0.0,False,True
4507005152_00040,95.0,95.0,95.0,True,0.0,False,True
4507005152_00050,95.0,95.0,95.0,True,0.0,False,True
4507005152_00060,95.0,95.0,95.0,True,0.0,False,True
4507005152_00070,95.0,95.0,95.0,True,0.0,False,True
4507005152_00080,95.0,95.0,95.0,True,0.0,False,True
4507005152_00090,95.0,95.0,95.0,True,0.0,False,True
4507005152_00100,63.0,63.0,63.0,True,0.0,False,True
4507005152_00110,63.0,63.0,63.0,True,0.0,False,True
4507005152_00120,63.0,63.0,63.0,True,0.0,False,True
4507005152_00130,63.0,63.0,63.0,True,0.0,False,True
4507005152_00140,63.0,63.0,63.0,True,0.0,False,True
4507005152_00150,63.0,63.0,63.0,True,0.0,False,True
4507005152_00160,63.0,63.0,63.0,True,0.0,False,True
4507005152_00170,63.0,63.0,63.0,True,0.0,False,True
4507005157_00050,36800.0,36800.0,36800.0,True,0.0,True,True
4507005228_00010,230.0,230.0,230.0,True,0.0,False,True
4507005228_00020,397.0,397.0,397.0,True,0.0,False,True
4507005228_00030,119.0,119.0,119.0,True,0.0,False,True
4507005228_00040,95.0,95.0,95.0,True,0.0,False,True
4507005244_00070,198.0,198.0,198.0,True,0.0,False,True
4507005259_00040,3755.0,3755.0,3755.0,True,0.0,False,True
4507005264_00030,2278.0,2278.0,2278.0,True,0.0,True,True
4507005276_00180,236.0,236.0,236.0,True,0.0,True,True
4507005279_00010,3403.0,3403.0,3403.0,True,0.0,False,True
4507005279_00020,285.0,285.0,285.0,True,0.0,False,True
4507005299_00150,3864.0,3864.0,3864.0,True,0.0,True,True
4507005315_00010,69.0,69.0,69.0,True,0.0,False,True
4507005340_00010,35832.0,35832.0,35832.0,True,0.0,False,True
4507005351_00010,38160.0,38160.0,38160.0,True,0.0,False,True
4507005352_00010,38033.0,38033.0,38033.0,True,0.0,True,True
4507005361_00010,1265.0,1265.0,1265.0,True,0.0,True,True
4507005361_00020,266.0,266.0,266.0,True,0.0,True,True
4507005362_00020,314.0,314.0,314.0,True,0.0,True,True
4507005362_00030,1594.0,1594.0,1594.0,True,0.0,True,True
4507005362_00050,6.0,6.0,6.0,True,0.0,True,True
4507005363_00010,502.0,502.0,502.0,True,0.0,True,True
4507005363_00020,2172.0,2172.0,2172.0,True,0.0,True,True
4507005363_00030,640.0,640.0,640.0,True,0.0,True,True
4507005378_00010,35578.0,35578.0,35578.0,True,0.0,True,True
4507005382_00010,420.0,420.0,420.0,True,0.0,False,True
4507005382_00020,1823.0,1823.0,1823.0,True,0.0,False,True
4507005382_00030,552.0,552.0,552.0,True,0.0,True,True
4507005382_00040,1481.0,1481.0,1481.0,True,0.0,True,True
4507005382_00050,657.0,657.0,657.0,True,0.0,True,True
4507005382_00060,1937.0,1937.0,1937.0,True,0.0,True,True
4507005382_00070,2185.0,2185.0,2185.0,True,0.0,False,True
4507005383_00030,17.0,17.0,17.0,True,0.0,False,False
4507005383_00040,34.0,34.0,34.0,True,0.0,False,False
4507005392_00010,39964.0,39964.0,39964.0,True,0.0,True,True
4507005393_00010,251.0,251.0,251.0,True,0.0,False,True
4507005394_00010,48054.0,48054.0,48054.0,True,0.0,True,True
4507005396_00010,43849.0,43849.0,43849.0,True,0.0,True,True
4507005397_00010,41806.0,41806.0,41806.0,True,0.0,True,True
4507005403_00010,2701.0,2701.0,2701.0,True,0.0,True,True
4507005403_00020,9256.0,9256.0,9256.0,True,0.0,False,True
4507005409_00010,37169.0,37169.0,37169.0,True,0.0,True,True
4507005429_00010,3593.0,3593.0,3593.0,True,0.0,False,True
4507005458_00010,188.0,188.0,188.0,True,0.0,False,True
4507005472_00010,362.0,362.0,362.0,True,0.0,True,True
4507005472_00140,413.0,413.0,413.0,True,0.0,False,True
4507005472_00150,413.0,413.0,413.0,True,0.0,False,True
4507005472_00210,290.0,290.0,290.0,True,0.0,False,True
4507005472_00260,413.0,413.0,413.0,True,0.0,False,True
4507005472_00280,504.0,504.0,504.0,True,0.0,True,True
4507005472_00300,207.0,207.0,207.0,True,0.0,False,True
4507005480_00010,3547.0,3547.0,3547.0,True,0.0,False,True
4507005480_00020,1296.0,1296.0,1296.0,True,0.0,True,True
4507005489_00010,446.0,446.0,446.0,True,0.0,False,True
4507005489_00020,536.0,536.0,536.0,True,0.0,False,True
4507005489_00030,267.0,267.0,267.0,True,0.0,False,True
4507005489_00040,268.0,268.0,268.0,True,0.0,False,True
4507005494_00030,3120.0,3120.0,3120.0,True,0.0,True,True
4507005494_00060,638.0,638.0,638.0,True,0.0,True,True
4507005497_00010,2095.0,2095.0,2095.0,True,0.0,False,True
4507005530_00010,449.0,449.0,449.0,True,0.0,False,True
4507005530_00020,449.0,449.0,449.0,True,0.0,False,True
4507005530_00170,75.0,75.0,75.0,True,0.0,False,True
4507005530_00180,240.0,240.0,240.0,True,0.0,False,True
4507005554_00010,14.0,14.0,14.0,True,0.0,False,True
4507005554_00040,142.0,142.0,142.0,True,0.0,False,True
4507005554_00050,341.0,341.0,341.0,True,0.0,False,True
4507005554_00060,256.0,256.0,256.0,True,0.0,False,True
4507005594_00010,770.0,770.0,770.0,True,0.0,False,True
4507005594_00020,150.0,150.0,150.0,True,0.0,False,True
4507005594_00030,150.0,150.0,150.0,True,0.0,False,True
4507005594_00040,150.0,150.0,150.0,True,0.0,False,True
4507005594_00050,181.0,181.0,181.0,True,0.0,False,True
4507005601_00020,1202.0,1202.0,1202.0,True,0.0,False,True
4507005610_00010,22696.0,22696.0,22696.0,True,0.0,True,True
4507005612_00010,25461.0,25461.0,25461.0,True,0.0,False,True
4507005613_00010,23933.0,23933.0,23933.0,True,0.0,True,True
4507005614_00010,25461.0,25461.0,25461.0,True,0.0,False,True
4507005653_00010,12583.0,12583.0,12583.0,True,0.0,False,True
4507005673_00010,7754.0,7754.0,7754.0,True,0.0,False,True
4507005703_00010,8868.0,8868.0,8868.0,True,0.0,False,True
4507005708_00010,891.0,891.0,891.0,True,0.0,True,True
4507005717_00010,1950.0,1950.0,1950.0,True,0.0,False,True
4507005728_00010,79096.0,79096.0,79096.0,True,0.0,False,True
4507005755_00020,252.0,252.0,252.0,True,0.0,False,True
4507005755_00030,415.0,415.0,415.0,True,0.0,False,True
4507005755_00180,179.0,179.0,179.0,True,0.0,False,True
4507005755_00190,179.0,179.0,179.0,True,0.0,False,True
4507005791_00001,19.0,38.0,19.0,False,19.0,False,True
4507005817_00020,272.0,272.0,272.0,True,0.0,False,True
4507005821_00010,99.0,99.0,99.0,True,0.0,False,False
4507005844_00010,5562.0,5562.0,5562.0,True,0.0,False,True
4507005844_00020,6850.0,6850.0,6850.0,True,0.0,False,True
4507005845_00010,452.0,452.0,452.0,True,0.0,False,True
4507005845_00020,438.0,438.0,438.0,True,0.0,False,True
4507005845_00030,390.0,390.0,390.0,True,0.0,False,False
4507005861_00030,375.0,375.0,375.0,True,0.0,False,True
4507005863_00030,27.0,27.0,27.0,True,0.0,True,True
4507005866_00010,28425.0,28425.0,28425.0,True,0.0,True,True
4507005905_00080,4458.0,4458.0,4458.0,True,0.0,True,True
4507005909_00010,3923.0,3923.0,3923.0,True,0.0,True,True
4507006002_00010,837.0,837.0,837.0,True,0.0,False,True
4507006008_00020,1976.0,1976.0,1976.0,True,0.0,True,True
4507006012_00020,834.0,834.0,834.0,True,0.0,False,True
4507006018_00030,531.0,531.0,531.0,True,0.0,True,True
4507006018_00040,779.0,779.0,779.0,True,0.0,True,True
4507006025_00010,95.0,95.0,95.0,True,0.0,False,True
4507006052_00010,1702.0,1702.0,1702.0,True,0.0,True,True
4507006052_00020,2439.0,2439.0,2439.0,True,0.0,True,True
4507006052_00030,256.0,256.0,256.0,True,0.0,True,True
4507006055_00010,740.0,740.0,740.0,True,0.0,True,True
4507006055_00020,758.0,758.0,758.0,True,0.0,True,True
4507006055_00030,828.0,828.0,828.0,True,0.0,True,True
4507006055_00040,2896.0,2896.0,2896.0,True,0.0,True,True
4507006055_00050,721.0,721.0,721.0,True,0.0,True,True
4507006055_00060,372.0,372.0,372.0,True,0.0,True,True
4507006055_00070,359.0,359.0,359.0,True,0.0,True,True
4507006061_00020,34.0,34.0,34.0,True,0.0,False,False
4507006063_00030,103.0,103.0,103.0,True,0.0,False,False
4507006063_00040,3.0,3.0,3.0,True,0.0,False,False
4507006074_00010,414.0,414.0,414.0,True,0.0,True,True
4507006074_00020,138.0,138.0,138.0,True,0.0,True,True
4507006074_00030,207.0,207.0,207.0,True,0.0,True,True
4507006074_00040,138.0,138.0,138.0,True,0.0,False,True
4507006074_00050,69.0,69.0,69.0,True,0.0,True,True
4507006074_00060,138.0,138.0,138.0,True,0.0,True,True
4507006074_00070,138.0,138.0,138.0,True,0.0,True,True
4507006074_00080,138.0,138.0,138.0,True,0.0,True,True
4507006074_00090,69.0,69.0,69.0,True,0.0,True,True
4507006074_00100,207.0,207.0,207.0,True,0.0,False,True
4507006074_00110,302.0,302.0,302.0,True,0.0,False,True
4507006074_00120,331.0,331.0,331.0,True,0.0,True,True
4507006074_00130,676.0,676.0,676.0,True,0.0,False,True
4507006074_00190,258.0,258.0,258.0,True,0.0,True,True
4507006074_00500,95.0,95.0,95.0,True,0.0,False,True
4507006074_00510,15.0,15.0,15.0,True,0.0,False,True
4507006074_00530,69.0,69.0,69.0,True,0.0,False,True
4507006074_00540,69.0,69.0,69.0,True,0.0,False,True
4507006099_00090,638.0,638.0,638.0,True,0.0,True,True
4507006099_00100,891.0,891.0,891.0,True,0.0,True,True
4507006099_00150,602.0,602.0,602.0,True,0.0,True,True
4507006099_00180,417.0,417.0,417.0,True,0.0,True,True
4507006141_00030,338.0,338.0,338.0,True,0.0,True,True
4507006141_00040,175.0,175.0,175.0,True,0.0,False,True
4507006141_00050,116.0,116.0,116.0,True,0.0,False,True
4507006141_00060,27.0,27.0,27.0,True,0.0,False,True
4507006141_00070,157.0,157.0,157.0,True,0.0,False,True
4507006141_00080,291.0,291.0,291.0,True,0.0,False,True
4507006141_00170,118.0,118.0,118.0,True,0.0,False,True
4507006141_00200,275.0,275.0,275.0,True,0.0,False,True
4507006141_00210,157.0,157.0,157.0,True,0.0,False,True
4507006141_00220,118.0,118.0,118.0,True,0.0,False,True
4507006141_00230,59.0,59.0,59.0,True,0.0,False,True
4507006148_00030,535.0,535.0,535.0,True,0.0,False,True
4507006159_00010,39.0,39.0,39.0,True,0.0,False,False
4507006168_00010,16004.0,16004.0,16004.0,True,0.0,True,True
4507006168_00020,12782.0,12782.0,12782.0,True,0.0,False,True
4507006189_00020,50.0,50.0,50.0,True,0.0,False,True
4507006189_00050,107.0,107.0,107.0,True,0.0,False,True
4507006189_00260,72.0,72.0,72.0,True,0.0,False,True
4507006189_00310,125.0,125.0,125.0,True,0.0,False,True
4507006189_00320,20.0,20.0,20.0,True,0.0,False,True
4507006189_00330,89.0,89.0,89.0,True,0.0,False,True
4507006240_00010,680.0,680.0,680.0,True,0.0,False,True
4507006245_00020,400.0,400.0,400.0,True,0.0,False,True
4507006267_00010,69.0,69.0,69.0,True,0.0,False,True
4507006296_00010,2894.0,2894.0,2894.0,True,0.0,False,True
4507006297_00001,744.0,130336.0,1489.0,False,129592.0,False,True
4507006314_00010,48054.0,48054.0,48054.0,True,0.0,True,True
4507006315_00010,48054.0,48054.0,48054.0,True,0.0,True,True
4507006316_00010,48054.0,48054.0,48054.0,True,0.0,True,True
4507006329_00010,19.0,19.0,19.0,True,0.0,False,False
4507006339_00010,6276.0,6276.0,6276.0,True,0.0,False,True
4507006347_00010,23850.0,23850.0,23850.0,True,0.0,True,True
4507006348_00010,36952.0,36952.0,36952.0,True,0.0,True,True
4507006371_00030,804.0,804.0,804.0,True,0.0,False,True
4507006371_00040,804.0,804.0,804.0,True,0.0,False,True
4507006390_00010,33443.0,33443.0,33443.0,True,0.0,True,True
4507006392_00010,35578.0,35578.0,35578.0,True,0.0,True,True
4507006395_00010,35578.0,35578.0,35578.0,True,0.0,False,True
4507006397_00010,35578.0,35578.0,35578.0,True,0.0,True,True
4507006398_00010,37619.0,37619.0,37619.0,True,0.0,True,True
4507006411_00010,207.0,207.0,207.0,True,0.0,False,False
4507006413_00010,207.0,207.0,207.0,True,0.0,False,False
4507006420_00010,3142.0,3142.0,3142.0,True,0.0,False,True
4507006420_00020,861.0,861.0,861.0,True,0.0,False,True
4507006420_00040,5600.0,5600.0,5600.0,True,0.0,False,True
4507006467_00020,73.0,73.0,73.0,True,0.0,False,True
4507006467_00030,231.0,231.0,231.0,True,0.0,True,True
4507006467_00040,231.0,231.0,231.0,True,0.0,True,True
4507006467_00050,96.0,96.0,96.0,True,0.0,True,True
4507006467_00060,82.0,82.0,82.0,True,0.0,False,True
4507006467_00130,26.0,26.0,26.0,True,0.0,False,True
4507006467_00140,26.0,26.0,26.0,True,0.0,False,True
4507006532_00010,827.0,827.0,827.0,True,0.0,False,True
4507006566_00001,1428.0,1428.0,1428.0,True,0.0,False,True
4507006603_00030,39.0,39.0,39.0,True,0.0,False,False
4507006603_00040,9.0,9.0,9.0,True,0.0,False,False
4507006605_00010,2042.0,2042.0,2042.0,True,0.0,False,True
4507006636_00010,8494.0,8494.0,8494.0,True,0.0,True,True
4507006639_00010,2050.0,2050.0,2050.0,True,0.0,False,True
4507006685_00010,302.0,302.0,302.0,True,0.0,False,True
4507006696_00010,5830.0,5830.0,5830.0,True,0.0,False,True
4507006701_00010,805.0,805.0,805.0,True,0.0,True,True
4507006701_00020,805.0,805.0,805.0,True,0.0,False,True
4507006729_00010,1890.0,1890.0,1890.0,True,0.0,False,True
4507006729_00020,1574.0,1574.0,1574.0,True,0.0,False,True
4507006729_00030,1043.0,1043.0,1043.0,True,0.0,False,True
4507006729_00040,1574.0,1574.0,1574.0,True,0.0,False,True
4507006729_00050,1043.0,1043.0,1043.0,True,0.0,False,True
4507006729_00060,1574.0,1574.0,1574.0,True,0.0,False,True
4507006729_00070,1043.0,1043.0,1043.0,True,0.0,False,True
4507006729_00080,1574.0,1574.0,1574.0,True,0.0,False,True
4507006729_00090,1043.0,1043.0,1043.0,True,0.0,False,True
4507006729_00100,1574.0,1574.0,1574.0,True,0.0,False,True
4507006729_00110,1043.0,1043.0,1043.0,True,0.0,False,True
4507006729_00120,1574.0,1574.0,1574.0,True,0.0,False,True
4507006729_00130,1043.0,1043.0,1043.0,True,0.0,False,True
4507006729_00140,1574.0,1574.0,1574.0,True,0.0,False,True
4507006729_00150,1043.0,1043.0,1043.0,True,0.0,False,True
4507006729_00160,1574.0,1574.0,1574.0,True,0.0,False,True
4507006729_00170,1043.0,1043.0,1043.0,True,0.0,False,True
4507006729_00180,1574.0,1574.0,1574.0,True,0.0,False,True
4507006729_00190,1043.0,1043.0,1043.0,True,0.0,False,True
4507006760_00010,5603.0,5603.0,5603.0,True,0.0,False,True
4507006776_00060,2296.0,2296.0,2296.0,True,0.0,True,True
4507006776_00080,1569.0,1569.0,1569.0,True,0.0,True,True
4507006782_00010,318.0,318.0,318.0,True,0.0,False,True
4507006798_00001,571.0,229913.0,2859.0,False,229342.0,False,False
4507006837_00010,122.0,122.0,122.0,True,0.0,False,True
4507006868_00010,466.0,466.0,466.0,True,0.0,False,True
4507006892_00070,299.0,299.0,299.0,True,0.0,False,True
4507006893_00010,493.0,493.0,493.0,True,0.0,False,True
4507006912_00020,134.0,134.0,134.0,True,0.0,False,True
4507006914_00020,1391.0,1391.0,1391.0,True,0.0,False,False
4507006915_00030,1470.0,1470.0,1470.0,True,0.0,False,True
4507006927_00060,833.0,833.0,833.0,True,0.0,False,True
4507006953_00010,23122.0,23122.0,23122.0,True,0.0,False,True
4507006979_00010,418.0,418.0,418.0,True,0.0,False,True
4507007019_00010,1663.0,1663.0,1663.0,True,0.0,False,True
4507007019_00030,3326.0,3326.0,3326.0,True,0.0,True,True
4507007033_00050,260.0,260.0,260.0,True,0.0,False,True
4507007033_00110,732.0,732.0,732.0,True,0.0,False,True
4507007033_00120,521.0,521.0,521.0,True,0.0,False,True
4507007033_00140,838.0,838.0,838.0,True,0.0,False,True
4507007033_00230,241.0,241.0,241.0,True,0.0,False,True
4507007033_00240,521.0,521.0,521.0,True,0.0,False,True
4507007033_00250,782.0,782.0,782.0,True,0.0,False,True
4507007033_00260,130.0,130.0,130.0,True,0.0,False,True
4507007033_00270,130.0,130.0,130.0,True,0.0,False,True
4507007034_00010,1513.0,1513.0,1513.0,True,0.0,True,True
4507007039_00010,4344.0,4344.0,4344.0,True,0.0,True,True
4507007039_00020,493.0,493.0,493.0,True,0.0,True,True
4507007039_00030,1788.0,1788.0,1788.0,True,0.0,True,True
4507007039_00040,2165.0,2165.0,2165.0,True,0.0,True,True
4507007039_00050,1346.0,1346.0,1346.0,True,0.0,True,True
4507007039_00070,6069.0,6069.0,6069.0,True,0.0,True,True
4507007050_00020,39.0,39.0,39.0,True,0.0,False,True
4507007071_00010,1202.0,1202.0,1202.0,True,0.0,False,True
4507007080_00010,17320.0,17320.0,17320.0,True,0.0,False,True
4507007084_00010,81.0,81.0,81.0,True,0.0,True,True
4507007084_00160,276.0,276.0,276.0,True,0.0,False,True
4507007084_00170,138.0,138.0,138.0,True,0.0,False,True
4507007084_00190,207.0,207.0,207.0,True,0.0,False,True
4507007084_00230,207.0,207.0,207.0,True,0.0,False,True
4507007084_00310,207.0,207.0,207.0,True,0.0,False,True
4507007084_00320,69.0,69.0,69.0,True,0.0,False,True
4507007084_00390,181.0,181.0,181.0,True,0.0,True,True
4507007084_00620,1144.0,1144.0,1144.0,True,0.0,False,True
4507007084_00630,677.0,677.0,677.0,True,0.0,True,True
4507007084_00990,170.0,170.0,170.0,True,0.0,False,True
4507007085_00010,424.0,424.0,424.0,True,0.0,False,True
4507007113_00010,1773.0,1773.0,1773.0,True,0.0,True,True
4507007113_00070,1950.0,1950.0,1950.0,True,0.0,True,True
4507007113_00130,1296.0,1296.0,1296.0,True,0.0,False,True
4507007113_00260,29264.0,29264.0,29264.0,True,0.0,False,True
4507007113_00280,886.0,886.0,886.0,True,0.0,False,True
4507007148_00050,4372.0,4372.0,4372.0,True,0.0,True,True
4507007148_00060,857.0,857.0,857.0,True,0.0,True,True
4507007160_00010,22679.0,22679.0,22679.0,True,0.0,True,True
4507007194_00160,137.0,137.0,137.0,True,0.0,True,True
4507007194_00170,121.0,121.0,121.0,True,0.0,True,True
4507007194_00180,126.0,126.0,126.0,True,0.0,False,True
4507007201_00020,544.0,544.0,544.0,True,0.0,False,True
4507007201_00030,816.0,816.0,816.0,True,0.0,False,True
4507007326_00010,12003.0,12003.0,12003.0,True,0.0,False,True
4507007331_00010,7326.0,7326.0,7326.0,True,0.0,True,False
4507007372_00010,3003.0,3003.0,3003.0,True,0.0,True,True
4507007372_00020,2078.0,2078.0,2078.0,True,0.0,True,True
4507007372_00030,5830.0,5830.0,5830.0,True,0.0,True,True
4507007372_00040,2494.0,2494.0,2494.0,True,0.0,True,True
4507007372_00050,2400.0,2400.0,2400.0,True,0.0,True,True
4507007372_00060,6713.0,6713.0,6713.0,True,0.0,True,True
4507007372_00070,3257.0,3257.0,3257.0,True,0.0,True,True
4507007372_00080,4770.0,4770.0,4770.0,True,0.0,True,True
4507007378_00010,1330.0,1330.0,1330.0,True,0.0,True,True
4507007379_00010,1603.0,1603.0,1603.0,True,0.0,False,True
4507007379_00030,1251.0,1251.0,1251.0,True,0.0,False,True
4507007410_00010,826.0,826.0,826.0,True,0.0,True,True
4507007411_00020,805.0,805.0,805.0,True,0.0,False,True
4507007411_00030,536.0,536.0,536.0,True,0.0,False,True
4507007411_00040,446.0,446.0,446.0,True,0.0,False,True
4507007411_00050,357.0,357.0,357.0,True,0.0,False,True
4507007411_00060,446.0,446.0,446.0,True,0.0,False,True
4507007411_00070,446.0,446.0,446.0,True,0.0,False,True
4507007411_00080,357.0,357.0,357.0,True,0.0,False,True
4507007411_00090,178.0,178.0,178.0,True,0.0,False,True
4507007411_00100,178.0,178.0,178.0,True,0.0,True,True
4507007411_00110,178.0,178.0,178.0,True,0.0,False,True
4507007411_00120,536.0,536.0,536.0,True,0.0,False,True
4507007411_00130,536.0,536.0,536.0,True,0.0,False,True
4507007411_00140,268.0,268.0,268.0,True,0.0,False,True
4507007411_00150,268.0,268.0,268.0,True,0.0,False,True
4507007411_00160,536.0,536.0,536.0,True,0.0,False,True
4507007411_00170,268.0,268.0,268.0,True,0.0,False,True
4507007412_00050,1947.0,1947.0,1947.0,True,0.0,True,True
4507007412_00080,1627.0,1627.0,1627.0,True,0.0,True,True
4507007412_00140,1337.0,1337.0,1337.0,True,0.0,True,True
4507007412_00160,758.0,758.0,758.0,True,0.0,True,True
4507007412_00290,819.0,819.0,819.0,True,0.0,True,True
4507007412_00530,851.0,851.0,851.0,True,0.0,True,True
4507007412_00540,891.0,891.0,891.0,True,0.0,False,False
4507007413_00050,583.0,583.0,583.0,True,0.0,False,True
4507007415_00010,3302.0,3302.0,3302.0,True,0.0,True,True
4507007416_00010,5504.0,5504.0,5504.0,True,0.0,True,True
4507007417_00010,6238.0,6238.0,6238.0,True,0.0,False,True
4507007418_00010,6238.0,6238.0,6238.0,True,0.0,False,True
4507007419_00010,5237.0,5237.0,5237.0,True,0.0,False,True
4507007419_00020,5237.0,5237.0,5237.0,True,0.0,False,True
4507007419_00030,2154.0,2154.0,2154.0,True,0.0,False,True
4507007419_00050,11631.0,11631.0,11631.0,True,0.0,False,True
4507007437_00040,56.0,56.0,56.0,True,0.0,False,True
4507007437_00050,56.0,56.0,56.0,True,0.0,False,True
4507007440_00010,1134.0,1134.0,1134.0,True,0.0,True,True
4507007440_00050,942.0,942.0,942.0,True,0.0,True,True
4507007443_00030,507.0,507.0,507.0,True,0.0,False,True
4507007448_00020,26.0,26.0,26.0,True,0.0,False,True
4507007448_00030,933.0,933.0,933.0,True,0.0,False,True
4507007448_00040,466.0,466.0,466.0,True,0.0,False,True
4507007448_00060,158.0,158.0,158.0,True,0.0,True,True
4507007452_00140,1966.0,1966.0,1966.0,True,0.0,True,True
4507007458_00020,8076.0,8076.0,8076.0,True,0.0,False,True
4507007465_00030,106.0,106.0,106.0,True,0.0,False,True
4507007484_00020,4330.0,4330.0,4330.0,True,0.0,False,True
4507007515_00030,3290.0,3290.0,3290.0,True,0.0,False,True
4507007520_00010,14938.0,14938.0,14938.0,True,0.0,False,True
4507007550_00030,181.0,181.0,181.0,True,0.0,False,True
4507007612_00010,4503.0,4503.0,4503.0,True,0.0,False,True
4507007612_00020,3290.0,3290.0,3290.0,True,0.0,False,True
4507007612_00030,8157.0,8157.0,8157.0,True,0.0,False,True
4507007655_00010,34.0,34.0,34.0,True,0.0,True,False
4507007656_00010,9.0,9.0,9.0,True,0.0,True,False
4507007657_00010,19.0,19.0,19.0,True,0.0,True,False
4507007657_00040,103.0,103.0,103.0,True,0.0,True,False
4507007657_00050,3.0,3.0,3.0,True,0.0,True,False
4507007673_00010,86.0,86.0,86.0,True,0.0,False,False
4507007673_00020,69.0,69.0,69.0,True,0.0,False,False
4507007673_00030,86.0,86.0,86.0,True,0.0,False,False
4507007673_00040,69.0,69.0,69.0,True,0.0,False,False
4507007673_00050,17.0,17.0,17.0,True,0.0,False,False
4507007681_00010,260.0,260.0,260.0,True,0.0,False,True
4507007693_00010,59.0,59.0,59.0,True,0.0,False,False
4507007697_00010,5976.0,5976.0,5976.0,True,0.0,True,False
4507007707_00010,801.0,801.0,801.0,True,0.0,False,True
4507007719_00010,3929.0,3929.0,3929.0,True,0.0,False,True
4507007725_00010,1051.0,1051.0,1051.0,True,0.0,False,True
4507007734_00050,2405.0,2405.0,2405.0,True,0.0,False,True
4507007754_00010,276.0,276.0,276.0,True,0.0,False,True
4507007754_00020,69.0,69.0,69.0,True,0.0,False,True
4507007754_00030,138.0,138.0,138.0,True,0.0,False,True
4507007754_00040,345.0,345.0,345.0,True,0.0,False,True
4507007754_00050,69.0,69.0,69.0,True,0.0,False,True
4507007754_00060,69.0,69.0,69.0,True,0.0,False,True
4507007754_00070,138.0,138.0,138.0,True,0.0,False,True
4507007754_00080,24.0,24.0,24.0,True,0.0,False,True
4507007754_00090,69.0,69.0,69.0,True,0.0,False,True
4507007757_00001,253.0,88098.0,1012.0,False,87845.0,False,False
4507007787_00030,122.0,122.0,122.0,True,0.0,False,True
4507007788_00010,72.0,72.0,72.0,True,0.0,False,True
4507007788_00320,89.0,89.0,89.0,True,0.0,False,True
4507007800_00030,125.0,125.0,125.0,True,0.0,False,True
4507007801_00150,78.0,78.0,78.0,True,0.0,False,True
4507007829_00040,34.0,34.0,34.0,True,0.0,False,False
4507007845_00010,1950.0,1950.0,1950.0,True,0.0,False,True
4507007884_00010,3138.0,3138.0,3138.0,True,0.0,False,True
4507007885_00010,3138.0,3138.0,3138.0,True,0.0,False,True
4507007890_00010,8729.0,8729.0,8729.0,True,0.0,False,True
4507007902_00010,3897.0,3897.0,3897.0,True,0.0,False,True
4507007906_00010,1948.0,1948.0,1948.0,True,0.0,False,True
4507007929_00010,16170.0,16170.0,16170.0,True,0.0,True,True
4507007954_00010,278.0,278.0,278.0,True,0.0,False,False
4507008025_00010,33774.0,33774.0,33774.0,True,0.0,False,True
4507008036_00010,1004.0,1004.0,1004.0,True,0.0,True,True
4507008073_00050,75.0,75.0,75.0,True,0.0,False,True
4507008078_00010,92.0,92.0,92.0,True,0.0,False,True
4507008078_00150,20.0,20.0,20.0,True,0.0,False,True
4507008078_00160,86.0,86.0,86.0,True,0.0,True,True
4507008078_00170,72.0,72.0,72.0,True,0.0,True,True
4507008151_00010,6110.0,6110.0,6110.0,True,0.0,False,False
4507008151_00020,374.0,374.0,374.0,True,0.0,False,True
4507008154_00010,1210.0,1210.0,1210.0,True,0.0,True,True
4507008154_00020,798.0,798.0,798.0,True,0.0,True,True
4507008178_00020,34.0,34.0,34.0,True,0.0,False,False
4507008179_00010,17.0,17.0,17.0,True,0.0,False,False
4507008179_00020,17.0,17.0,17.0,True,0.0,False,False
4507008179_00030,34.0,34.0,34.0,True,0.0,False,False
4507008179_00040,51.0,51.0,51.0,True,0.0,False,False
4507008179_00050,17.0,17.0,17.0,True,0.0,False,False
4507008179_00060,69.0,69.0,69.0,True,0.0,False,False
4507008182_00010,1514.0,1514.0,1514.0,True,0.0,False,True
4507008195_00010,822.0,822.0,822.0,True,0.0,False,True
4507008222_00010,199.0,199.0,199.0,True,0.0,False,False
4507008225_00030,1251.0,1251.0,1251.0,True,0.0,False,True
4507008234_00010,35832.0,35832.0,35832.0,True,0.0,True,True
4507008236_00010,1538.0,1538.0,1538.0,True,0.0,True,True
4507008236_00020,4245.0,4245.0,4245.0,True,0.0,True,True
4507008236_00030,640.0,640.0,640.0,True,0.0,True,True
4507008236_00040,740.0,740.0,740.0,True,0.0,True,True
4507008236_00050,237.0,237.0,237.0,True,0.0,True,True
4507008236_00060,618.0,618.0,618.0,True,0.0,True,True
4507008236_00070,2172.0,2172.0,2172.0,True,0.0,True,True
4507008239_00010,29890.0,29890.0,29890.0,True,0.0,True,True
4507008241_00010,103.0,103.0,103.0,True,0.0,False,False
4507008241_00020,3.0,3.0,3.0,True,0.0,False,False
4507008241_00030,17.0,17.0,17.0,True,0.0,False,False
4507008241_00040,6.0,6.0,6.0,True,0.0,False,False
4507008241_00050,34.0,34.0,34.0,True,0.0,False,False
4507008241_00060,29.0,29.0,29.0,True,0.0,False,False
4507008247_00040,773.0,773.0,773.0,True,0.0,False,True
4507008247_00050,260.0,260.0,260.0,True,0.0,False,True
4507008247_00120,287.0,287.0,287.0,True,0.0,False,True
4507008247_00300,521.0,521.0,521.0,True,0.0,False,True
4507008247_00310,260.0,260.0,260.0,True,0.0,False,True
4507008247_00320,782.0,782.0,782.0,True,0.0,False,True
4507008247_00330,260.0,260.0,260.0,True,0.0,False,True
4507008248_00010,950.0,950.0,950.0,True,0.0,True,True
4507008248_00020,290.0,290.0,290.0,True,0.0,False,True
4507008248_00030,445.0,445.0,445.0,True,0.0,False,True
4507008248_00050,388.0,388.0,388.0,True,0.0,False,True
4507008248_00060,347.0,347.0,347.0,True,0.0,True,True
4507008248_00070,226.0,226.0,226.0,True,0.0,False,True
4507008248_00080,386.0,386.0,386.0,True,0.0,False,True
4507008248_00090,445.0,445.0,445.0,True,0.0,False,True
4507008248_00110,165.0,165.0,165.0,True,0.0,False,True
4507008248_00120,171.0,171.0,171.0,True,0.0,False,True
4507008248_00140,361.0,361.0,361.0,True,0.0,False,True
4507008248_00150,912.0,912.0,912.0,True,0.0,True,True
4507008248_00170,773.0,773.0,773.0,True,0.0,False,True
4507008248_00190,1043.0,1043.0,1043.0,True,0.0,True,True
4507008248_00200,1043.0,1043.0,1043.0,True,0.0,True,True
4507008248_00210,1043.0,1043.0,1043.0,True,0.0,True,True
4507008248_00220,189.0,189.0,189.0,True,0.0,False,True
4507008248_00290,242.0,242.0,242.0,True,0.0,False,True
4507008248_00300,260.0,260.0,260.0,True,0.0,True,True
4507008248_00310,782.0,782.0,782.0,True,0.0,True,True
4507008248_00320,521.0,521.0,521.0,True,0.0,True,True
4507008248_00330,166.0,166.0,166.0,True,0.0,False,True
4507008248_00340,161.0,161.0,161.0,True,0.0,False,True
4507008248_00350,248.0,248.0,248.0,True,0.0,False,True
4507008248_00360,760.0,760.0,760.0,True,0.0,False,True
4507008248_00370,445.0,445.0,445.0,True,0.0,False,True
4507008248_00380,237.0,237.0,237.0,True,0.0,False,True
4507008249_00010,260.0,260.0,260.0,True,0.0,False,True
4507008249_00020,242.0,242.0,242.0,True,0.0,False,True
4507008249_00030,231.0,231.0,231.0,True,0.0,False,True
4507008256_00010,28059.0,28059.0,28059.0,True,0.0,False,True
4507008283_00001,288.0,106920.0,1155.0,False,106632.0,False,False
4507008286_00001,114.0,228.0,114.0,False,114.0,False,True
4507008298_00020,546.0,546.0,546.0,True,0.0,True,True
4507008307_00050,380.0,380.0,380.0,True,0.0,False,True
4507008307_00060,6943.0,6943.0,6943.0,True,0.0,True,True
4507008316_00020,538.0,538.0,538.0,True,0.0,False,True
4507008317_00020,3519.0,3519.0,3519.0,True,0.0,False,False
4507008333_00050,95.0,95.0,95.0,True,0.0,False,True
4507008333_00060,266.0,266.0,266.0,True,0.0,False,True
4507008335_00160,109.0,109.0,109.0,True,0.0,False,True
4507008335_00170,33.0,33.0,33.0,True,0.0,False,True
4507008387_00020,2228.0,2228.0,2228.0,True,0.0,True,True
4507008404_00010,150.0,150.0,150.0,True,0.0,False,True
4507008414_00010,7659.0,7659.0,7659.0,True,0.0,False,True
4507008431_00010,36961.0,36961.0,36961.0,True,0.0,True,True
4507008432_00010,39886.0,39886.0,39886.0,True,0.0,True,True
4507008451_00010,86.0,86.0,86.0,True,0.0,True,True
4507008459_00010,3914.0,3914.0,3914.0,True,0.0,False,True
4507008461_00020,8625.0,8625.0,8625.0,True,0.0,True,True
4507008466_00010,3136.0,3136.0,3136.0,True,0.0,False,True
4507008480_00010,25019.0,25019.0,25019.0,True,0.0,True,True
4507008491_00010,347.0,347.0,347.0,True,0.0,False,True
4507008491_00020,150.0,150.0,150.0,True,0.0,False,True
4507008491_00030,150.0,150.0,150.0,True,0.0,False,True
4507008491_00040,150.0,150.0,150.0,True,0.0,False,True
4507008507_00010,6238.0,6238.0,6238.0,True,0.0,False,True
4507008517_00020,4011.0,4011.0,4011.0,True,0.0,True,True
4507008517_00100,851.0,851.0,851.0,True,0.0,True,True
4507008517_00160,851.0,851.0,851.0,True,0.0,False,True
4507008517_00200,417.0,417.0,417.0,True,0.0,True,True
4507008517_00210,1276.0,1276.0,1276.0,True,0.0,False,True
4507008517_00220,445.0,445.0,445.0,True,0.0,True,True
4507008523_00010,58843.0,58843.0,58843.0,True,0.0,False,True
4507008528_00001,10.0,192.0,10.0,False,182.0,False,False
4507008531_00001,175.0,175.0,175.0,True,0.0,False,True
4507008546_00010,449.0,449.0,449.0,True,0.0,False,True
4507008546_00130,146.0,146.0,146.0,True,0.0,True,True
4507008546_00150,146.0,146.0,146.0,True,0.0,True,True
4507008546_00180,46.0,46.0,46.0,True,0.0,False,True
4507008546_00190,43.0,43.0,43.0,True,0.0,True,True
4507008546_00200,72.0,72.0,72.0,True,0.0,True,True
4507008671_00010,680.0,680.0,680.0,True,0.0,False,True
4507008672_00010,3136.0,3136.0,3136.0,True,0.0,True,True
4507008672_00020,23122.0,23122.0,23122.0,True,0.0,False,True
4507008758_00010,9266.0,9266.0,9266.0,True,0.0,False,True
4507008776_00010,2837.0,2837.0,2837.0,True,0.0,True,True
4507008783_00010,17.0,17.0,17.0,True,0.0,False,False
4507008788_00010,10.0,10.0,10.0,True,0.0,False,False
4507008788_00020,13.0,13.0,13.0,True,0.0,False,False
4507008788_00030,3.0,3.0,3.0,True,0.0,False,False
4507008789_00010,3000.0,3000.0,3000.0,True,0.0,False,True
4507008793_00010,121.0,121.0,121.0,True,0.0,False,True
4507008793_00020,121.0,121.0,121.0,True,0.0,False,True
4507008793_00030,121.0,121.0,121.0,True,0.0,False,True
4507008793_00040,121.0,121.0,121.0,True,0.0,False,True
4507008793_00050,121.0,121.0,121.0,True,0.0,False,True
4507008802_00180,828.0,828.0,828.0,True,0.0,True,True
4507008802_00220,503.0,503.0,503.0,True,0.0,False,True
4507008805_00010,311.0,311.0,311.0,True,0.0,False,False
4507008805_00020,311.0,311.0,311.0,True,0.0,False,False
4507008805_00030,311.0,311.0,311.0,True,0.0,False,False
4507008805_00040,311.0,311.0,311.0,True,0.0,False,False
4507008805_00050,311.0,311.0,311.0,True,0.0,False,False
4507008805_00060,311.0,311.0,311.0,True,0.0,False,False
4507008805_00070,311.0,311.0,311.0,True,0.0,False,False
4507008805_00080,311.0,311.0,311.0,True,0.0,False,False
4507008812_00010,207.0,207.0,207.0,True,0.0,False,False
4507008812_00020,207.0,207.0,207.0,True,0.0,False,False
4507008825_00010,16004.0,16004.0,16004.0,True,0.0,True,True
4507008825_00020,4310.0,4310.0,4310.0,True,0.0,False,True
4507008834_00010,5876.0,5876.0,5876.0,True,0.0,True,True
4507008834_00020,5876.0,5876.0,5876.0,True,0.0,True,True
4507008834_00030,5876.0,5876.0,5876.0,True,0.0,True,True
4507008834_00040,5876.0,5876.0,5876.0,True,0.0,True,True
4507008834_00060,5876.0,5876.0,5876.0,True,0.0,True,True
4507008834_00070,5876.0,5876.0,5876.0,True,0.0,True,True
4507008834_00090,5876.0,5876.0,5876.0,True,0.0,True,True
4507008834_00130,5876.0,5876.0,5876.0,True,0.0,True,True
4507008834_00140,5876.0,5876.0,5876.0,True,0.0,True,True
4507008834_00160,6565.0,6565.0,6565.0,True,0.0,True,True
4507008844_00020,138.0,138.0,138.0,True,0.0,False,True
4507008844_00030,172.0,172.0,172.0,True,0.0,True,True
4507008844_00050,197.0,197.0,197.0,True,0.0,False,True
4507008844_00130,69.0,69.0,69.0,True,0.0,False,True
4507008844_00150,676.0,676.0,676.0,True,0.0,True,True
4507008844_00190,543.0,543.0,543.0,True,0.0,False,True
4507008844_00200,543.0,543.0,543.0,True,0.0,False,True
4507008844_00260,413.0,413.0,413.0,True,0.0,True,True
4507008844_00280,580.0,580.0,580.0,True,0.0,False,True
4507008844_00290,413.0,413.0,413.0,True,0.0,True,True
4507008844_00310,413.0,413.0,413.0,True,0.0,False,True
4507008844_00320,676.0,676.0,676.0,True,0.0,False,True
4507008844_00360,676.0,676.0,676.0,True,0.0,True,True
4507008844_00370,413.0,413.0,413.0,True,0.0,True,True
4507008844_00430,69.0,69.0,69.0,True,0.0,True,True
4507008844_00440,69.0,69.0,69.0,True,0.0,False,True
4507008844_00450,69.0,69.0,69.0,True,0.0,False,True
4507008844_00460,69.0,69.0,69.0,True,0.0,False,True
4507008844_00470,69.0,69.0,69.0,True,0.0,False,True
4507008844_00490,1260.0,1260.0,1260.0,True,0.0,True,True
4507008844_00510,85.0,85.0,85.0,True,0.0,False,True
4507008904_00010,11.0,11.0,11.0,True,0.0,False,False
4507008904_00020,9.0,9.0,9.0,True,0.0,False,False
4507008904_00040,6.0,6.0,6.0,True,0.0,False,False
4507008904_00050,6.0,6.0,6.0,True,0.0,False,False
4507008904_00060,20.0,20.0,20.0,True,0.0,False,False
4507008904_00070,29.0,29.0,29.0,True,0.0,False,False
4507008904_00080,14.0,14.0,14.0,True,0.0,False,False
4507008904_00090,9.0,9.0,9.0,True,0.0,False,False
4507008904_00100,10.0,10.0,10.0,True,0.0,False,False
4507008925_00040,78.0,78.0,78.0,True,0.0,True,True
4507008933_00060,315.0,315.0,315.0,True,0.0,True,True
4507008941_00010,2213.0,2213.0,2213.0,True,0.0,False,True
4507008941_00020,3398.0,3398.0,3398.0,True,0.0,False,True
4507008941_00030,1980.0,1980.0,1980.0,True,0.0,False,True
4507008941_00040,5023.0,5023.0,5023.0,True,0.0,False,True
4507008943_00010,504.0,504.0,504.0,True,0.0,False,True
4507008943_00020,1094.0,1094.0,1094.0,True,0.0,False,True
4507008943_00030,85.0,85.0,85.0,True,0.0,False,True
4507008949_00020,579.0,579.0,579.0,True,0.0,False,True
4507009014_00030,901.0,901.0,901.0,True,0.0,False,True
4507009018_00030,590.0,590.0,590.0,True,0.0,False,True
4507009029_00010,8692.0,8692.0,8692.0,True,0.0,False,True
4507009043_00010,1673.0,1673.0,1673.0,True,0.0,False,True
4507009118_00010,119.0,119.0,119.0,True,0.0,False,False
4507009165_00010,1569.0,1569.0,1569.0,True,0.0,False,True
4507009166_00010,3923.0,3923.0,3923.0,True,0.0,True,True
4507009167_00010,3138.0,3138.0,3138.0,True,0.0,True,True
4507009193_00040,1517.0,1517.0,1517.0,True,0.0,True,True
4507009226_00020,111.0,111.0,111.0,True,0.0,False,True
4507009284_00010,24551.0,49103.0,49103.0,False,24552.0,False,True
4507009284_00020,9959.0,19918.0,19918.0,False,9959.0,False,True
4507009302_00010,2701.0,2701.0,2701.0,True,0.0,True,True
4507009311_00001,487.0,111217.0,1463.0,False,110730.0,False,False
4507009374_00010,118.0,118.0,118.0,True,0.0,False,True
4507009374_00020,59.0,59.0,59.0,True,0.0,False,True
4507009374_00030,236.0,236.0,236.0,True,0.0,False,True
4507009375_00310,20.0,20.0,20.0,True,0.0,False,True
4507009375_00350,50.0,50.0,50.0,True,0.0,False,True
4507009375_00360,26.0,26.0,26.0,True,0.0,False,True
4507009375_00370,135.0,135.0,135.0,True,0.0,False,True
4507009455_00010,49079.0,49079.0,49079.0,True,0.0,True,True
4507009479_00050,301.0,301.0,301.0,True,0.0,False,True
4507009479_00060,445.0,445.0,445.0,True,0.0,False,True
4507009479_00070,445.0,445.0,445.0,True,0.0,False,True
4507009479_00080,301.0,301.0,301.0,True,0.0,False,True
4507009479_00090,301.0,301.0,301.0,True,0.0,False,True
4507009479_00100,760.0,760.0,760.0,True,0.0,False,True
4507009479_00110,950.0,950.0,950.0,True,0.0,False,True
4507009479_00120,1079.0,1079.0,1079.0,True,0.0,False,True
4507009479_00130,760.0,760.0,760.0,True,0.0,False,True
4507009479_00140,760.0,760.0,760.0,True,0.0,False,True
4507009479_00150,950.0,950.0,950.0,True,0.0,False,True
4507009479_00160,760.0,760.0,760.0,True,0.0,False,True
4507009479_00170,301.0,301.0,301.0,True,0.0,False,True
4507009479_00180,445.0,445.0,445.0,True,0.0,False,True
4507009479_00190,445.0,445.0,445.0,True,0.0,False,True
4507009509_00010,7736.0,7736.0,7736.0,True,0.0,False,True
4507009571_00010,38160.0,38160.0,38160.0,True,0.0,True,True
4507009572_00010,37142.0,37142.0,37142.0,True,0.0,True,True
4507009579_00010,37169.0,37169.0,37169.0,True,0.0,True,True
4507009581_00010,311.0,311.0,311.0,True,0.0,False,False
4507009581_00020,207.0,207.0,207.0,True,0.0,False,False
4507009582_00010,11667.0,11667.0,11667.0,True,0.0,True,True
4507009584_00010,48054.0,48054.0,48054.0,True,0.0,True,True
4507009585_00010,44209.0,44209.0,44209.0,True,0.0,True,True
4507009630_00010,26.0,26.0,26.0,True,0.0,False,True
4507009638_00010,520.0,520.0,520.0,True,0.0,True,True
4507009645_00010,102.0,102.0,102.0,True,0.0,True,True
4507009645_00020,121.0,121.0,121.0,True,0.0,True,True
4507009645_00030,96.0,96.0,96.0,True,0.0,True,True
4507009645_00040,145.0,145.0,145.0,True,0.0,True,True
4507009645_00050,231.0,231.0,231.0,True,0.0,True,True
4507009645_00060,449.0,449.0,449.0,True,0.0,True,True
4507009645_00120,72.0,72.0,72.0,True,0.0,True,True
4507009645_00130,96.0,96.0,96.0,True,0.0,True,True
4507009645_00170,518.0,518.0,518.0,True,0.0,True,True
4507009728_00010,15068.0,15068.0,15068.0,True,0.0,True,True
4507009764_00010,1499.0,1499.0,1499.0,True,0.0,False,True
4507009764_00030,1663.0,1663.0,1663.0,True,0.0,False,True
4507009764_00040,5902.0,5902.0,5902.0,True,0.0,True,True
4507009764_00050,271.0,271.0,271.0,True,0.0,True,True
4507009764_00060,1399.0,1399.0,1399.0,True,0.0,True,True
4507009767_00020,2588.0,2588.0,2588.0,True,0.0,True,True
4507009767_00030,1925.0,1925.0,1925.0,True,0.0,False,True
4507009767_00040,1837.0,1837.0,1837.0,True,0.0,False,True
4507009772_00010,2896.0,2896.0,2896.0,True,0.0,True,True
4507009772_00020,359.0,359.0,359.0,True,0.0,True,True
4507009772_00030,11.0,11.0,11.0,True,0.0,True,True
4507009776_00010,1144.0,1144.0,1144.0,True,0.0,False,True
4507009776_00030,1144.0,1144.0,1144.0,True,0.0,False,True
4507009776_00040,413.0,413.0,413.0,True,0.0,False,True
4507009830_00010,4310.0,4310.0,4310.0,True,0.0,False,True
4507009830_00020,8521.0,8521.0,8521.0,True,0.0,False,True
4507009830_00030,3879.0,3879.0,3879.0,True,0.0,False,True
4507009850_00130,17968.0,17968.0,17968.0,True,0.0,False,True
4507009921_00080,253.0,253.0,253.0,True,0.0,True,True
4507009921_00100,59.0,59.0,59.0,True,0.0,False,True
4507009921_00120,181.0,181.0,181.0,True,0.0,False,True
4507009921_00190,207.0,207.0,207.0,True,0.0,True,True
4507009921_00200,69.0,69.0,69.0,True,0.0,True,True
4507009921_00240,138.0,138.0,138.0,True,0.0,False,True
4507009921_00260,69.0,69.0,69.0,True,0.0,True,True
4507009921_00270,414.0,414.0,414.0,True,0.0,True,True
4507009921_00280,69.0,69.0,69.0,True,0.0,True,True
4507009921_00290,276.0,276.0,276.0,True,0.0,False,True
4507009921_00300,276.0,276.0,276.0,True,0.0,False,True
4507009921_00310,276.0,276.0,276.0,True,0.0,False,True
4507009921_00320,484.0,484.0,484.0,True,0.0,False,True
4507009921_00340,276.0,276.0,276.0,True,0.0,True,True
4507009921_00360,69.0,69.0,69.0,True,0.0,False,True
4507009921_00370,822.0,822.0,822.0,True,0.0,False,True
4507009921_00400,207.0,207.0,207.0,True,0.0,False,True
4507009921_00410,207.0,207.0,207.0,True,0.0,True,True
4507009921_00430,207.0,207.0,207.0,True,0.0,False,True
4507009921_00470,418.0,418.0,418.0,True,0.0,True,True
4507009921_00500,2385.0,2385.0,2385.0,True,0.0,False,True
4507009921_00690,413.0,413.0,413.0,True,0.0,True,True
4507009921_00700,4578.0,4578.0,4578.0,True,0.0,True,True
4507009922_00040,13302.0,13302.0,13302.0,True,0.0,False,True
4507009945_00010,1361.0,1361.0,1361.0,True,0.0,True,True
4507009945_00080,3393.0,3393.0,3393.0,True,0.0,True,True
4507009945_00170,826.0,826.0,826.0,True,0.0,False,True
4507009947_00040,1783.0,1783.0,1783.0,True,0.0,False,True
4507009949_00010,5237.0,5237.0,5237.0,True,0.0,False,True
4507009950_00001,1187.0,402572.0,4750.0,False,401385.0,False,False
4507009974_00020,1870.0,1870.0,1870.0,True,0.0,False,True
4507010002_00140,25.0,25.0,25.0,True,0.0,False,True
4507010002_00160,41.0,41.0,41.0,True,0.0,False,True
4507010002_00170,35.0,35.0,35.0,True,0.0,False,True
4507010005_00010,571.0,571.0,571.0,True,0.0,False,True
4507010005_00020,171.0,171.0,171.0,True,0.0,False,True
4507010025_00010,109.0,109.0,109.0,True,0.0,False,True
4507010029_00030,3598.0,3598.0,3598.0,True,0.0,False,True
4507010030_00020,3920.0,3920.0,3920.0,True,0.0,False,False
4507010035_00030,866.0,866.0,866.0,True,0.0,False,True
4507010071_00010,704.0,704.0,704.0,True,0.0,False,True
4507010151_00010,277.0,277.0,277.0,True,0.0,False,True
4507010178_00010,670.0,670.0,670.0,True,0.0,False,True
4507010201_00010,2151.0,2151.0,2151.0,True,0.0,False,True
4507010232_00250,130.0,130.0,130.0,True,0.0,False,True
4507010232_00260,521.0,521.0,521.0,True,0.0,False,True
4507010234_00020,797.0,797.0,797.0,True,0.0,True,True
4507010234_00030,625.0,625.0,625.0,True,0.0,False,True
4507010234_00050,550.0,550.0,550.0,True,0.0,False,True
4507010248_00001,8.0,61.0,8.0,False,53.0,False,True
4507010269_00010,34876.0,34876.0,34876.0,True,0.0,False,True
4507010282_00020,535.0,535.0,535.0,True,0.0,False,True
4507010283_00010,374.0,374.0,374.0,True,0.0,False,True
4507010283_00120,41.0,41.0,41.0,True,0.0,False,True
4507010283_00130,41.0,41.0,41.0,True,0.0,False,True
4507010283_00140,72.0,72.0,72.0,True,0.0,True,True
4507010283_00150,231.0,231.0,231.0,True,0.0,True,True
4507010283_00210,51.0,51.0,51.0,True,0.0,False,True
4507010283_00220,47.0,47.0,47.0,True,0.0,False,True
4507010283_00230,29.0,29.0,29.0,True,0.0,False,True
4507010308_00010,155.0,155.0,155.0,True,0.0,False,True
4507010351_00010,1098.0,1098.0,1098.0,True,0.0,False,True
4507010438_00010,14232.0,14232.0,14232.0,True,0.0,False,True
4507010451_00010,5280.0,5280.0,5280.0,True,0.0,True,True
4507010461_00010,4845.0,4845.0,4845.0,True,0.0,False,True
4507010487_00010,119.0,119.0,119.0,True,0.0,False,False
4507010637_00090,60.0,60.0,60.0,True,0.0,True,True
4507010672_00040,389.0,389.0,389.0,True,0.0,True,True
4507010694_00010,908.0,908.0,908.0,True,0.0,True,True
4507010701_00050,1242.0,1242.0,1242.0,True,0.0,True,True
4507010702_00010,1233.0,1233.0,1233.0,True,0.0,True,True
4507010702_00020,3592.0,3592.0,3592.0,True,0.0,True,True
4507010702_00030,309.0,309.0,309.0,True,0.0,False,True
4507010744_00010,3.0,3.0,3.0,True,0.0,False,False
4507010746_00010,103.0,103.0,103.0,True,0.0,False,False
4507010749_00060,615.0,615.0,615.0,True,0.0,False,True
4507010753_00030,759.0,759.0,759.0,True,0.0,True,True
4507010755_00030,140.0,140.0,140.0,True,0.0,True,True
4507010776_00020,1564.0,1564.0,1564.0,True,0.0,True,True
4507010777_00010,1663.0,1663.0,1663.0,True,0.0,False,True
4507010859_00010,59.0,59.0,59.0,True,0.0,True,True
4507010859_00020,578.0,578.0,578.0,True,0.0,False,True
4507010859_00030,69.0,69.0,69.0,True,0.0,False,True
4507010859_00040,207.0,207.0,207.0,True,0.0,True,True
4507010859_00060,69.0,69.0,69.0,True,0.0,False,True
4507010859_00070,327.0,327.0,327.0,True,0.0,False,True
4507010859_00080,73.0,73.0,73.0,True,0.0,False,False
4507010861_00010,234.0,234.0,234.0,True,0.0,False,True
4507010861_00030,827.0,827.0,827.0,True,0.0,False,True
4507010861_00040,413.0,413.0,413.0,True,0.0,True,True
4507010861_00110,63.0,63.0,63.0,True,0.0,True,True
4507010861_00120,63.0,63.0,63.0,True,0.0,False,True
4507010861_00130,190.0,190.0,190.0,True,0.0,False,True
4507010861_00140,63.0,63.0,63.0,True,0.0,True,True
4507010861_00150,63.0,63.0,63.0,True,0.0,False,True
4507010861_00160,318.0,318.0,318.0,True,0.0,False,True
4507010861_00170,63.0,63.0,63.0,True,0.0,False,True
4507010866_00120,2660.0,2660.0,2660.0,True,0.0,False,True
4507010883_00060,629.0,629.0,629.0,True,0.0,True,True
4507010897_00010,59.0,59.0,59.0,True,0.0,False,False
4507010897_00020,59.0,59.0,59.0,True,0.0,False,False
4507010897_00030,9.0,9.0,9.0,True,0.0,False,False
4507010897_00050,59.0,59.0,59.0,True,0.0,False,False
4507010923_00010,207.0,207.0,207.0,True,0.0,False,False
4507010928_00210,1337.0,1337.0,1337.0,True,0.0,False,True
4507010928_00240,417.0,417.0,417.0,True,0.0,False,True
4507010928_00250,445.0,445.0,445.0,True,0.0,False,True
4507010934_00010,1047.0,1047.0,1047.0,True,0.0,False,True
4507010956_00010,801.0,801.0,801.0,True,0.0,False,True
4507010961_00010,313.0,313.0,313.0,True,0.0,False,True
4507010970_00030,7828.0,7828.0,7828.0,True,0.0,False,True
4507010987_00010,211.0,211.0,211.0,True,0.0,False,True
4507010987_00030,367.0,367.0,367.0,True,0.0,True,True
4507010987_00090,941.0,941.0,941.0,True,0.0,False,True
4507010987_00100,231.0,231.0,231.0,True,0.0,False,True
4507010987_00110,181.0,181.0,181.0,True,0.0,False,True
4507010987_00120,293.0,293.0,293.0,True,0.0,False,True
4507010988_00010,398.0,398.0,398.0,True,0.0,True,True
4507010988_00030,398.0,398.0,398.0,True,0.0,False,True
4507011000_00001,884.0,463590.0,5308.0,False,462706.0,False,False
4507011002_00001,111.0,111.0,111.0,True,0.0,False,True
4507011026_00010,1070.0,1070.0,1070.0,True,0.0,False,True
4507011055_00060,31.0,31.0,31.0,True,0.0,False,True
4507011055_00070,177.0,177.0,177.0,True,0.0,False,True
4507011055_00080,59.0,59.0,59.0,True,0.0,False,True
4507011055_00090,407.0,407.0,407.0,True,0.0,True,True
4507011055_00170,525.0,525.0,525.0,True,0.0,False,True
4507011055_00190,59.0,59.0,59.0,True,0.0,False,True
4507011055_00200,59.0,59.0,59.0,True,0.0,False,True
4507011056_00170,31.0,31.0,31.0,True,0.0,False,True
4507011056_00190,107.0,107.0,107.0,True,0.0,False,True
4507011056_00460,178.0,178.0,178.0,True,0.0,False,True
4507011058_00010,119.0,119.0,119.0,True,0.0,False,False
4507011058_00020,39.0,39.0,39.0,True,0.0,False,False
4507011083_00010,21.0,21.0,21.0,True,0.0,False,True
4507011083_00020,59.0,59.0,59.0,True,0.0,False,True
4507011083_00030,72.0,72.0,72.0,True,0.0,True,True
4507011083_00050,316.0,316.0,316.0,True,0.0,True,True
4507011083_00170,20.0,20.0,20.0,True,0.0,False,True
4507011083_00190,185.0,185.0,185.0,True,0.0,False,True
4507011106_00020,827.0,827.0,827.0,True,0.0,False,True
4507011137_00010,4584.0,4584.0,4584.0,True,0.0,True,True
4507011137_00020,666.0,666.0,666.0,True,0.0,True,True
4507011154_00010,14341.0,14341.0,14341.0,True,0.0,False,True
4507011197_00030,101.0,101.0,101.0,True,0.0,False,True
4507011201_00010,2125.0,2125.0,2125.0,True,0.0,False,True
4507011201_00020,460.0,460.0,460.0,True,0.0,False,True
4507011203_00010,8573.0,8573.0,8573.0,True,0.0,False,True
4507011204_00010,4503.0,4503.0,4503.0,True,0.0,False,True
4507011204_00020,8157.0,8157.0,8157.0,True,0.0,False,True
4507011205_00010,14767.0,14767.0,14767.0,True,0.0,True,True
4507011205_00020,11000.0,11000.0,11000.0,True,0.0,True,True
4507011206_00010,30009.0,30009.0,30009.0,True,0.0,True,True
4507011207_00010,34223.0,34223.0,34223.0,True,0.0,True,True
4507011211_00010,40904.0,40904.0,40904.0,True,0.0,False,True
4507011215_00010,48594.0,48594.0,48594.0,True,0.0,False,True
4507011216_00010,48594.0,48594.0,48594.0,True,0.0,False,True
4507011219_00010,48594.0,48594.0,48594.0,True,0.0,False,True
4507011234_00010,42182.0,42182.0,42182.0,True,0.0,True,True
4507011235_00010,38278.0,38278.0,38278.0,True,0.0,False,True
4507011236_00010,41922.0,41922.0,41922.0,True,0.0,True,True
4507011248_00010,1047.0,1047.0,1047.0,True,0.0,False,True
4507011248_00020,4738.0,4738.0,4738.0,True,0.0,False,True
4507011252_00010,3207.0,3207.0,3207.0,True,0.0,False,True
4507011260_00240,528.0,528.0,528.0,True,0.0,True,True
4507011260_00250,415.0,415.0,415.0,True,0.0,True,True
4507011264_00040,484.0,484.0,484.0,True,0.0,False,True
4507011264_00050,484.0,484.0,484.0,True,0.0,False,True
4507011264_00060,727.0,727.0,727.0,True,0.0,False,True
4507011264_00070,484.0,484.0,484.0,True,0.0,False,True
4507011264_00080,484.0,484.0,484.0,True,0.0,False,True
4507011276_00001,779.0,49103.0,779.0,False,48324.0,False,True
4507011277_00010,630.0,630.0,630.0,True,0.0,False,True
4507011277_00020,753.0,753.0,753.0,True,0.0,False,True
4507011277_00030,779.0,779.0,779.0,True,0.0,False,True
4507011277_00040,753.0,753.0,753.0,True,0.0,False,True
4507011277_00050,584.0,584.0,584.0,True,0.0,True,True
4507011277_00060,484.0,484.0,484.0,True,0.0,False,True
4507011298_00210,3367.0,3367.0,3367.0,True,0.0,True,True
4507011332_00020,210.0,210.0,210.0,True,0.0,True,True
4507011332_00050,25.0,25.0,25.0,True,0.0,False,True
4507011339_00010,3.0,3.0,3.0,True,0.0,False,False
4507011339_00020,121.0,121.0,121.0,True,0.0,False,False
4507011396_00010,19.0,19.0,19.0,True,0.0,False,False
4507011493_00010,9256.0,9256.0,9256.0,True,0.0,False,True
4507011501_00010,2416.0,2416.0,2416.0,True,0.0,True,True
4507011506_00010,95.0,95.0,95.0,True,0.0,False,True
4507011509_00010,4559.0,4559.0,4559.0,True,0.0,False,True
4507011511_00010,3926.0,3926.0,3926.0,True,0.0,False,True
4507011529_00020,834.0,834.0,834.0,True,0.0,False,True
4507011535_00010,9.0,9.0,9.0,True,0.0,False,False
4507011549_00010,29.0,29.0,29.0,True,0.0,False,False
4507011556_00001,727.0,727.0,727.0,True,0.0,False,True
4507011561_00010,207.0,207.0,207.0,True,0.0,False,False
4507011561_00020,207.0,207.0,207.0,True,0.0,False,False
4507011561_00030,207.0,207.0,207.0,True,0.0,False,False
4507011561_00040,207.0,207.0,207.0,True,0.0,False,False
4507011573_00010,121.0,121.0,121.0,True,0.0,False,False
4507011573_00020,121.0,121.0,121.0,True,0.0,False,False
4507011576_00020,258.0,258.0,258.0,True,0.0,False,True
4507011582_00020,797.0,797.0,797.0,True,0.0,False,True
4507011601_00010,9041.0,9041.0,9041.0,True,0.0,False,True
4507011609_00050,528.0,528.0,528.0,True,0.0,True,True
4507011609_00070,514.0,514.0,514.0,True,0.0,True,True
4507011609_00100,1922.0,1922.0,1922.0,True,0.0,True,True
4507011610_00020,371.0,371.0,371.0,True,0.0,True,True
4507011618_00001,49.0,49.0,49.0,True,0.0,False,False
4507011620_00001,47.0,47.0,47.0,True,0.0,False,True
4507011656_00060,6692.0,6692.0,6692.0,True,0.0,False,True
4507011675_00010,511.0,511.0,511.0,True,0.0,False,True
4507011675_00020,253.0,253.0,253.0,True,0.0,True,True
4507011675_00040,177.0,177.0,177.0,True,0.0,False,True
4507011677_00090,58.0,58.0,58.0,True,0.0,False,True
4507011725_00010,266.0,266.0,266.0,True,0.0,True,True
4507011728_00010,203.0,203.0,203.0,True,0.0,False,True
4507011728_00020,745.0,745.0,745.0,True,0.0,True,True
4507011728_00030,1233.0,1233.0,1233.0,True,0.0,True,True
4507011752_00020,1202.0,1202.0,1202.0,True,0.0,False,True
4507011773_00010,23122.0,23122.0,23122.0,True,0.0,False,True
4507011829_00010,150.0,150.0,150.0,True,0.0,False,True
4507011833_00010,347.0,347.0,347.0,True,0.0,False,True
4507011833_00080,221.0,221.0,221.0,True,0.0,False,True
4507011833_00090,881.0,881.0,881.0,True,0.0,False,True
4507011833_00100,601.0,601.0,601.0,True,0.0,False,True
4507011833_00110,415.0,415.0,415.0,True,0.0,False,True
4507011833_00120,543.0,543.0,543.0,True,0.0,False,True
4507011833_00130,665.0,665.0,665.0,True,0.0,False,True
4507011833_00230,241.0,241.0,241.0,True,0.0,False,True
4507011833_00260,782.0,782.0,782.0,True,0.0,False,True
4507011833_00270,542.0,542.0,542.0,True,0.0,False,True
4507011833_00280,845.0,845.0,845.0,True,0.0,False,True
4507011837_00020,625.0,625.0,625.0,True,0.0,False,True
4507011885_00010,1844.0,1844.0,1844.0,True,0.0,False,True
4507011895_00010,4845.0,4845.0,4845.0,True,0.0,False,True
4507011911_00030,1241.0,1241.0,1241.0,True,0.0,False,True
4507011911_00040,759.0,759.0,759.0,True,0.0,False,True
4507011911_00050,543.0,543.0,543.0,True,0.0,False,True
4507011911_00100,418.0,418.0,418.0,True,0.0,False,True
4507011911_00110,63.0,63.0,63.0,True,0.0,False,True
4507011911_00150,223.0,223.0,223.0,True,0.0,False,True
4507011929_00001,614.0,2458.0,614.0,False,1844.0,False,True
4507011949_00140,362.0,362.0,362.0,True,0.0,False,True
4507011949_00150,177.0,177.0,177.0,True,0.0,False,True
4507011950_00120,86.0,86.0,86.0,True,0.0,True,True
4507011950_00130,43.0,43.0,43.0,True,0.0,True,True
4507011955_00010,393.0,393.0,393.0,True,0.0,False,True
4507011991_00040,794.0,794.0,794.0,True,0.0,True,True
4507011991_00050,371.0,371.0,371.0,True,0.0,True,True
4507012054_00010,2090.0,2090.0,2090.0,True,0.0,True,True
4507012058_00010,276.0,276.0,276.0,True,0.0,False,True
4507012058_00020,1701.0,1701.0,1701.0,True,0.0,False,True
4507012077_00010,5897.0,5897.0,5897.0,True,0.0,False,True
4507012081_00030,851.0,851.0,851.0,True,0.0,False,True
4507012081_00100,1229.0,1229.0,1229.0,True,0.0,False,True
4507012081_00110,813.0,813.0,813.0,True,0.0,True,True
4507012081_00130,746.0,746.0,746.0,True,0.0,False,True
4507012081_00140,324.0,324.0,324.0,True,0.0,True,True
4507012081_00280,602.0,602.0,602.0,True,0.0,False,True
4507012081_00290,1276.0,1276.0,1276.0,True,0.0,False,True
4507012081_00300,396.0,396.0,396.0,True,0.0,False,True
4507012081_00310,851.0,851.0,851.0,True,0.0,False,True
4507012081_00320,851.0,851.0,851.0,True,0.0,False,True
4507012081_00380,1670.0,1670.0,1670.0,True,0.0,True,True
4507012081_00390,638.0,638.0,638.0,True,0.0,True,True
4507012081_00400,813.0,813.0,813.0,True,0.0,False,True
4507012095_00010,16004.0,16004.0,16004.0,True,0.0,True,True
4507012095_00020,17043.0,17043.0,17043.0,True,0.0,False,True
4507012096_00010,5897.0,5897.0,5897.0,True,0.0,False,True
4507012195_00001,91.0,183.0,91.0,False,92.0,False,True
4507012225_00030,56.0,56.0,56.0,True,0.0,False,True
4507012232_00040,2182.0,2182.0,2182.0,True,0.0,False,True
4507012289_00010,173.0,173.0,173.0,True,0.0,False,False
4507012289_00020,34.0,34.0,34.0,True,0.0,False,False
4507012303_00010,33774.0,33774.0,33774.0,True,0.0,False,True
4507012324_00010,258.0,258.0,258.0,True,0.0,False,False
4507012411_00030,2012.0,2012.0,2012.0,True,0.0,False,True
4507012414_00010,533.0,533.0,533.0,True,0.0,False,True
4507012414_00020,1674.0,1674.0,1674.0,True,0.0,False,True
4507012414_00030,3101.0,3101.0,3101.0,True,0.0,False,True
4507012414_00040,1980.0,1980.0,1980.0,True,0.0,False,True
4507012422_00010,374.0,374.0,374.0,True,0.0,True,True
4507012422_00020,661.0,661.0,661.0,True,0.0,True,True
4507012422_00030,161.0,161.0,161.0,True,0.0,True,True
4507012422_00050,1568.0,1568.0,1568.0,True,0.0,True,True
4507012425_00040,275.0,275.0,275.0,True,0.0,True,True
4507012426_00030,278.0,278.0,278.0,True,0.0,True,True
4507012476_00010,31.0,31.0,31.0,True,0.0,False,True
4507012478_00010,86.0,86.0,86.0,True,0.0,False,False
4507012478_00020,69.0,69.0,69.0,True,0.0,False,False
4507012489_00020,433.0,433.0,433.0,True,0.0,False,True
4507012489_00030,433.0,433.0,433.0,True,0.0,False,True
4507012489_00040,484.0,484.0,484.0,True,0.0,True,True
4507012489_00050,433.0,433.0,433.0,True,0.0,False,True
4507012517_00030,362.0,362.0,362.0,True,0.0,False,True
4507012517_00040,535.0,535.0,535.0,True,0.0,False,True
4507012521_00020,95.0,95.0,95.0,True,0.0,False,True
4507012521_00030,59.0,59.0,59.0,True,0.0,False,True
4507012523_00330,26.0,26.0,26.0,True,0.0,False,True
4507012523_00380,87.0,87.0,87.0,True,0.0,False,True
4507012523_00410,178.0,178.0,178.0,True,0.0,False,True
4507012558_00010,34.0,34.0,34.0,True,0.0,False,False
4507012558_00020,138.0,138.0,138.0,True,0.0,False,False
4507012558_00030,103.0,103.0,103.0,True,0.0,False,False
4507012558_00040,34.0,34.0,34.0,True,0.0,False,False
4507012576_00020,801.0,801.0,801.0,True,0.0,False,True
4507012640_00010,5830.0,5830.0,5830.0,True,0.0,False,True
4507012687_00010,35832.0,35832.0,35832.0,True,0.0,False,True
4507012688_00010,39075.0,39075.0,39075.0,True,0.0,False,True
4507012690_00010,40904.0,40904.0,40904.0,True,0.0,False,True
4507012732_00010,48594.0,48594.0,48594.0,True,0.0,False,True
4507012737_00010,37550.0,37550.0,37550.0,True,0.0,False,True
4507012748_00050,290.0,290.0,290.0,True,0.0,False,True
4507012748_00060,912.0,912.0,912.0,True,0.0,False,True
4507012748_00070,212.0,212.0,212.0,True,0.0,False,True
4507012748_00080,963.0,963.0,963.0,True,0.0,False,True
4507012748_00140,431.0,431.0,431.0,True,0.0,False,True
4507012748_00150,441.0,441.0,441.0,True,0.0,False,True
4507012748_00190,651.0,651.0,651.0,True,0.0,False,True
4507012748_00240,521.0,521.0,521.0,True,0.0,False,True
4507012748_00250,627.0,627.0,627.0,True,0.0,False,True
4507012835_00070,96.0,96.0,96.0,True,0.0,True,True
4507012835_00130,24.0,24.0,24.0,True,0.0,False,True
4507012877_00001,2211.0,333980.0,4423.0,False,331769.0,False,True
4507012884_00001,49.0,1875.0,49.0,False,1826.0,False,True
4507012917_00010,45033.0,45033.0,45033.0,True,0.0,False,True
4507012954_00010,37902.0,37902.0,37902.0,True,0.0,False,True
4507012986_00020,1985.0,1985.0,1985.0,True,0.0,False,True
4507013042_00010,2777.0,2777.0,2777.0,True,0.0,False,True
4507013072_00010,9.0,9.0,9.0,True,0.0,False,False
4507013073_00060,223.0,223.0,223.0,True,0.0,False,True
4507013073_00070,223.0,223.0,223.0,True,0.0,False,True
4507013073_00080,223.0,223.0,223.0,True,0.0,False,True
4507013073_00090,223.0,223.0,223.0,True,0.0,False,True
4507013073_00100,446.0,446.0,446.0,True,0.0,True,True
4507013075_00010,48594.0,48594.0,48594.0,True,0.0,True,True
4507013103_00050,59.0,59.0,59.0,True,0.0,False,True
4507013103_00080,118.0,118.0,118.0,True,0.0,False,True
4507013105_00040,1713.0,1713.0,1713.0,True,0.0,False,True
4507013168_00010,260.0,260.0,260.0,True,0.0,False,True
4507013168_00020,260.0,260.0,260.0,True,0.0,False,True
4507013168_00030,521.0,521.0,521.0,True,0.0,False,True
4507013168_00040,391.0,391.0,391.0,True,0.0,False,True
4507013168_00050,260.0,260.0,260.0,True,0.0,False,True
4507013168_00060,179.0,179.0,179.0,True,0.0,False,True
4507013168_00070,179.0,179.0,179.0,True,0.0,False,True
4507013168_00080,179.0,179.0,179.0,True,0.0,False,True
4507013168_00090,179.0,179.0,179.0,True,0.0,False,True
4507013168_00100,179.0,179.0,179.0,True,0.0,False,True
4507013171_00010,8692.0,8692.0,8692.0,True,0.0,False,True
4507013192_00010,19654.0,19654.0,19654.0,True,0.0,True,True
4507013194_00010,25019.0,25019.0,25019.0,True,0.0,True,True
4507013202_00040,348.0,348.0,348.0,True,0.0,False,True
4507013208_00030,287.0,287.0,287.0,True,0.0,True,True
4507013224_00070,577.0,577.0,577.0,True,0.0,True,True
4507013228_00010,6098.0,6098.0,6098.0,True,0.0,False,True
4507013228_00020,1517.0,1517.0,1517.0,True,0.0,False,True
4507013232_00010,2860.0,2860.0,2860.0,True,0.0,True,True
4507013232_00020,1366.0,1366.0,1366.0,True,0.0,True,True
4507013232_00040,884.0,884.0,884.0,True,0.0,True,True
4507013278_00010,9266.0,9266.0,9266.0,True,0.0,False,True
4507013281_00010,9924.0,9924.0,9924.0,True,0.0,True,True
4507013281_00020,12494.0,24988.0,24988.0,False,12494.0,True,True
4507013296_00010,6495.0,6495.0,6495.0,True,0.0,False,True
4507013309_00020,3000.0,3000.0,3000.0,True,0.0,False,True
4507013320_00010,1395.0,1395.0,1395.0,True,0.0,True,True
4507013375_00010,685.0,685.0,685.0,True,0.0,True,True
4507013375_00160,377.0,377.0,377.0,True,0.0,True,True
4507013380_00070,969.0,969.0,969.0,True,0.0,False,True
4507013381_00010,4352.0,4352.0,4352.0,True,0.0,True,True
4507013386_00010,12055.0,12055.0,12055.0,True,0.0,False,True
4507013387_00010,228.0,228.0,228.0,True,0.0,False,True
4507013388_00010,308.0,308.0,308.0,True,0.0,False,True
4507013689_00010,449.0,449.0,449.0,True,0.0,False,True
4507013689_00130,586.0,586.0,586.0,True,0.0,True,True
4507013689_00140,586.0,586.0,586.0,True,0.0,True,True
4507013689_00210,96.0,96.0,96.0,True,0.0,True,True
4507013689_00300,24.0,24.0,24.0,True,0.0,True,True
4507013689_00310,145.0,145.0,145.0,True,0.0,True,True
4507013689_00320,26.0,26.0,26.0,True,0.0,False,True
4507013689_00330,26.0,26.0,26.0,True,0.0,False,True
4507013689_00340,26.0,26.0,26.0,True,0.0,False,True
4507013689_00350,26.0,26.0,26.0,True,0.0,False,True
4507013701_00010,99.0,99.0,99.0,True,0.0,False,False
4507013715_00010,10231.0,10231.0,10231.0,True,0.0,False,True
4507013717_00010,16163.0,16163.0,16163.0,True,0.0,False,True
4507013719_00020,20784.0,20784.0,20784.0,True,0.0,True,True
4507013720_00010,9612.0,9612.0,9612.0,True,0.0,False,True
4507013732_00010,303.0,303.0,303.0,True,0.0,False,True
4507013800_00010,2584.0,2584.0,2584.0,True,0.0,False,True
4507013800_00020,3142.0,3142.0,3142.0,True,0.0,False,True
4507013800_00030,2095.0,2095.0,2095.0,True,0.0,False,True
4507013800_00040,6462.0,6462.0,6462.0,True,0.0,False,True
4507013819_00010,837.0,837.0,837.0,True,0.0,False,True
4507013821_00010,16170.0,16170.0,16170.0,True,0.0,True,True
4507013835_00020,34.0,34.0,34.0,True,0.0,False,False
4507013840_00050,69.0,69.0,69.0,True,0.0,False,False
4507013843_00010,103.0,103.0,103.0,True,0.0,False,False
4507013843_00020,3.0,3.0,3.0,True,0.0,False,False
4507013857_00010,9.0,9.0,9.0,True,0.0,False,False
4507013857_00020,199.0,199.0,199.0,True,0.0,False,False
4507013858_00010,311.0,311.0,311.0,True,0.0,False,False
4507013858_00020,207.0,207.0,207.0,True,0.0,False,False
4507013858_00030,207.0,207.0,207.0,True,0.0,False,False
4507013862_00010,826.0,826.0,826.0,True,0.0,False,True
4507013863_00010,745.0,745.0,745.0,True,0.0,True,True
4507013920_00030,47.0,47.0,47.0,True,0.0,False,True
4507013920_00070,257.0,257.0,257.0,True,0.0,False,True
4507013920_00080,16.0,16.0,16.0,True,0.0,False,True
4507013925_00020,44.0,44.0,44.0,True,0.0,False,True
4507013932_00010,78.0,78.0,78.0,True,0.0,True,True
4507013932_00020,78.0,78.0,78.0,True,0.0,True,True
4507013932_00030,78.0,78.0,78.0,True,0.0,True,True
4507013973_00010,39.0,39.0,39.0,True,0.0,False,False
4507014006_00010,2040.0,2040.0,2040.0,True,0.0,False,True
4507014006_00020,285.0,285.0,285.0,True,0.0,False,True
4507014006_00030,475.0,475.0,475.0,True,0.0,False,True
4507014006_00040,405.0,405.0,405.0,True,0.0,False,True
4507014011_00010,1198.0,1198.0,1198.0,True,0.0,True,True
4507014016_00020,207.0,207.0,207.0,True,0.0,False,True
4507014018_00020,1378.0,1378.0,1378.0,True,0.0,False,False
4507014023_00010,424.0,424.0,424.0,True,0.0,False,True
4507014023_00020,303.0,303.0,303.0,True,0.0,False,True
4507014023_00030,303.0,303.0,303.0,True,0.0,False,True
4507014023_00040,303.0,303.0,303.0,True,0.0,False,True
4507014023_00050,303.0,303.0,303.0,True,0.0,False,True
4507014027_00030,114.0,114.0,114.0,True,0.0,True,True
4507014029_00050,972.0,972.0,972.0,True,0.0,False,True
4507014033_00100,264.0,264.0,264.0,True,0.0,False,True
4507014037_00030,297.0,297.0,297.0,True,0.0,False,True
4507014043_00100,1550.0,1550.0,1550.0,True,0.0,False,True
4507014053_00100,3537.0,3537.0,3537.0,True,0.0,True,True
4507014158_00010,78.0,78.0,78.0,True,0.0,True,True
4507014162_00010,424.0,424.0,424.0,True,0.0,False,True
4507014194_00001,397.0,1191.0,397.0,False,794.0,False,True
4507014195_00001,89.0,89.0,89.0,True,0.0,False,False
4507014226_00020,177.0,177.0,177.0,True,0.0,False,True
4507014226_00030,59.0,59.0,59.0,True,0.0,False,True
4507014226_00040,116.0,116.0,116.0,True,0.0,False,True
4507014226_00060,122.0,122.0,122.0,True,0.0,False,True
4507014226_00100,27.0,27.0,27.0,True,0.0,False,True
4507014244_00260,50.0,50.0,50.0,True,0.0,True,True
4507014244_00300,20.0,20.0,20.0,True,0.0,True,True
4507014244_00310,35.0,35.0,35.0,True,0.0,True,True
4507014276_00010,506.0,506.0,506.0,True,0.0,False,True
4507014282_00020,3741.0,3741.0,3741.0,True,0.0,False,True
4507014301_00010,4877.0,4877.0,4877.0,True,0.0,False,True
4507014302_00040,834.0,834.0,834.0,True,0.0,False,True
4507014303_00010,801.0,801.0,801.0,True,0.0,False,True
4507014303_00020,834.0,834.0,834.0,True,0.0,False,True
4507014347_00010,396.0,396.0,396.0,True,0.0,True,True
4507014356_00010,285.0,285.0,285.0,True,0.0,False,True
4507014360_00010,6754.0,6754.0,6754.0,True,0.0,True,True
4507014360_00030,5438.0,5438.0,5438.0,True,0.0,False,True
4507014397_00010,39075.0,39075.0,39075.0,True,0.0,False,True
4507014398_00010,7789.0,7789.0,7789.0,True,0.0,False,True
4507014398_00020,4073.0,4073.0,4073.0,True,0.0,True,True
4507014398_00030,1663.0,1663.0,1663.0,True,0.0,False,True
4507014398_00040,2036.0,2036.0,2036.0,True,0.0,False,True
4507014401_00010,1766.0,1766.0,1766.0,True,0.0,False,True
4507014401_00030,1581.0,1581.0,1581.0,True,0.0,False,True
4507014414_00001,1428.0,1428.0,1428.0,True,0.0,False,True
4507014422_00010,333.0,333.0,333.0,True,0.0,True,True
4507014422_00020,640.0,640.0,640.0,True,0.0,True,True
4507014422_00030,359.0,359.0,359.0,True,0.0,True,True
4507014422_00040,180.0,180.0,180.0,True,0.0,True,True
4507014422_00050,721.0,721.0,721.0,True,0.0,True,True
4507014422_00080,309.0,309.0,309.0,True,0.0,True,True
4507014422_00090,828.0,828.0,828.0,True,0.0,True,True
4507014422_00100,2008.0,2008.0,2008.0,True,0.0,True,True
4507014427_00010,187.0,187.0,187.0,True,0.0,True,True
4507014451_00020,34.0,34.0,34.0,True,0.0,False,False
4507014451_00040,34.0,34.0,34.0,True,0.0,False,False
4507014451_00070,34.0,34.0,34.0,True,0.0,False,False
4507014465_00010,940.0,940.0,940.0,True,0.0,True,True
4507014520_00010,310.0,310.0,310.0,True,0.0,False,True
4507014524_00010,121.0,121.0,121.0,True,0.0,False,True
4507014524_00020,121.0,121.0,121.0,True,0.0,False,True
4507014524_00030,121.0,121.0,121.0,True,0.0,False,True
4507014524_00040,121.0,121.0,121.0,True,0.0,False,True
4507014524_00050,121.0,121.0,121.0,True,0.0,False,True
4507014525_00010,40904.0,40904.0,40904.0,True,0.0,False,True
4507014527_00010,173.0,173.0,173.0,True,0.0,False,True
4507014527_00020,173.0,173.0,173.0,True,0.0,False,True
4507014527_00030,173.0,173.0,173.0,True,0.0,False,True
4507014527_00040,173.0,173.0,173.0,True,0.0,False,True
4507014527_00050,173.0,173.0,173.0,True,0.0,False,True
4507014527_00060,173.0,173.0,173.0,True,0.0,False,True
4507014528_00010,121.0,121.0,121.0,True,0.0,False,True
4507014537_00050,781.0,781.0,781.0,True,0.0,True,True
4507014537_00060,73.0,73.0,73.0,True,0.0,True,True
4507014537_00070,201.0,201.0,201.0,True,0.0,True,True
4507014537_00100,127.0,127.0,127.0,True,0.0,True,True
4507014537_00110,15.0,15.0,15.0,True,0.0,True,True
4507014537_00180,290.0,290.0,290.0,True,0.0,True,True
4507014537_00270,676.0,676.0,676.0,True,0.0,True,True
4507014537_00310,222.0,222.0,222.0,True,0.0,False,True
4507014572_00001,675.0,2026.0,675.0,False,1351.0,False,True
4507014579_00060,138.0,138.0,138.0,True,0.0,False,True
4507014579_00070,138.0,138.0,138.0,True,0.0,False,True
4507014579_00080,138.0,138.0,138.0,True,0.0,False,True
4507014579_00090,225.0,225.0,225.0,True,0.0,False,True
4507014579_00140,64.0,64.0,64.0,True,0.0,True,True
4507014579_00150,76.0,76.0,76.0,True,0.0,True,True
4507014579_00160,48.0,48.0,48.0,True,0.0,True,True
4507014579_00170,231.0,231.0,231.0,True,0.0,True,True
4507014579_00180,231.0,231.0,231.0,True,0.0,True,True
4507014579_00190,43.0,43.0,43.0,True,0.0,True,True
4507014620_00030,54.0,54.0,54.0,True,0.0,False,True
4507014683_00010,27678.0,27678.0,27678.0,True,0.0,False,True
4507014751_00010,48594.0,48594.0,48594.0,True,0.0,True,True
4507014752_00010,48594.0,48594.0,48594.0,True,0.0,False,True
4507014760_00060,63.0,63.0,63.0,True,0.0,True,True
4507014760_00080,331.0,331.0,331.0,True,0.0,False,True
4507014761_00200,1740.0,1740.0,1740.0,True,0.0,True,True
4507014761_00210,680.0,680.0,680.0,True,0.0,True,True
4507014761_00220,2584.0,2584.0,2584.0,True,0.0,False,True
4507014762_00050,1332.0,1332.0,1332.0,True,0.0,False,True
4507014764_00010,12055.0,12055.0,12055.0,True,0.0,False,True
4507014796_00010,1202.0,1202.0,1202.0,True,0.0,False,True
4507014803_00130,1303.0,1303.0,1303.0,True,0.0,False,True
4507014803_00140,651.0,651.0,651.0,True,0.0,False,True
4507014803_00150,606.0,606.0,606.0,True,0.0,False,True
4507014803_00160,242.0,242.0,242.0,True,0.0,False,True
4507014803_00170,241.0,241.0,241.0,True,0.0,False,True
4507014803_00180,231.0,231.0,231.0,True,0.0,False,True
4507014803_00190,178.0,178.0,178.0,True,0.0,False,True
4507014803_00210,130.0,130.0,130.0,True,0.0,False,True
4507014803_00220,130.0,130.0,130.0,True,0.0,False,True
4507014803_00230,130.0,130.0,130.0,True,0.0,False,True
4507014803_00240,130.0,130.0,130.0,True,0.0,False,True
4507014803_00250,130.0,130.0,130.0,True,0.0,False,True
4507014803_00260,130.0,130.0,130.0,True,0.0,False,True
4507014803_00270,130.0,130.0,130.0,True,0.0,False,True
4507014803_00280,130.0,130.0,130.0,True,0.0,False,True
4507014803_00290,361.0,361.0,361.0,True,0.0,True,True
4507014803_00300,361.0,361.0,361.0,True,0.0,True,True
4507014803_00310,130.0,130.0,130.0,True,0.0,False,True
4507014803_00320,130.0,130.0,130.0,True,0.0,False,True
4507014803_00330,130.0,130.0,130.0,True,0.0,False,True
4507014803_00340,130.0,130.0,130.0,True,0.0,False,True
4507014803_00350,130.0,130.0,130.0,True,0.0,False,True
4507014803_00360,130.0,130.0,130.0,True,0.0,False,True
4507014803_00370,130.0,130.0,130.0,True,0.0,False,True
4507014803_00380,130.0,130.0,130.0,True,0.0,False,True
4507014803_00390,361.0,361.0,361.0,True,0.0,True,True
4507014803_00400,361.0,361.0,361.0,True,0.0,True,True
4507014803_00410,130.0,130.0,130.0,True,0.0,False,True
4507014803_00420,130.0,130.0,130.0,True,0.0,False,True
4507014803_00530,627.0,627.0,627.0,True,0.0,False,True
4507014803_00540,211.0,211.0,211.0,True,0.0,False,True
4507014803_00550,223.0,223.0,223.0,True,0.0,False,True
4507014803_00560,345.0,345.0,345.0,True,0.0,False,True
4507014812_00010,21253.0,21253.0,21253.0,True,0.0,True,True
4507014816_00010,25461.0,25461.0,25461.0,True,0.0,False,True
4507014840_00010,3609.0,3609.0,3609.0,True,0.0,False,True
4507014840_00020,541.0,541.0,541.0,True,0.0,True,True
4507014842_00280,417.0,417.0,417.0,True,0.0,True,True
4507014842_00310,973.0,973.0,973.0,True,0.0,False,True
4507014842_00320,602.0,602.0,602.0,True,0.0,True,True
4507014842_00330,1276.0,1276.0,1276.0,True,0.0,False,True
4507014842_00340,3960.0,3960.0,3960.0,True,0.0,True,True
4507014842_00360,3168.0,3168.0,3168.0,True,0.0,True,True
4507014842_00370,1188.0,1188.0,1188.0,True,0.0,True,True
4507014842_00380,1670.0,1670.0,1670.0,True,0.0,False,True
4507014842_00400,1516.0,1516.0,1516.0,True,0.0,True,True
4507014842_00410,4259.0,4259.0,4259.0,True,0.0,True,True
4507014842_00420,851.0,851.0,851.0,True,0.0,True,True
4507014842_00430,823.0,823.0,823.0,True,0.0,True,True
4507014842_00520,396.0,396.0,396.0,True,0.0,True,True
4507014843_00010,281.0,281.0,281.0,True,0.0,False,True
4507014844_00010,430.0,430.0,430.0,True,0.0,False,True
4507014844_00020,3446.0,3446.0,3446.0,True,0.0,False,True
4507014844_00030,1047.0,1047.0,1047.0,True,0.0,False,True
4507014844_00040,1292.0,1292.0,1292.0,True,0.0,False,True
4507014845_00010,2596.0,2596.0,2596.0,True,0.0,False,True
4507014848_00001,941.0,626756.0,6587.0,False,625815.0,False,True
4507014886_00110,148.0,148.0,148.0,True,0.0,False,True
4507014923_00020,50.0,50.0,50.0,True,0.0,False,True
4507014923_00030,122.0,122.0,122.0,True,0.0,False,True
4507014923_00040,122.0,122.0,122.0,True,0.0,False,True
4507014923_00080,407.0,407.0,407.0,True,0.0,False,True
4507014930_00030,265.0,265.0,265.0,True,0.0,True,True
4507014937_00010,51.0,51.0,51.0,True,0.0,False,False
4507014937_00020,51.0,51.0,51.0,True,0.0,False,False
4507014937_00030,51.0,51.0,51.0,True,0.0,False,False
4507014941_00030,468.0,468.0,468.0,True,0.0,False,True
4507014951_00010,173.0,173.0,173.0,True,0.0,False,True
4507014951_00020,341.0,341.0,341.0,True,0.0,False,False
4507014957_00030,1181.0,1181.0,1181.0,True,0.0,False,True
4507014960_00050,368.0,368.0,368.0,True,0.0,False,True
4507014970_00030,2027.0,2027.0,2027.0,True,0.0,False,True
4507014996_00010,16004.0,16004.0,16004.0,True,0.0,True,True
4507015039_00090,25.0,25.0,25.0,True,0.0,False,True
4507015039_00190,356.0,356.0,356.0,True,0.0,False,True
4507015042_00010,63.0,63.0,63.0,True,0.0,False,True
4507015048_00010,4330.0,4330.0,4330.0,True,0.0,False,True
4507015061_00010,3430.0,3430.0,3430.0,True,0.0,False,True
4507015066_00010,23122.0,23122.0,23122.0,True,0.0,False,True
4507015092_00010,9266.0,9266.0,9266.0,True,0.0,False,True
4507015109_00010,775.0,775.0,775.0,True,0.0,False,True
4507015109_00020,444.0,444.0,444.0,True,0.0,False,True
4507015109_00030,391.0,391.0,391.0,True,0.0,False,True
4507015109_00050,912.0,912.0,912.0,True,0.0,False,True
4507015109_00060,178.0,178.0,178.0,True,0.0,False,True
4507015109_00070,260.0,260.0,260.0,True,0.0,False,True
4507015117_00010,48400.0,48400.0,48400.0,True,0.0,False,True
4507015137_00010,424.0,424.0,424.0,True,0.0,False,True
4507015137_00020,424.0,424.0,424.0,True,0.0,False,True
4507015188_00010,155.0,155.0,155.0,True,0.0,True,True
4507015195_00010,679.0,679.0,679.0,True,0.0,False,True
4507015202_00010,536.0,536.0,536.0,True,0.0,True,True
4507015268_00010,50.0,50.0,50.0,True,0.0,False,True
4507015274_00010,449.0,449.0,449.0,True,0.0,False,True
4507015274_00020,449.0,449.0,449.0,True,0.0,False,True
4507015274_00040,187.0,187.0,187.0,True,0.0,False,True
4507015274_00070,96.0,96.0,96.0,True,0.0,True,True
4507015274_00080,231.0,231.0,231.0,True,0.0,True,True
4507015274_00200,131.0,131.0,131.0,True,0.0,False,True
4507015274_00210,41.0,41.0,41.0,True,0.0,False,True
4507015333_00010,45033.0,45033.0,45033.0,True,0.0,False,True
4507015349_00010,48594.0,48594.0,48594.0,True,0.0,False,True
4507015355_00010,1944.0,1944.0,1944.0,True,0.0,False,True
4507015378_00010,39.0,39.0,39.0,True,0.0,False,False
4507015378_00020,19.0,19.0,19.0,True,0.0,False,False
4507015381_00010,1053.0,1053.0,1053.0,True,0.0,False,True
4507015387_00010,4645.0,4645.0,4645.0,True,0.0,False,True
4507015409_00010,538.0,538.0,538.0,True,0.0,False,True
4507015409_00020,8122.0,8122.0,8122.0,True,0.0,False,True
4507015409_00030,812.0,812.0,812.0,True,0.0,False,True
4507015444_00001,80.0,80.0,80.0,True,0.0,False,False
4507015477_00001,1089.0,168895.0,2179.0,False,167806.0,False,True
4507015515_00030,78.0,78.0,78.0,True,0.0,True,True
4507015515_00040,78.0,78.0,78.0,True,0.0,True,True
4507015559_00050,178.0,178.0,178.0,True,0.0,False,True
4507015565_00040,34.0,34.0,34.0,True,0.0,False,False
4507015594_00010,121.0,121.0,121.0,True,0.0,False,True
4507015671_00020,9.0,9.0,9.0,True,0.0,False,False
4507015678_00010,9002.0,9002.0,9002.0,True,0.0,True,True
4507015686_00010,4037.0,4037.0,4037.0,True,0.0,False,True
4507015687_00010,4.0,4.0,4.0,True,0.0,False,False
4507015688_00010,16586.0,16586.0,16586.0,True,0.0,True,True
4507015691_00010,9872.0,9872.0,9872.0,True,0.0,False,True
4507015727_00010,33497.0,66995.0,66995.0,False,33498.0,True,True
4507015787_00010,4127.0,4127.0,4127.0,True,0.0,False,True
4507015788_00010,1788.0,1788.0,1788.0,True,0.0,True,True
4507015788_00020,3103.0,3103.0,3103.0,True,0.0,True,True
4507015788_00030,667.0,667.0,667.0,True,0.0,True,True
4507015788_00040,2563.0,2563.0,2563.0,True,0.0,True,True
4507015788_00050,124.0,124.0,124.0,True,0.0,True,True
4507015789_00070,104.0,104.0,104.0,True,0.0,False,True
4507015789_00110,413.0,413.0,413.0,True,0.0,False,True
4507015789_00120,1087.0,1087.0,1087.0,True,0.0,False,True
4507015789_00220,331.0,331.0,331.0,True,0.0,True,True
4507015789_00230,318.0,318.0,318.0,True,0.0,True,True
4507015789_00320,827.0,827.0,827.0,True,0.0,True,True
4507015789_00330,413.0,413.0,413.0,True,0.0,False,True
4507015789_00360,331.0,331.0,331.0,True,0.0,False,True
4507015789_00370,59.0,59.0,59.0,True,0.0,True,True
4507015789_00380,234.0,234.0,234.0,True,0.0,True,True
4507015789_00390,85.0,85.0,85.0,True,0.0,False,True
4507015790_00020,6238.0,6238.0,6238.0,True,0.0,False,True
4507015791_00020,281.0,281.0,281.0,True,0.0,False,True
4507015792_00020,6238.0,6238.0,6238.0,True,0.0,False,True
4507015793_00020,6972.0,6972.0,6972.0,True,0.0,False,True
4507015795_00001,886.0,619432.0,7089.0,False,618546.0,False,True
4507015819_00010,90.0,90.0,90.0,True,0.0,False,True
4507015819_00020,100.0,100.0,100.0,True,0.0,False,True
4507015819_00030,126.0,126.0,126.0,True,0.0,False,True
4507015819_00040,251.0,251.0,251.0,True,0.0,False,True
4507015819_00060,240.0,240.0,240.0,True,0.0,False,True
4507015819_00070,240.0,240.0,240.0,True,0.0,False,True
4507015819_00080,59.0,59.0,59.0,True,0.0,False,True
4507015819_00090,33.0,33.0,33.0,True,0.0,True,True
4507015819_00140,240.0,240.0,240.0,True,0.0,False,True
4507015842_00140,38.0,38.0,38.0,True,0.0,False,True
4507015865_00120,59.0,59.0,59.0,True,0.0,False,True
4507015865_00130,54.0,54.0,54.0,True,0.0,False,True
4507015867_00440,72.0,72.0,72.0,True,0.0,False,True
4507015867_00590,20.0,20.0,20.0,True,0.0,False,True
4507015867_00720,31.0,31.0,31.0,True,0.0,False,True
4507015867_00730,89.0,89.0,89.0,True,0.0,False,True
4507015867_00740,25.0,25.0,25.0,True,0.0,False,True
4507015885_00010,79.0,79.0,79.0,True,0.0,False,False
4507015885_00020,79.0,79.0,79.0,True,0.0,False,False
4507015885_00030,9.0,9.0,9.0,True,0.0,False,False
4507015894_00040,56.0,56.0,56.0,True,0.0,False,True
4507015913_00030,96.0,96.0,96.0,True,0.0,True,True
4507015937_00010,2029.0,2029.0,2029.0,True,0.0,False,True
4507015939_00010,8692.0,8692.0,8692.0,True,0.0,False,True
4507015966_00010,4699.0,4699.0,4699.0,True,0.0,False,True
4507015984_00010,48594.0,48594.0,48594.0,True,0.0,True,True
4507015987_00010,35832.0,35832.0,35832.0,True,0.0,True,True
4507016001_00030,2534.0,2534.0,2534.0,True,0.0,False,True
4507016002_00010,533.0,533.0,533.0,True,0.0,False,True
4507016002_00020,2213.0,2213.0,2213.0,True,0.0,False,True
4507016002_00030,5137.0,5137.0,5137.0,True,0.0,False,True
4507016002_00040,3398.0,3398.0,3398.0,True,0.0,False,True
4507016002_00050,3348.0,3348.0,3348.0,True,0.0,False,True
4507016006_00010,497.0,497.0,497.0,True,0.0,False,True
4507016006_00020,814.0,814.0,814.0,True,0.0,False,True
4507016006_00030,240.0,240.0,240.0,True,0.0,False,True
4507016049_00020,18.0,18.0,18.0,True,0.0,True,True
4507016049_00030,12.0,12.0,12.0,True,0.0,True,True
4507016049_00040,10.0,10.0,10.0,True,0.0,True,True
4507016050_00010,4721.0,4721.0,4721.0,True,0.0,True,True
4507016055_00010,39075.0,39075.0,39075.0,True,0.0,False,True
4507016065_00150,826.0,826.0,826.0,True,0.0,True,True
4507016065_00190,983.0,983.0,983.0,True,0.0,False,True
4507016065_00230,517.0,517.0,517.0,True,0.0,False,True
4507016065_00290,826.0,826.0,826.0,True,0.0,False,True
4507016065_00310,503.0,503.0,503.0,True,0.0,False,True
4507016065_00320,1696.0,1696.0,1696.0,True,0.0,False,True
4507016065_00330,680.0,680.0,680.0,True,0.0,False,True
4507016067_00180,1253.0,1253.0,1253.0,True,0.0,True,True
4507016067_00220,1276.0,1276.0,1276.0,True,0.0,True,True
4507016067_00240,1516.0,1516.0,1516.0,True,0.0,True,True
4507016067_00250,851.0,851.0,851.0,True,0.0,True,True
4507016067_00350,2410.0,2410.0,2410.0,True,0.0,True,True
4507016067_00360,2869.0,2869.0,2869.0,True,0.0,True,True
4507016067_00370,1584.0,1584.0,1584.0,True,0.0,True,True
4507016067_00380,1627.0,1627.0,1627.0,True,0.0,False,True
4507016071_00010,9171.0,9171.0,9171.0,True,0.0,False,True
4507016073_00010,14995.0,14995.0,14995.0,True,0.0,False,True
4507016084_00010,48594.0,48594.0,48594.0,True,0.0,False,True
4507016086_00010,37550.0,37550.0,37550.0,True,0.0,False,True
4507016088_00010,33531.0,33531.0,33531.0,True,0.0,True,True
4507016127_00050,1212.0,1212.0,1212.0,True,0.0,False,True
4507016127_00060,969.0,969.0,969.0,True,0.0,False,True
4507016151_00010,72.0,72.0,72.0,True,0.0,True,True
4507016151_00040,659.0,659.0,659.0,True,0.0,True,True
4507016151_00050,68.0,68.0,68.0,True,0.0,True,True
4507016151_00070,115.0,115.0,115.0,True,0.0,True,True
4507016165_00010,51.0,51.0,51.0,True,0.0,False,False
4507016165_00020,51.0,51.0,51.0,True,0.0,False,False
4507016165_00030,207.0,207.0,207.0,True,0.0,False,False
4507016165_00040,207.0,207.0,207.0,True,0.0,False,False
4507016165_00050,51.0,51.0,51.0,True,0.0,False,False
4507016206_00020,59.0,59.0,59.0,True,0.0,False,True
4507016220_00010,16004.0,32008.0,32008.0,False,16004.0,True,True
4507016220_00020,6616.0,6616.0,6616.0,True,0.0,True,True
4507016220_00030,8329.0,8329.0,8329.0,True,0.0,True,True
4507016220_00040,17043.0,17043.0,17043.0,True,0.0,True,True
4507016265_00010,209.0,209.0,209.0,True,0.0,False,True
4507016268_00010,138.0,138.0,138.0,True,0.0,False,True
4507016271_00010,417.0,417.0,417.0,True,0.0,True,True
4507016278_00010,5310.0,5310.0,5310.0,True,0.0,True,True
4507016279_00010,420.0,420.0,420.0,True,0.0,False,True
4507016310_00010,121.0,121.0,121.0,True,0.0,False,False
4507016310_00020,121.0,121.0,121.0,True,0.0,False,False
4507016310_00030,121.0,121.0,121.0,True,0.0,False,False
4507016310_00040,121.0,121.0,121.0,True,0.0,False,False
4507016310_00050,121.0,121.0,121.0,True,0.0,False,False
4507016310_00060,121.0,121.0,121.0,True,0.0,False,False
4507016333_00010,3587.0,3587.0,3587.0,True,0.0,True,True
4507016340_00010,29877.0,29877.0,29877.0,True,0.0,False,True
4507016341_00010,76088.0,76088.0,76088.0,True,0.0,True,True
4507016349_00040,130.0,130.0,130.0,True,0.0,False,True
4507016349_00050,241.0,241.0,241.0,True,0.0,False,True
4507016349_00060,248.0,248.0,248.0,True,0.0,False,True
4507016349_00070,359.0,359.0,359.0,True,0.0,True,True
4507016381_00010,1375.0,1375.0,1375.0,True,0.0,False,True
4507016394_00010,63.0,63.0,63.0,True,0.0,False,True
4507016399_00001,1142.0,876187.0,9138.0,False,875045.0,False,True
4507016403_00001,9.0,9.0,9.0,True,0.0,False,False
4507016447_00050,177.0,177.0,177.0,True,0.0,False,True
4507016447_00060,59.0,59.0,59.0,True,0.0,False,True
4507016454_00030,7757.0,7757.0,7757.0,True,0.0,False,False
4507016464_00030,5289.0,5289.0,5289.0,True,0.0,False,True
4507016470_00220,29.0,29.0,29.0,True,0.0,False,True
4507016656_00010,978.0,978.0,978.0,True,0.0,False,False
4507016755_00010,19569.0,19569.0,19569.0,True,0.0,True,True
4507016769_00001,125.0,125.0,125.0,True,0.0,False,True
4507016770_00001,423.0,423.0,423.0,True,0.0,False,True
4507016792_00030,177.0,177.0,177.0,True,0.0,False,True
4507016793_00160,48.0,48.0,48.0,True,0.0,True,True
4507016793_00170,121.0,121.0,121.0,True,0.0,True,True
4507016805_00010,25.0,25.0,25.0,True,0.0,False,True
4507016805_00020,101.0,101.0,101.0,True,0.0,False,True
4507016811_00010,3585.0,3585.0,3585.0,True,0.0,True,True
4507016885_00010,1762.0,1762.0,1762.0,True,0.0,False,True
4507016919_00010,6754.0,6754.0,6754.0,True,0.0,False,True
4507016919_00020,16170.0,16170.0,16170.0,True,0.0,True,True
4507016920_00020,8494.0,8494.0,8494.0,True,0.0,True,True
4507016934_00010,103.0,103.0,103.0,True,0.0,False,True
4507016936_00010,127.0,127.0,127.0,True,0.0,False,True
4507016937_00010,981.0,981.0,981.0,True,0.0,False,True
4507016938_00010,3221.0,3221.0,3221.0,True,0.0,False,True
4507016943_00010,413.0,413.0,413.0,True,0.0,False,True
4507016952_00010,27106.0,27106.0,27106.0,True,0.0,True,True
4507016977_00010,303.0,303.0,303.0,True,0.0,False,True
4507016977_00020,303.0,303.0,303.0,True,0.0,False,True
4507016977_00030,303.0,303.0,303.0,True,0.0,False,True
4507016977_00040,303.0,303.0,303.0,True,0.0,False,True
4507016977_00050,303.0,303.0,303.0,True,0.0,False,True
4507016977_00060,303.0,303.0,303.0,True,0.0,False,True
4507016977_00070,303.0,303.0,303.0,True,0.0,False,True
4507016977_00080,424.0,424.0,424.0,True,0.0,False,True
4507016977_00090,303.0,303.0,303.0,True,0.0,False,True
4507016977_00100,303.0,303.0,303.0,True,0.0,False,True
4507016977_00110,303.0,303.0,303.0,True,0.0,False,True
4507016977_00120,303.0,303.0,303.0,True,0.0,False,True
4507016977_00130,303.0,303.0,303.0,True,0.0,False,True
4507016977_00140,303.0,303.0,303.0,True,0.0,False,True
4507016977_00150,303.0,303.0,303.0,True,0.0,False,True
4507016977_00160,424.0,424.0,424.0,True,0.0,False,True
4507016977_00170,303.0,303.0,303.0,True,0.0,False,True
4507016987_00010,63.0,63.0,63.0,True,0.0,False,True
4507016992_00010,211.0,211.0,211.0,True,0.0,False,True
4507016992_00070,1564.0,1564.0,1564.0,True,0.0,False,True
4507016992_00080,347.0,347.0,347.0,True,0.0,False,True
4507016992_00120,782.0,782.0,782.0,True,0.0,False,True
4507016992_00130,301.0,301.0,301.0,True,0.0,False,True
4507016992_00140,1043.0,1043.0,1043.0,True,0.0,False,True
4507016992_00240,651.0,651.0,651.0,True,0.0,False,True
4507016992_00250,782.0,782.0,782.0,True,0.0,False,True
4507016992_00260,1173.0,1173.0,1173.0,True,0.0,False,True
4507016992_00270,522.0,522.0,522.0,True,0.0,False,True
4507016992_00280,1043.0,1043.0,1043.0,True,0.0,False,True
4507016992_00290,367.0,367.0,367.0,True,0.0,False,True
4507016992_00300,298.0,298.0,298.0,True,0.0,False,True
4507016995_00040,598.0,598.0,598.0,True,0.0,False,True
4507017037_00020,4588.0,4588.0,4588.0,True,0.0,True,True
4507017084_00001,536.0,536.0,536.0,True,0.0,False,True
4507017095_00050,779.0,779.0,779.0,True,0.0,True,True
4507017096_00080,1454.0,1454.0,1454.0,True,0.0,True,True
4507017126_00040,78.0,78.0,78.0,True,0.0,True,True
4507017130_00060,169.0,169.0,169.0,True,0.0,False,True
4507017130_00080,21.0,21.0,21.0,True,0.0,True,True
4507017142_00020,78.0,78.0,78.0,True,0.0,True,True
4507017146_00030,684.0,684.0,684.0,True,0.0,False,True
4507017148_00060,263.0,263.0,263.0,True,0.0,True,True
4507017149_00010,1065.0,1065.0,1065.0,True,0.0,True,True
4507017158_00040,74.0,74.0,74.0,True,0.0,False,True
4507017193_00010,39.0,39.0,39.0,True,0.0,False,False
4507017206_00010,449.0,449.0,449.0,True,0.0,False,True
4507017228_00010,2095.0,2095.0,2095.0,True,0.0,False,True
4507017256_00010,3290.0,3290.0,3290.0,True,0.0,False,True
4507017264_00010,3372.0,3372.0,3372.0,True,0.0,False,True
4507017275_00010,4330.0,4330.0,4330.0,True,0.0,False,True
4507017305_00020,1603.0,1603.0,1603.0,True,0.0,False,True
4507017310_00010,392.0,392.0,392.0,True,0.0,False,True
4507017347_00040,1558.0,1558.0,1558.0,True,0.0,True,True
4507017347_00050,2421.0,2421.0,2421.0,True,0.0,True,True
4507017347_00060,2572.0,2572.0,2572.0,True,0.0,True,True
4507017347_00070,4409.0,4409.0,4409.0,True,0.0,True,True
4507017347_00080,2546.0,2546.0,2546.0,True,0.0,True,True
4507017352_00020,63.0,63.0,63.0,True,0.0,False,True
4507017352_00030,63.0,63.0,63.0,True,0.0,False,True
4507017363_00020,308.0,308.0,308.0,True,0.0,False,True
4507017363_00030,308.0,308.0,308.0,True,0.0,False,True
4507017363_00050,651.0,651.0,651.0,True,0.0,False,True
4507017363_00060,361.0,361.0,361.0,True,0.0,True,True
4507017363_00070,361.0,361.0,361.0,True,0.0,True,True
4507017363_00080,391.0,391.0,391.0,True,0.0,False,True
4507017363_00090,391.0,391.0,391.0,True,0.0,False,True
4507017363_00120,260.0,260.0,260.0,True,0.0,False,True
4507017363_00150,881.0,881.0,881.0,True,0.0,False,True
4507017369_00010,63.0,63.0,63.0,True,0.0,False,True
4507017369_00020,63.0,63.0,63.0,True,0.0,False,True
4507017380_00010,845.0,845.0,845.0,True,0.0,False,True
4507017380_00020,308.0,308.0,308.0,True,0.0,False,True
4507017400_00010,3.0,3.0,3.0,True,0.0,False,False
4507017403_00020,6.0,6.0,6.0,True,0.0,False,False
4507017452_00010,1039.0,1039.0,1039.0,True,0.0,False,True
4507017479_00001,663.0,282457.0,3315.0,False,281794.0,False,True
4507017482_00001,1058.0,1058.0,1058.0,True,0.0,False,True
4507017498_00020,29.0,29.0,29.0,True,0.0,True,True
4507017538_00080,1691.0,1691.0,1691.0,True,0.0,False,True
4507017540_00010,285.0,285.0,285.0,True,0.0,False,True
4507017540_00020,413.0,413.0,413.0,True,0.0,False,True
4507017540_00030,145.0,145.0,145.0,True,0.0,False,True
4507017540_00040,25.0,25.0,25.0,True,0.0,False,True
4507017540_00140,122.0,122.0,122.0,True,0.0,False,True
4507017540_00150,126.0,126.0,126.0,True,0.0,False,True
4507017605_00010,234.0,234.0,234.0,True,0.0,False,True
4507017605_00020,147.0,147.0,147.0,True,0.0,False,True
4507017610_00010,73.0,73.0,73.0,True,0.0,False,True
4507017613_00010,303.0,303.0,303.0,True,0.0,False,False
4507017681_00001,1428.0,1428.0,1428.0,True,0.0,False,True
4507017722_00010,49.0,49.0,49.0,True,0.0,False,False
4507017790_00010,34.0,34.0,34.0,True,0.0,False,False
4507017841_00020,92.0,92.0,92.0,True,0.0,False,True
4507017841_00070,19.0,19.0,19.0,True,0.0,False,True
4507017841_00080,28.0,28.0,28.0,True,0.0,False,True
4507017841_00090,52.0,52.0,52.0,True,0.0,False,True
4507017841_00100,48.0,48.0,48.0,True,0.0,False,True
4507017841_00120,72.0,72.0,72.0,True,0.0,True,True
4507017841_00130,48.0,48.0,48.0,True,0.0,True,True
4507017841_00140,72.0,72.0,72.0,True,0.0,True,True
4507017841_00150,121.0,121.0,121.0,True,0.0,True,True
4507017841_00350,82.0,82.0,82.0,True,0.0,False,True
4507017841_00360,8.0,8.0,8.0,True,0.0,False,True
4507017841_00370,8.0,8.0,8.0,True,0.0,False,True
4507017841_00380,363.0,363.0,363.0,True,0.0,False,True
4507017845_00010,17.0,17.0,17.0,True,0.0,False,True
4507017889_00010,25461.0,25461.0,25461.0,True,0.0,False,True
4507017889_00020,16004.0,16004.0,16004.0,True,0.0,True,True
4507017889_00030,3325.0,3325.0,3325.0,True,0.0,False,True
4507017890_00020,109.0,109.0,109.0,True,0.0,False,True
4507017911_00010,3136.0,3136.0,3136.0,True,0.0,False,True
4507017997_00010,5830.0,5830.0,5830.0,True,0.0,True,True
4507018017_00010,19.0,19.0,19.0,True,0.0,False,False
4507018039_00010,197.0,197.0,197.0,True,0.0,False,True
4507018049_00010,41013.0,41013.0,41013.0,True,0.0,True,True
4507018052_00010,413.0,413.0,413.0,True,0.0,False,True
4507018052_00020,1144.0,1144.0,1144.0,True,0.0,False,True
4507018052_00030,181.0,181.0,181.0,True,0.0,False,True
4507018061_00070,2561.0,2561.0,2561.0,True,0.0,True,True
4507018067_00010,48594.0,48594.0,48594.0,True,0.0,False,True
4507018072_00010,54668.0,54668.0,54668.0,True,0.0,True,True
4507018078_00080,1454.0,1454.0,1454.0,True,0.0,True,True
4507018080_00010,54668.0,54668.0,54668.0,True,0.0,False,True
4507018083_00010,40904.0,40904.0,40904.0,True,0.0,False,True
4507018087_00010,266.0,266.0,266.0,True,0.0,False,True
4507018087_00020,3796.0,3796.0,3796.0,True,0.0,True,True
4507018088_00010,1838.0,1838.0,1838.0,True,0.0,True,True
4507018088_00020,5775.0,5775.0,5775.0,True,0.0,True,True
4507018088_00030,1079.0,1079.0,1079.0,True,0.0,False,True
4507018088_00040,45.0,45.0,45.0,True,0.0,True,True
4507018090_00090,413.0,413.0,413.0,True,0.0,False,True
4507018090_00150,25.0,25.0,25.0,True,0.0,False,True
4507018090_00160,290.0,290.0,290.0,True,0.0,False,True
4507018090_00170,73.0,73.0,73.0,True,0.0,False,True
4507018090_00180,103.0,103.0,103.0,True,0.0,False,True
4507018090_00190,172.0,172.0,172.0,True,0.0,False,True
4507018090_00200,234.0,234.0,234.0,True,0.0,False,True
4507018090_00280,676.0,676.0,676.0,True,0.0,False,True
4507018090_00290,676.0,676.0,676.0,True,0.0,False,True
4507018090_00300,759.0,759.0,759.0,True,0.0,False,True
4507018090_00320,138.0,138.0,138.0,True,0.0,False,True
4507018090_00330,103.0,103.0,103.0,True,0.0,False,True
4507018090_00340,138.0,138.0,138.0,True,0.0,False,True
4507018092_00170,680.0,680.0,680.0,True,0.0,False,True
4507018092_00230,761.0,761.0,761.0,True,0.0,False,True
4507018092_00240,761.0,761.0,761.0,True,0.0,False,True
4507018093_00170,758.0,758.0,758.0,True,0.0,True,True
4507018093_00190,1276.0,1276.0,1276.0,True,0.0,True,True
4507018093_00200,406.0,406.0,406.0,True,0.0,True,True
4507018093_00220,792.0,792.0,792.0,True,0.0,True,True
4507018093_00230,775.0,775.0,775.0,True,0.0,True,True
4507018093_00240,1738.0,1738.0,1738.0,True,0.0,True,True
4507018093_00250,851.0,851.0,851.0,True,0.0,True,True
4507018093_00280,1482.0,1482.0,1482.0,True,0.0,True,True
4507018093_00360,602.0,602.0,602.0,True,0.0,True,True
4507018105_00020,267.0,267.0,267.0,True,0.0,False,True
4507018105_00030,536.0,536.0,536.0,True,0.0,False,True
4507018107_00010,4738.0,4738.0,4738.0,True,0.0,False,True
4507018107_00020,3015.0,3015.0,3015.0,True,0.0,False,True
4507018107_00030,861.0,861.0,861.0,True,0.0,False,True
4507018110_00001,761.0,481972.0,6091.0,False,481211.0,False,True
4507018125_00010,3377.0,6754.0,6754.0,False,3377.0,False,True
4507018128_00010,1442.0,1442.0,1442.0,True,0.0,False,True
4507018150_00010,124.0,124.0,124.0,True,0.0,False,True
4507018152_00010,16872.0,16872.0,16872.0,True,0.0,True,True
4507018192_00010,59.0,59.0,59.0,True,0.0,False,False
4507018192_00020,139.0,139.0,139.0,True,0.0,False,False
4507018205_00010,50.0,50.0,50.0,True,0.0,False,True
4507018220_00010,63.0,63.0,63.0,True,0.0,False,True
4507018250_00030,669.0,669.0,669.0,True,0.0,False,True
4507018258_00010,23122.0,23122.0,23122.0,True,0.0,False,True
4507018273_00040,545.0,545.0,545.0,True,0.0,False,False
4507018296_00240,8.0,8.0,8.0,True,0.0,False,False
4507018297_00010,487.0,487.0,487.0,True,0.0,False,True
4507018297_00020,1077.0,1077.0,1077.0,True,0.0,False,True
4507018297_00030,128.0,128.0,128.0,True,0.0,False,True
4507018301_00010,310.0,310.0,310.0,True,0.0,False,True
4507018311_00020,873.0,873.0,873.0,True,0.0,False,False
4507018313_00010,47203.0,47203.0,47203.0,True,0.0,True,True
4507018317_00010,44544.0,44544.0,44544.0,True,0.0,True,True
4507018326_00010,779.0,779.0,779.0,True,0.0,True,True
4507018326_00020,415.0,415.0,415.0,True,0.0,True,True
4507018326_00030,1423.0,1423.0,1423.0,True,0.0,True,True
4507018326_00040,888.0,888.0,888.0,True,0.0,True,True
4507018326_00050,615.0,615.0,615.0,True,0.0,True,True
4507018326_00060,685.0,685.0,685.0,True,0.0,True,True
4507018326_00070,484.0,484.0,484.0,True,0.0,True,True
4507018338_00010,12383.0,12383.0,12383.0,True,0.0,False,True
4507018341_00020,1352.0,1352.0,1352.0,True,0.0,False,True
4507018343_00020,2598.0,2598.0,2598.0,True,0.0,False,True
4507018350_00010,9663.0,9663.0,9663.0,True,0.0,True,True
4507018352_00010,386.0,386.0,386.0,True,0.0,False,True
4507018352_00110,260.0,260.0,260.0,True,0.0,False,True
4507018352_00120,361.0,361.0,361.0,True,0.0,True,True
4507018352_00130,221.0,221.0,221.0,True,0.0,True,True
4507018352_00140,521.0,521.0,521.0,True,0.0,False,True
4507018475_00020,449.0,449.0,449.0,True,0.0,False,True
4507018487_00010,34.0,34.0,34.0,True,0.0,False,False
4507018488_00030,121.0,121.0,121.0,True,0.0,False,False
4507018488_00040,3.0,3.0,3.0,True,0.0,False,False
4507018489_00010,20.0,20.0,20.0,True,0.0,False,False
4507018489_00020,17.0,17.0,17.0,True,0.0,False,False
4507018527_00010,826.0,826.0,826.0,True,0.0,False,True
4507018605_00010,7534.0,7534.0,7534.0,True,0.0,False,True
4507018607_00010,3.0,3.0,3.0,True,0.0,False,False
4507018607_00020,103.0,103.0,103.0,True,0.0,False,False
4507018627_00010,5852.0,5852.0,5852.0,True,0.0,True,True
4507018627_00020,1332.0,1332.0,1332.0,True,0.0,True,True
4507018630_00030,417.0,417.0,417.0,True,0.0,False,True
4507018631_00040,417.0,417.0,417.0,True,0.0,False,True
4507018729_00001,351.0,20359.0,351.0,False,20008.0,False,True
4507018747_00020,78.0,78.0,78.0,True,0.0,True,True
4507018751_00020,898.0,898.0,898.0,True,0.0,False,True
4507018810_00030,4934.0,4934.0,4934.0,True,0.0,False,True
4507018811_00030,2203.0,2203.0,2203.0,True,0.0,True,True
4507018811_00040,1496.0,1496.0,1496.0,True,0.0,True,True
4507018811_00050,1569.0,1569.0,1569.0,True,0.0,True,True
4507018811_00060,4143.0,4143.0,4143.0,True,0.0,True,True
4507018838_00020,34.0,34.0,34.0,True,0.0,False,False
4507018886_00030,651.0,651.0,651.0,True,0.0,False,True
4507018886_00210,231.0,231.0,231.0,True,0.0,False,True
4507018907_00010,38174.0,38174.0,38174.0,True,0.0,True,True
4507019009_00010,34.0,34.0,34.0,True,0.0,False,True
4507019028_00001,1015.0,767928.0,8126.0,False,766913.0,False,True
4507019057_00220,183.0,183.0,183.0,True,0.0,False,True
4507019057_00230,95.0,95.0,95.0,True,0.0,False,True
4507019057_00240,95.0,95.0,95.0,True,0.0,False,True
4507019057_00250,59.0,59.0,59.0,True,0.0,False,True
4507019057_00260,236.0,236.0,236.0,True,0.0,False,True
4507019057_00270,59.0,59.0,59.0,True,0.0,False,True
4507019057_00280,236.0,236.0,236.0,True,0.0,False,True
4507019057_00300,122.0,122.0,122.0,True,0.0,False,True
4507019060_00100,873.0,873.0,873.0,True,0.0,False,True
4507019060_00110,533.0,533.0,533.0,True,0.0,False,True
4507019060_00140,724.0,724.0,724.0,True,0.0,False,True
4507019271_00010,36456.0,36456.0,36456.0,True,0.0,True,True
4507019287_00010,4503.0,4503.0,4503.0,True,0.0,True,True
4507019320_00010,39075.0,39075.0,39075.0,True,0.0,True,True
4507019368_00010,45192.0,45192.0,45192.0,True,0.0,True,True
4507019370_00010,49384.0,49384.0,49384.0,True,0.0,True,True
4507019371_00010,413.0,413.0,413.0,True,0.0,False,True
4507019372_00010,54668.0,54668.0,54668.0,True,0.0,True,True
4507019381_00180,413.0,413.0,413.0,True,0.0,False,True
4507019381_00190,413.0,413.0,413.0,True,0.0,False,True
4507019381_00200,1144.0,1144.0,1144.0,True,0.0,False,True
4507019381_00210,676.0,676.0,676.0,True,0.0,False,True
4507019381_00220,362.0,362.0,362.0,True,0.0,False,True
4507019381_00360,378.0,378.0,378.0,True,0.0,True,True
4507019381_00370,151.0,151.0,151.0,True,0.0,False,True
4507019381_00390,85.0,85.0,85.0,True,0.0,False,True
4507019381_00400,34.0,34.0,34.0,True,0.0,False,True
4507019381_00410,69.0,69.0,69.0,True,0.0,False,True
4507019381_00420,69.0,69.0,69.0,True,0.0,False,True
4507019381_00430,69.0,69.0,69.0,True,0.0,False,True
4507019381_00440,34.0,34.0,34.0,True,0.0,False,True
4507019381_00450,34.0,34.0,34.0,True,0.0,False,True
4507019381_00460,34.0,34.0,34.0,True,0.0,False,True
4507019381_00470,34.0,34.0,34.0,True,0.0,False,True
4507019381_00480,34.0,34.0,34.0,True,0.0,False,True
4507019381_00490,69.0,69.0,69.0,True,0.0,False,True
4507019381_00500,63.0,63.0,63.0,True,0.0,False,True
4507019381_00510,63.0,63.0,63.0,True,0.0,False,True
4507019381_00530,63.0,63.0,63.0,True,0.0,False,True
4507019381_00540,63.0,63.0,63.0,True,0.0,False,True
4507019381_00550,63.0,63.0,63.0,True,0.0,False,True
4507019381_00560,63.0,63.0,63.0,True,0.0,False,True
4507019381_00570,63.0,63.0,63.0,True,0.0,False,True
4507019381_00580,63.0,63.0,63.0,True,0.0,False,True
4507019381_00590,63.0,63.0,63.0,True,0.0,False,True
4507019381_00600,63.0,63.0,63.0,True,0.0,False,True
4507019381_00640,190.0,190.0,190.0,True,0.0,False,True
4507019382_00110,2593.0,2593.0,2593.0,True,0.0,False,True
4507019382_00210,7981.0,7981.0,7981.0,True,0.0,True,True
4507019382_00220,3506.0,3506.0,3506.0,True,0.0,True,True
4507019383_00070,258.0,258.0,258.0,True,0.0,False,True
4507019383_00240,761.0,761.0,761.0,True,0.0,False,True
4507019383_00300,680.0,680.0,680.0,True,0.0,True,True
4507019383_00310,842.0,842.0,842.0,True,0.0,False,True
4507019383_00320,576.0,576.0,576.0,True,0.0,True,True
4507019383_00330,826.0,826.0,826.0,True,0.0,True,True
4507019383_00380,1007.0,1007.0,1007.0,True,0.0,True,True
4507019383_00390,499.0,499.0,499.0,True,0.0,True,True
4507019383_00400,576.0,576.0,576.0,True,0.0,True,True
4507019383_00410,1565.0,1565.0,1565.0,True,0.0,True,True
4507019383_00420,2042.0,2042.0,2042.0,True,0.0,False,True
4507019384_00020,1252.0,1252.0,1252.0,True,0.0,False,True
4507019385_00010,97.0,97.0,97.0,True,0.0,False,True
4507019385_00030,581.0,581.0,581.0,True,0.0,True,True
4507019385_00040,534.0,534.0,534.0,True,0.0,True,True
4507019386_00340,1246.0,1246.0,1246.0,True,0.0,True,True
4507019386_00360,654.0,654.0,654.0,True,0.0,True,True
4507019386_00370,654.0,654.0,654.0,True,0.0,True,True
4507019386_00380,840.0,840.0,840.0,True,0.0,True,True
4507019386_00400,1637.0,1637.0,1637.0,True,0.0,True,True
4507019386_00410,431.0,431.0,431.0,True,0.0,True,True
4507019386_00430,869.0,869.0,869.0,True,0.0,True,True
4507019386_00440,869.0,869.0,869.0,True,0.0,True,True
4507019386_00450,841.0,841.0,841.0,True,0.0,True,True
4507019386_00470,757.0,757.0,757.0,True,0.0,True,True
4507019386_00500,654.0,654.0,654.0,True,0.0,True,True
4507019386_00510,851.0,851.0,851.0,True,0.0,False,True
4507019386_00630,818.0,818.0,818.0,True,0.0,True,True
4507019386_00650,9415.0,9415.0,9415.0,True,0.0,True,True
4507019386_00660,2100.0,2100.0,2100.0,True,0.0,True,True
4507019387_00020,4582.0,4582.0,4582.0,True,0.0,False,False
4507019387_00040,988.0,988.0,988.0,True,0.0,False,True
4507019387_00050,374.0,374.0,374.0,True,0.0,False,True
4507019387_00060,1663.0,1663.0,1663.0,True,0.0,False,True
4507019389_00010,493.0,493.0,493.0,True,0.0,True,True
4507019396_00001,95.0,95.0,95.0,True,0.0,False,True
4507019423_00020,4.0,4.0,4.0,True,0.0,False,False
4507019455_00050,239.0,239.0,239.0,True,0.0,False,True
4507019455_00090,19.0,19.0,19.0,True,0.0,False,True
4507019455_00100,76.0,76.0,76.0,True,0.0,True,True
4507019455_00110,24.0,24.0,24.0,True,0.0,True,True
4507019455_00120,121.0,121.0,121.0,True,0.0,True,True
4507019455_00130,145.0,145.0,145.0,True,0.0,True,True
4507019455_00140,121.0,121.0,121.0,True,0.0,True,True
4507019455_00150,138.0,138.0,138.0,True,0.0,False,True
4507019455_00160,92.0,92.0,92.0,True,0.0,False,True
4507019455_00170,257.0,257.0,257.0,True,0.0,False,True
4507019455_00280,180.0,180.0,180.0,True,0.0,False,True
4507019455_00290,98.0,98.0,98.0,True,0.0,False,True
4507019455_00300,46.0,46.0,46.0,True,0.0,False,True
4507019455_00310,23.0,23.0,23.0,True,0.0,True,True
4507019455_00320,374.0,374.0,374.0,True,0.0,False,True
4507019455_00570,726.0,726.0,726.0,True,0.0,False,True
4507019455_00580,1796.0,1796.0,1796.0,True,0.0,False,True
4507019455_00590,1231.0,1231.0,1231.0,True,0.0,False,True
4507019476_00010,121.0,121.0,121.0,True,0.0,False,True
4507019476_00020,121.0,121.0,121.0,True,0.0,False,True
4507019476_00030,121.0,121.0,121.0,True,0.0,False,True
4507019476_00040,121.0,121.0,121.0,True,0.0,False,True
4507019476_00050,121.0,121.0,121.0,True,0.0,False,True
4507019476_00060,121.0,121.0,121.0,True,0.0,False,True
4507019476_00070,121.0,121.0,121.0,True,0.0,False,True
4507019476_00080,121.0,121.0,121.0,True,0.0,False,True
4507019476_00090,121.0,121.0,121.0,True,0.0,False,True
4507019476_00100,121.0,121.0,121.0,True,0.0,False,True
4507019476_00110,121.0,121.0,121.0,True,0.0,False,True
4507019495_00080,34.0,34.0,34.0,True,0.0,False,False
4507019507_00030,2652.0,2652.0,2652.0,True,0.0,False,False
4507019507_00040,2926.0,2926.0,2926.0,True,0.0,False,False
4507019513_00010,34.0,34.0,34.0,True,0.0,False,True
4507019591_00030,528.0,528.0,528.0,True,0.0,True,True
4507019591_00040,685.0,685.0,685.0,True,0.0,True,True
4507019591_00050,484.0,484.0,484.0,True,0.0,True,True
4507019591_00070,2546.0,2546.0,2546.0,True,0.0,True,True
4507019615_00030,567.0,567.0,567.0,True,0.0,True,True
4507019615_00040,1697.0,1697.0,1697.0,True,0.0,False,True
4507019624_00020,109.0,109.0,109.0,True,0.0,True,True
4507019629_00010,1575.0,1575.0,1575.0,True,0.0,True,True
4507019634_00010,9959.0,9959.0,9959.0,True,0.0,False,True
4507019634_00020,52611.0,52611.0,52611.0,True,0.0,True,True
4507019682_00010,1717.0,1717.0,1717.0,True,0.0,False,True
4507019683_00010,2576.0,2576.0,2576.0,True,0.0,False,True
4507019685_00001,1175.0,1142678.0,11755.0,False,1141503.0,False,True
4507019731_00120,59.0,59.0,59.0,True,0.0,False,True
4507019732_00020,34.0,34.0,34.0,True,0.0,False,True
4507019776_00010,554.0,554.0,554.0,True,0.0,True,False
4507019776_00030,1202.0,1202.0,1202.0,True,0.0,False,True
4507019779_00010,25461.0,50922.0,50922.0,False,25461.0,False,True
4507019779_00020,9924.0,9924.0,9924.0,True,0.0,False,True
4507019789_00020,1082.0,1082.0,1082.0,True,0.0,False,False
4507019791_00020,100.0,100.0,100.0,True,0.0,True,True
4507019804_00040,42.0,42.0,42.0,True,0.0,True,True
4507019808_00160,3185.0,3185.0,3185.0,True,0.0,True,True
4507019830_00030,86.0,86.0,86.0,True,0.0,False,True
4507019888_00010,398.0,398.0,398.0,True,0.0,False,False
4507019888_00020,139.0,139.0,139.0,True,0.0,False,False
4507019893_00020,1495.0,1495.0,1495.0,True,0.0,True,True
4507019898_00030,387.0,387.0,387.0,True,0.0,False,True
4507019898_00040,301.0,301.0,301.0,True,0.0,False,True
4507019898_00050,595.0,595.0,595.0,True,0.0,False,True
4507019898_00060,595.0,595.0,595.0,True,0.0,False,True
4507019898_00070,724.0,724.0,724.0,True,0.0,False,True
4507019898_00080,595.0,595.0,595.0,True,0.0,False,True
4507019898_00090,724.0,724.0,724.0,True,0.0,False,True
4507019898_00100,595.0,595.0,595.0,True,0.0,False,True
4507019898_00120,216.0,216.0,216.0,True,0.0,False,True
4507019898_00130,216.0,216.0,216.0,True,0.0,False,True
4507019898_00160,230.0,230.0,230.0,True,0.0,False,True
4507019898_00170,221.0,221.0,221.0,True,0.0,False,True
4507019898_00180,221.0,221.0,221.0,True,0.0,False,True
4507019898_00190,521.0,521.0,521.0,True,0.0,False,True
4507019898_00250,651.0,651.0,651.0,True,0.0,False,True
4507019898_00260,367.0,367.0,367.0,True,0.0,False,True
4507019898_00270,367.0,367.0,367.0,True,0.0,False,True
4507019898_00280,583.0,583.0,583.0,True,0.0,False,True
4507019898_00290,170.0,170.0,170.0,True,0.0,False,True
4507019898_00300,265.0,265.0,265.0,True,0.0,False,True
4507019934_00010,2190.0,2190.0,2190.0,True,0.0,True,True
4507019934_00020,2163.0,2163.0,2163.0,True,0.0,False,True
4507020011_00140,295.0,295.0,295.0,True,0.0,False,True
4507020024_00110,873.0,873.0,873.0,True,0.0,False,True
4507020031_00010,9.0,9.0,9.0,True,0.0,False,True
4507020031_00030,449.0,449.0,449.0,True,0.0,False,True
4507020031_00040,41.0,41.0,41.0,True,0.0,False,True
4507020031_00050,41.0,41.0,41.0,True,0.0,False,True
4507020031_00270,41.0,41.0,41.0,True,0.0,False,True
4507020031_00310,146.0,146.0,146.0,True,0.0,True,True
4507020031_00320,586.0,586.0,586.0,True,0.0,True,True
4507020031_00330,146.0,146.0,146.0,True,0.0,True,True
4507020031_00340,92.0,92.0,92.0,True,0.0,False,True
4507020031_00350,72.0,72.0,72.0,True,0.0,True,True
4507020031_00360,48.0,48.0,48.0,True,0.0,True,True
4507020031_00370,231.0,231.0,231.0,True,0.0,True,True
4507020031_00390,231.0,231.0,231.0,True,0.0,True,True
4507020031_00400,231.0,231.0,231.0,True,0.0,True,True
4507020031_00410,898.0,898.0,898.0,True,0.0,False,True
4507020031_00420,25.0,25.0,25.0,True,0.0,False,True
4507020031_00430,23.0,23.0,23.0,True,0.0,False,True
4507020192_00010,4571.0,4571.0,4571.0,True,0.0,False,True
4507020246_00150,59.0,59.0,59.0,True,0.0,False,True
4507020246_00160,145.0,145.0,145.0,True,0.0,False,True
4507020281_00010,38908.0,38908.0,38908.0,True,0.0,False,True
4507020342_00010,34876.0,34876.0,34876.0,True,0.0,True,True
4507020362_00010,1603.0,1603.0,1603.0,True,0.0,False,True
4507020411_00010,38908.0,38908.0,38908.0,True,0.0,False,True
4507020416_00010,424.0,424.0,424.0,True,0.0,False,True
4507020420_00010,49384.0,49384.0,49384.0,True,0.0,False,True
4507020422_00010,54939.0,54939.0,54939.0,True,0.0,True,True
4507020425_00010,259.0,259.0,259.0,True,0.0,False,True
4507020425_00020,259.0,259.0,259.0,True,0.0,False,True
4507020445_00030,1673.0,1673.0,1673.0,True,0.0,False,False
4507020447_00010,79.0,79.0,79.0,True,0.0,False,False
4507020454_00010,337.0,337.0,337.0,True,0.0,True,False
4507020455_00020,1870.0,1870.0,1870.0,True,0.0,True,True
4507020455_00030,2104.0,2104.0,2104.0,True,0.0,True,True
4507020455_00040,1636.0,1636.0,1636.0,True,0.0,True,True
4507020455_00110,1922.0,1922.0,1922.0,True,0.0,True,True
4507020455_00140,616.0,616.0,616.0,True,0.0,True,True
4507020467_00010,39563.0,39563.0,39563.0,True,0.0,False,True
4507020471_00040,433.0,433.0,433.0,True,0.0,False,True
4507020471_00050,727.0,727.0,727.0,True,0.0,False,True
4507020471_00060,727.0,727.0,727.0,True,0.0,False,True
4507020471_00070,433.0,433.0,433.0,True,0.0,False,True
4507020479_00020,2085.0,2085.0,2085.0,True,0.0,False,True
4507020489_00010,12055.0,12055.0,12055.0,True,0.0,False,True
4507020520_00040,126.0,126.0,126.0,True,0.0,False,True
4507020520_00050,25.0,25.0,25.0,True,0.0,False,True
4507020531_00020,66.0,66.0,66.0,True,0.0,True,True
4507020531_00030,76.0,76.0,76.0,True,0.0,True,True
4507020531_00060,449.0,449.0,449.0,True,0.0,False,True
4507020531_00170,898.0,898.0,898.0,True,0.0,False,True
4507020555_00050,31.0,31.0,31.0,True,0.0,False,True
4507020555_00060,118.0,118.0,118.0,True,0.0,False,True
4507020555_00070,59.0,59.0,59.0,True,0.0,False,True
4507020555_00080,116.0,116.0,116.0,True,0.0,False,True
4507020555_00200,511.0,511.0,511.0,True,0.0,False,True
4507020555_00210,157.0,157.0,157.0,True,0.0,False,True
4507020555_00220,118.0,118.0,118.0,True,0.0,False,True
4507020567_00020,2007.0,2007.0,2007.0,True,0.0,False,True
4507020572_00080,257.0,257.0,257.0,True,0.0,False,True
4507020574_00030,623.0,623.0,623.0,True,0.0,False,True
4507020580_00090,3402.0,3402.0,3402.0,True,0.0,True,True
4507020598_00010,55557.0,55557.0,55557.0,True,0.0,False,True
4507020625_00010,267.0,267.0,267.0,True,0.0,True,True
4507020625_00020,98.0,98.0,98.0,True,0.0,True,True
4507020625_00050,69.0,69.0,69.0,True,0.0,True,True
4507020637_00010,55474.0,55474.0,55474.0,True,0.0,True,True
4507020649_00010,59569.0,59569.0,59569.0,True,0.0,False,True
4507020652_00010,39712.0,39712.0,39712.0,True,0.0,False,True
4507020673_00010,580.0,580.0,580.0,True,0.0,False,True
4507020674_00010,290.0,290.0,290.0,True,0.0,False,True
4507020677_00010,1241.0,1241.0,1241.0,True,0.0,False,True
4507020680_00050,444.0,444.0,444.0,True,0.0,False,True
4507020680_00060,367.0,367.0,367.0,True,0.0,False,True
4507020680_00070,179.0,179.0,179.0,True,0.0,False,True
4507020680_00090,521.0,521.0,521.0,True,0.0,False,True
4507020680_00100,347.0,347.0,347.0,True,0.0,False,True
4507020680_00110,361.0,361.0,361.0,True,0.0,True,True
4507020680_00120,391.0,391.0,391.0,True,0.0,False,True
4507020680_00130,601.0,601.0,601.0,True,0.0,True,True
4507020680_00140,179.0,179.0,179.0,True,0.0,False,True
4507020680_00150,196.0,196.0,196.0,True,0.0,False,True
4507020686_00010,988.0,988.0,988.0,True,0.0,True,True
4507020686_00020,1007.0,1007.0,1007.0,True,0.0,True,True
4507020704_00010,16170.0,16170.0,16170.0,True,0.0,True,True
4507020709_00010,1991.0,1991.0,1991.0,True,0.0,True,True
4507020709_00020,3089.0,3089.0,3089.0,True,0.0,True,True
4507020709_00030,3290.0,3290.0,3290.0,True,0.0,True,True
4507020709_00040,10877.0,10877.0,10877.0,True,0.0,True,True
4507020748_00010,6001.0,6001.0,6001.0,True,0.0,True,True
4507020757_00010,3585.0,3585.0,3585.0,True,0.0,False,True
4507020773_00010,11691.0,11691.0,11691.0,True,0.0,False,True
4507020773_00030,1344.0,1344.0,1344.0,True,0.0,False,True
4507020786_00010,127.0,127.0,127.0,True,0.0,False,True
4507020830_00010,236.0,236.0,236.0,True,0.0,False,True
4507020839_00150,60.0,60.0,60.0,True,0.0,False,True
4507020952_00010,55269.0,55269.0,55269.0,True,0.0,True,True
4507020956_00010,55557.0,55557.0,55557.0,True,0.0,True,True
4507020999_00010,112.0,112.0,112.0,True,0.0,False,True
4507021021_00010,2405.0,2405.0,2405.0,True,0.0,False,True
4507021022_00010,1603.0,1603.0,1603.0,True,0.0,False,True
4507021047_00010,20246.0,20246.0,20246.0,True,0.0,True,True
4507021053_00010,25461.0,25461.0,25461.0,True,0.0,False,True
4507021065_00001,893.0,527152.0,5360.0,False,526259.0,False,True
4507021089_00080,177.0,177.0,177.0,True,0.0,False,True
4507021099_00010,11.0,11.0,11.0,True,0.0,False,False
4507021105_00020,196.0,196.0,196.0,True,0.0,False,True
4507021110_00010,3.0,3.0,3.0,True,0.0,False,False
4507021111_00010,3.0,3.0,3.0,True,0.0,False,False
4507021111_00020,116.0,116.0,116.0,True,0.0,False,False
4507021115_00010,29.0,29.0,29.0,True,0.0,False,False
4507021207_00010,23122.0,23122.0,23122.0,True,0.0,False,True
4507021309_00010,2421.0,2421.0,2421.0,True,0.0,False,True
4507021309_00020,2394.0,2394.0,2394.0,True,0.0,True,True
4507021310_00010,3844.0,3844.0,3844.0,True,0.0,True,True
4507021310_00020,767.0,767.0,767.0,True,0.0,True,True
4507021311_00320,676.0,676.0,676.0,True,0.0,True,True
4507021311_00350,413.0,413.0,413.0,True,0.0,False,True
4507021311_00360,413.0,413.0,413.0,True,0.0,True,True
4507021311_00370,676.0,676.0,676.0,True,0.0,False,True
4507021311_00380,413.0,413.0,413.0,True,0.0,True,True
4507021311_00390,413.0,413.0,413.0,True,0.0,True,True
4507021311_00410,181.0,181.0,181.0,True,0.0,False,True
4507021311_00740,59.0,59.0,59.0,True,0.0,False,True
4507021311_00750,34.0,34.0,34.0,True,0.0,False,True
4507021311_00760,103.0,103.0,103.0,True,0.0,False,True
4507021311_00770,69.0,69.0,69.0,True,0.0,False,True
4507021311_00780,34.0,34.0,34.0,True,0.0,False,True
4507021311_00790,34.0,34.0,34.0,True,0.0,False,True
4507021311_00800,34.0,34.0,34.0,True,0.0,False,True
4507021311_00810,103.0,103.0,103.0,True,0.0,False,True
4507021311_00820,276.0,276.0,276.0,True,0.0,False,True
4507021311_00830,63.0,63.0,63.0,True,0.0,False,True
4507021311_00840,127.0,127.0,127.0,True,0.0,False,True
4507021311_00850,63.0,63.0,63.0,True,0.0,False,True
4507021311_00860,63.0,63.0,63.0,True,0.0,False,True
4507021311_00870,63.0,63.0,63.0,True,0.0,False,True
4507021311_00880,63.0,63.0,63.0,True,0.0,False,True
4507021311_00890,234.0,234.0,234.0,True,0.0,False,True
4507021311_00900,63.0,63.0,63.0,True,0.0,False,True
4507021311_00950,340.0,340.0,340.0,True,0.0,True,True
4507021311_00970,170.0,170.0,170.0,True,0.0,False,True
4507021311_00980,170.0,170.0,170.0,True,0.0,False,True
4507021311_00990,340.0,340.0,340.0,True,0.0,False,True
4507021311_01000,170.0,170.0,170.0,True,0.0,False,True
4507021312_00030,1332.0,1332.0,1332.0,True,0.0,True,True
4507021312_00040,1332.0,1332.0,1332.0,True,0.0,True,True
4507021313_00090,2723.0,2723.0,2723.0,True,0.0,False,True
4507021313_00100,1652.0,1652.0,1652.0,True,0.0,False,True
4507021314_00010,276.0,276.0,276.0,True,0.0,False,True
4507021315_00010,260.0,260.0,260.0,True,0.0,False,True
4507021316_00070,417.0,417.0,417.0,True,0.0,False,True
4507021318_00010,3142.0,3142.0,3142.0,True,0.0,False,True
4507021318_00020,430.0,430.0,430.0,True,0.0,False,True
4507021318_00030,3142.0,3142.0,3142.0,True,0.0,False,True
4507021318_00040,3877.0,3877.0,3877.0,True,0.0,False,True
4507021318_00050,3142.0,3142.0,3142.0,True,0.0,False,True
4507021318_00060,3015.0,3015.0,3015.0,True,0.0,False,True
4507021318_00070,861.0,861.0,861.0,True,0.0,False,True
4507021326_00010,59577.0,59577.0,59577.0,True,0.0,False,True
4507021353_00001,632.0,58187.0,632.0,False,57555.0,False,True
4507021376_00080,83.0,83.0,83.0,True,0.0,False,True
4507021376_00090,83.0,83.0,83.0,True,0.0,False,True
4507021376_00130,449.0,449.0,449.0,True,0.0,False,True
4507021376_00170,161.0,161.0,161.0,True,0.0,True,True
4507021376_00240,209.0,209.0,209.0,True,0.0,False,True
4507021376_00250,190.0,190.0,190.0,True,0.0,False,True
4507021376_00260,204.0,204.0,204.0,True,0.0,False,True
4507021376_00270,518.0,518.0,518.0,True,0.0,False,True
4507021376_00280,42.0,42.0,42.0,True,0.0,True,True
4507021376_00300,123.0,123.0,123.0,True,0.0,True,True
4507021376_00320,245.0,245.0,245.0,True,0.0,True,True
4507021376_00340,85.0,85.0,85.0,True,0.0,False,True
4507021376_00350,63.0,63.0,63.0,True,0.0,False,True
4507021376_00360,42.0,42.0,42.0,True,0.0,False,True
4507021376_00370,84.0,84.0,84.0,True,0.0,False,True
4507021376_00380,98.0,98.0,98.0,True,0.0,True,True
4507021376_00420,133.0,133.0,133.0,True,0.0,False,True
4507021385_00050,39.0,39.0,39.0,True,0.0,False,True
4507021386_00140,27.0,27.0,27.0,True,0.0,False,True
4507021386_00150,122.0,122.0,122.0,True,0.0,False,True
4507021386_00160,190.0,190.0,190.0,True,0.0,False,True
4507021386_00200,317.0,317.0,317.0,True,0.0,False,True
4507021386_00210,126.0,126.0,126.0,True,0.0,False,True
4507021386_00220,266.0,266.0,266.0,True,0.0,False,True
4507021388_00020,78.0,78.0,78.0,True,0.0,False,True
4507021388_00030,78.0,78.0,78.0,True,0.0,False,True
4507021388_00040,78.0,78.0,78.0,True,0.0,False,True
4507021389_00030,3.0,3.0,3.0,True,0.0,False,False
4507021389_00040,3.0,3.0,3.0,True,0.0,False,False
4507021411_00010,28397.0,28397.0,28397.0,True,0.0,True,True
4507021418_00050,640.0,640.0,640.0,True,0.0,False,True
4507021429_00010,592.0,592.0,592.0,True,0.0,False,True
4507021429_00020,74.0,74.0,74.0,True,0.0,False,True
4507021434_00040,2188.0,2188.0,2188.0,True,0.0,False,True
4507021436_00030,549.0,549.0,549.0,True,0.0,False,True
4507021437_00020,225.0,225.0,225.0,True,0.0,True,True
4507021454_00050,314.0,314.0,314.0,True,0.0,False,True
4507021459_00010,185.0,185.0,185.0,True,0.0,False,True
4507021460_00040,219.0,219.0,219.0,True,0.0,True,True
4507021470_00030,69.0,69.0,69.0,True,0.0,False,False
4507021477_00040,250.0,250.0,250.0,True,0.0,False,True
4507021479_00010,6380.0,6380.0,6380.0,True,0.0,False,True
4507021493_00020,26.0,26.0,26.0,True,0.0,False,True
4507021495_00030,59.0,59.0,59.0,True,0.0,False,False
4507021495_00040,9.0,9.0,9.0,True,0.0,False,False
4507021496_00050,403.0,403.0,403.0,True,0.0,False,True
4507021512_00010,1128.0,1128.0,1128.0,True,0.0,True,True
4507021520_00020,4373.0,4373.0,4373.0,True,0.0,True,True
4507021520_00030,1403.0,1403.0,1403.0,True,0.0,True,True
4507021541_00010,4009.0,4009.0,4009.0,True,0.0,False,True
4507021588_00020,1454.0,1454.0,1454.0,True,0.0,False,True
4507021588_00030,484.0,484.0,484.0,True,0.0,False,True
4507021616_00020,1874.0,1874.0,1874.0,True,0.0,True,True
4507021620_00010,99.0,99.0,99.0,True,0.0,False,False
4507021622_00010,415.0,415.0,415.0,True,0.0,False,True
4507021679_00001,842.0,586959.0,6736.0,False,586117.0,False,True
4507021707_00010,362.0,362.0,362.0,True,0.0,False,True
4507021707_00020,535.0,535.0,535.0,True,0.0,False,True
4507021731_00140,37.0,37.0,37.0,True,0.0,False,True
4507021734_00010,29.0,29.0,29.0,True,0.0,False,False
4507021736_00070,118.0,118.0,118.0,True,0.0,False,True
4507021736_00080,233.0,233.0,233.0,True,0.0,False,True
4507021736_00140,118.0,118.0,118.0,True,0.0,False,True
4507021736_00320,407.0,407.0,407.0,True,0.0,False,True
4507021809_00010,779.0,779.0,779.0,True,0.0,True,True
4507021809_00020,415.0,415.0,415.0,True,0.0,True,True
4507021809_00040,1047.0,1047.0,1047.0,True,0.0,True,True
4507021815_00030,4330.0,4330.0,4330.0,True,0.0,False,True
4507021821_00010,805.0,805.0,805.0,True,0.0,False,True
4507021835_00010,190.0,190.0,190.0,True,0.0,False,True
4507021840_00010,4845.0,4845.0,4845.0,True,0.0,False,True
4507021841_00010,6063.0,6063.0,6063.0,True,0.0,True,True
4507021937_00010,55269.0,55269.0,55269.0,True,0.0,True,True
4507021940_00010,78.0,78.0,78.0,True,0.0,False,True
4507022006_00010,290.0,290.0,290.0,True,0.0,False,True
4507022006_00020,391.0,391.0,391.0,True,0.0,False,True
4507022006_00090,361.0,361.0,361.0,True,0.0,False,True
4507022006_00100,130.0,130.0,130.0,True,0.0,False,True
4507022006_00110,242.0,242.0,242.0,True,0.0,False,True
4507022006_00120,242.0,242.0,242.0,True,0.0,False,True
4507022006_00130,216.0,216.0,216.0,True,0.0,False,True
4507022006_00250,782.0,782.0,782.0,True,0.0,False,True
4507022010_00010,6004.0,6004.0,6004.0,True,0.0,True,True
4507022010_00020,802.0,802.0,802.0,True,0.0,True,True
4507022011_00010,605.0,605.0,605.0,True,0.0,True,True
4507022012_00010,383.0,383.0,383.0,True,0.0,True,True
4507022013_00120,40.0,40.0,40.0,True,0.0,False,True
4507022013_00410,144.0,144.0,144.0,True,0.0,True,True
4507022013_00420,34.0,34.0,34.0,True,0.0,False,True
4507022013_00430,34.0,34.0,34.0,True,0.0,False,True
4507022013_00440,34.0,34.0,34.0,True,0.0,False,True
4507022013_00450,234.0,234.0,234.0,True,0.0,False,True
4507022013_00530,85.0,85.0,85.0,True,0.0,False,True
4507022015_00040,680.0,680.0,680.0,True,0.0,False,True
4507022015_00050,511.0,511.0,511.0,True,0.0,True,True
4507022015_00060,680.0,680.0,680.0,True,0.0,False,True
4507022016_00010,195.0,195.0,195.0,True,0.0,False,True
4507022017_00190,2915.0,2915.0,2915.0,True,0.0,True,True
4507022017_00200,2869.0,2869.0,2869.0,True,0.0,False,True
4507022017_00210,1276.0,1276.0,1276.0,True,0.0,True,True
4507022017_00220,1188.0,1188.0,1188.0,True,0.0,True,True
4507022017_00240,1516.0,1516.0,1516.0,True,0.0,True,True
4507022017_00250,1703.0,1703.0,1703.0,True,0.0,True,True
4507022018_00120,536.0,536.0,536.0,True,0.0,True,True
4507022018_00130,536.0,536.0,536.0,True,0.0,True,True
4507022018_00140,536.0,536.0,536.0,True,0.0,True,True
4507022018_00150,536.0,536.0,536.0,True,0.0,True,True
4507022018_00160,620.0,620.0,620.0,True,0.0,True,True
4507022019_00010,1701.0,1701.0,1701.0,True,0.0,False,True
4507022036_00020,1281.0,1281.0,1281.0,True,0.0,True,True
4507022040_00010,5354.0,5354.0,5354.0,True,0.0,True,True
4507022040_00020,531.0,531.0,531.0,True,0.0,True,True
4507022048_00010,308.0,308.0,308.0,True,0.0,False,True
4507022104_00020,60.0,60.0,60.0,True,0.0,True,True
4507022104_00030,61.0,61.0,61.0,True,0.0,True,True
4507022104_00080,190.0,190.0,190.0,True,0.0,False,True
4507022104_00090,73.0,73.0,73.0,True,0.0,True,True
4507022104_00100,123.0,123.0,123.0,True,0.0,True,True
4507022104_00120,898.0,898.0,898.0,True,0.0,False,True
4507022104_00220,824.0,824.0,824.0,True,0.0,False,True
4507022104_00230,139.0,139.0,139.0,True,0.0,False,True
4507022104_00240,44.0,44.0,44.0,True,0.0,False,True
4507022115_00010,12494.0,12494.0,12494.0,True,0.0,True,True
4507022115_00020,19204.0,19204.0,19204.0,True,0.0,True,True
4507022115_00030,3879.0,3879.0,3879.0,True,0.0,False,True
4507022170_00010,935.0,935.0,935.0,True,0.0,True,True
4507022185_00330,118.0,118.0,118.0,True,0.0,False,True
4507022185_00350,122.0,122.0,122.0,True,0.0,False,True
4507022185_00360,63.0,63.0,63.0,True,0.0,False,True
4507022388_00040,898.0,898.0,898.0,True,0.0,True,True
4507022388_00050,528.0,528.0,528.0,True,0.0,True,True
4507022388_00060,2070.0,2070.0,2070.0,True,0.0,True,True
4507022403_00010,17.0,17.0,17.0,True,0.0,False,False
4507022426_00001,401.0,78195.0,802.0,False,77794.0,False,True
4507022428_00001,73.0,73.0,73.0,True,0.0,True,True
4507022461_00050,8836.0,8836.0,8836.0,True,0.0,True,True
4507022463_00040,492.0,492.0,492.0,True,0.0,False,True
4507022464_00020,61.0,61.0,61.0,True,0.0,True,True
4507022488_00120,2291.0,2291.0,2291.0,True,0.0,False,True
4507022494_00130,1972.0,1972.0,1972.0,True,0.0,True,True
4507022496_00020,97.0,97.0,97.0,True,0.0,False,True
4507022500_00060,550.0,550.0,550.0,True,0.0,False,True
4507022500_00210,177.0,177.0,177.0,True,0.0,False,True
4507022500_00220,116.0,116.0,116.0,True,0.0,False,True
4507022500_00230,50.0,50.0,50.0,True,0.0,False,True
4507022506_00010,390.0,390.0,390.0,True,0.0,False,True
4507022511_00040,546.0,546.0,546.0,True,0.0,False,True
4507022527_00010,721.0,721.0,721.0,True,0.0,False,True
4507022528_00010,721.0,721.0,721.0,True,0.0,False,True
4507022542_00040,2723.0,2723.0,2723.0,True,0.0,False,False
4507022547_00040,458.0,458.0,458.0,True,0.0,True,True
4507022549_00010,424.0,424.0,424.0,True,0.0,False,True
4507022556_00040,146.0,146.0,146.0,True,0.0,True,True
4507022653_00010,831.0,831.0,831.0,True,0.0,False,True
4507022653_00020,1413.0,1413.0,1413.0,True,0.0,False,True
4507022653_00030,897.0,897.0,897.0,True,0.0,False,True
4507022653_00040,831.0,831.0,831.0,True,0.0,False,True
4507022653_00050,1413.0,1413.0,1413.0,True,0.0,False,True
4507022653_00060,897.0,897.0,897.0,True,0.0,False,True
4507022653_00070,831.0,831.0,831.0,True,0.0,False,True
4507022653_00080,1413.0,1413.0,1413.0,True,0.0,False,True
4507022653_00090,897.0,897.0,897.0,True,0.0,False,True
4507022653_00100,831.0,831.0,831.0,True,0.0,False,True
4507022653_00110,1413.0,1413.0,1413.0,True,0.0,False,True
4507022653_00120,897.0,897.0,897.0,True,0.0,False,True
4507022653_00130,831.0,831.0,831.0,True,0.0,False,True
4507022653_00140,942.0,942.0,942.0,True,0.0,False,True
4507022653_00150,897.0,897.0,897.0,True,0.0,False,True
4507022653_00160,962.0,962.0,962.0,True,0.0,False,True
4507022653_00170,942.0,942.0,942.0,True,0.0,False,True
4507022653_00180,897.0,897.0,897.0,True,0.0,False,True
4507022653_00190,831.0,831.0,831.0,True,0.0,False,True
4507022653_00200,942.0,942.0,942.0,True,0.0,False,True
4507022653_00210,897.0,897.0,897.0,True,0.0,False,True
4507022730_00010,121.0,121.0,121.0,True,0.0,False,True
4507022739_00010,9930.0,9930.0,9930.0,True,0.0,False,True
4507022740_00010,35751.0,35751.0,35751.0,True,0.0,False,True
4507022771_00010,724.0,724.0,724.0,True,0.0,False,True
4507022771_00020,535.0,535.0,535.0,True,0.0,False,True
4507022902_00010,2002.0,2002.0,2002.0,True,0.0,False,True
4507022930_00010,9041.0,9041.0,9041.0,True,0.0,False,True
4507022953_00010,367.0,367.0,367.0,True,0.0,False,True
4507022953_00040,290.0,290.0,290.0,True,0.0,False,True
4507022953_00050,361.0,361.0,361.0,True,0.0,False,True
4507022953_00060,231.0,231.0,231.0,True,0.0,False,True
4507022953_00080,179.0,179.0,179.0,True,0.0,False,True
4507022953_00090,651.0,651.0,651.0,True,0.0,False,True
4507022953_00100,651.0,651.0,651.0,True,0.0,False,True
4507022953_00110,601.0,601.0,601.0,True,0.0,False,True
4507022953_00130,724.0,724.0,724.0,True,0.0,False,True
4507022953_00140,199.0,199.0,199.0,True,0.0,False,True
4507022953_00150,199.0,199.0,199.0,True,0.0,False,True
4507022953_00190,651.0,651.0,651.0,True,0.0,False,True
4507022953_00320,391.0,391.0,391.0,True,0.0,False,True
4507022953_00330,521.0,521.0,521.0,True,0.0,False,True
4507022953_00340,196.0,196.0,196.0,True,0.0,False,True
4507022970_00010,3290.0,3290.0,3290.0,True,0.0,False,True
4507022971_00010,4673.0,4673.0,4673.0,True,0.0,False,True
4507022972_00010,727.0,727.0,727.0,True,0.0,False,True
4507022974_00010,2915.0,2915.0,2915.0,True,0.0,False,True
4507022982_00010,251.0,251.0,251.0,True,0.0,False,True
4507022986_00010,98.0,98.0,98.0,True,0.0,False,True
4507022999_00010,22.0,22.0,22.0,True,0.0,False,False
4507023000_00010,15.0,15.0,15.0,True,0.0,False,False
4507023004_00010,173.0,173.0,173.0,True,0.0,False,True
4507023043_00040,417.0,417.0,417.0,True,0.0,False,True
4507023086_00001,536.0,536.0,536.0,True,0.0,False,True
4507023110_00310,285.0,285.0,285.0,True,0.0,False,True
4507023110_00320,87.0,87.0,87.0,True,0.0,False,True
4507023110_00330,122.0,122.0,122.0,True,0.0,False,True
4507023113_00030,1408.0,1408.0,1408.0,True,0.0,True,True
4507023116_00040,459.0,459.0,459.0,True,0.0,True,True
4507023118_00150,5750.0,5750.0,5750.0,True,0.0,False,True
4507023132_00090,4626.0,4626.0,4626.0,True,0.0,False,True
4507023151_00010,45033.0,45033.0,45033.0,True,0.0,False,True
4507023296_00010,19.0,19.0,19.0,True,0.0,False,False
4507023307_00010,37773.0,37773.0,37773.0,True,0.0,True,True
4507023360_00010,825.0,825.0,825.0,True,0.0,False,True
4507023392_00010,30392.0,30392.0,30392.0,True,0.0,True,True
4507023397_00010,42412.0,42412.0,42412.0,True,0.0,True,True
4507023398_00010,30132.0,30132.0,30132.0,True,0.0,True,True
4507023400_00010,19403.0,19403.0,19403.0,True,0.0,True,True
4507023401_00010,27265.0,27265.0,27265.0,True,0.0,True,True
4507023451_00130,95.0,95.0,95.0,True,0.0,False,True
4507023451_00140,191.0,191.0,191.0,True,0.0,False,True
4507023451_00150,151.0,151.0,151.0,True,0.0,False,True
4507023451_00210,816.0,816.0,816.0,True,0.0,False,True
4507023454_00030,1070.0,1070.0,1070.0,True,0.0,False,True
4507023454_00040,362.0,362.0,362.0,True,0.0,False,True
4507023467_00090,36.0,36.0,36.0,True,0.0,False,True
4507023600_00010,413.0,413.0,413.0,True,0.0,False,True
4507023601_00010,181.0,181.0,181.0,True,0.0,False,True
4507023648_00010,969.0,969.0,969.0,True,0.0,True,True
4507023648_00020,969.0,969.0,969.0,True,0.0,True,True
4507023653_00010,62999.0,62999.0,62999.0,True,0.0,True,True
4507023655_00020,174.0,174.0,174.0,True,0.0,True,True
4507023663_00010,139.0,139.0,139.0,True,0.0,False,False
4507023663_00020,9.0,9.0,9.0,True,0.0,False,False
4507023681_00010,49384.0,49384.0,49384.0,True,0.0,True,True
4507023724_00010,326.0,326.0,326.0,True,0.0,True,True
4507023724_00020,449.0,449.0,449.0,True,0.0,True,True
4507023724_00040,349.0,349.0,349.0,True,0.0,True,True
4507023724_00200,280.0,280.0,280.0,True,0.0,False,True
4507023724_00210,103.0,103.0,103.0,True,0.0,True,True
4507023797_00010,3000.0,3000.0,3000.0,True,0.0,True,True
4507023910_00010,199.0,199.0,199.0,True,0.0,False,False
4507023911_00010,277.0,277.0,277.0,True,0.0,False,True
4507023911_00020,277.0,277.0,277.0,True,0.0,False,True
4507023915_00040,939.0,939.0,939.0,True,0.0,False,True
4507023915_00060,391.0,391.0,391.0,True,0.0,False,True
4507023915_00070,249.0,249.0,249.0,True,0.0,False,True
4507023915_00080,537.0,537.0,537.0,True,0.0,False,True
4507023915_00130,881.0,881.0,881.0,True,0.0,False,True
4507023915_00160,255.0,255.0,255.0,True,0.0,False,True
4507023915_00190,361.0,361.0,361.0,True,0.0,False,True
4507023915_00200,178.0,178.0,178.0,True,0.0,False,True
4507023936_00010,2210.0,2210.0,2210.0,True,0.0,False,True
4507023938_00010,55557.0,55557.0,55557.0,True,0.0,False,True
4507023940_00010,49384.0,49384.0,49384.0,True,0.0,False,True
4507023966_00010,4009.0,4009.0,4009.0,True,0.0,False,True
4507024004_00010,38908.0,38908.0,38908.0,True,0.0,False,True
4507024005_00010,38908.0,38908.0,38908.0,True,0.0,False,True
4507024008_00010,38174.0,38174.0,38174.0,True,0.0,False,True
4507024011_00010,727.0,727.0,727.0,True,0.0,True,True
4507024011_00020,484.0,484.0,484.0,True,0.0,False,True
4507024011_00030,484.0,484.0,484.0,True,0.0,False,True
4507024020_00010,36456.0,36456.0,36456.0,True,0.0,False,True
4507024026_00010,1833.0,1833.0,1833.0,True,0.0,False,True
4507024026_00020,333.0,333.0,333.0,True,0.0,False,True
4507024027_00010,1766.0,1766.0,1766.0,True,0.0,False,True
4507024027_00020,2847.0,2847.0,2847.0,True,0.0,False,True
4507024028_00030,624.0,624.0,624.0,True,0.0,True,True
4507024028_00040,8806.0,8806.0,8806.0,True,0.0,True,True
4507024028_00050,333.0,333.0,333.0,True,0.0,True,True
4507024028_00060,1602.0,1602.0,1602.0,True,0.0,True,True
4507024028_00070,327.0,327.0,327.0,True,0.0,True,True
4507024028_00080,618.0,618.0,618.0,True,0.0,True,True
4507024028_00090,828.0,828.0,828.0,True,0.0,False,True
4507024028_00100,1197.0,1197.0,1197.0,True,0.0,True,True
4507024032_00020,805.0,805.0,805.0,True,0.0,False,True
4507024033_00190,676.0,676.0,676.0,True,0.0,True,True
4507024033_00210,181.0,181.0,181.0,True,0.0,True,True
4507024033_00330,983.0,983.0,983.0,True,0.0,True,True
4507024033_00340,331.0,331.0,331.0,True,0.0,True,True
4507024033_00350,69.0,69.0,69.0,True,0.0,False,True
4507024033_00360,34.0,34.0,34.0,True,0.0,True,True
4507024033_00370,138.0,138.0,138.0,True,0.0,True,True
4507024033_00380,69.0,69.0,69.0,True,0.0,True,True
4507024033_00390,103.0,103.0,103.0,True,0.0,True,True
4507024033_00410,63.0,63.0,63.0,True,0.0,False,True
4507024033_00420,63.0,63.0,63.0,True,0.0,False,True
4507024033_00430,63.0,63.0,63.0,True,0.0,False,True
4507024033_00440,63.0,63.0,63.0,True,0.0,True,True
4507024033_00640,413.0,413.0,413.0,True,0.0,False,True
4507024033_00760,59.0,59.0,59.0,True,0.0,True,True
4507024033_00780,170.0,170.0,170.0,True,0.0,False,True
4507024035_00080,1653.0,1653.0,1653.0,True,0.0,True,True
4507024036_00180,499.0,499.0,499.0,True,0.0,True,True
4507024036_00310,826.0,826.0,826.0,True,0.0,True,True
4507024037_00020,276.0,276.0,276.0,True,0.0,False,True
4507024038_00010,97.0,97.0,97.0,True,0.0,False,True
4507024038_00020,89.0,89.0,89.0,True,0.0,False,True
4507024038_00030,268.0,268.0,268.0,True,0.0,False,True
4507024039_00350,602.0,602.0,602.0,True,0.0,True,True
4507024039_00360,1188.0,1188.0,1188.0,True,0.0,True,True
4507024039_00380,851.0,851.0,851.0,True,0.0,True,True
4507024039_00420,792.0,792.0,792.0,True,0.0,True,True
4507024039_00430,851.0,851.0,851.0,True,0.0,True,True
4507024039_00440,851.0,851.0,851.0,True,0.0,True,True
4507024040_00020,418.0,418.0,418.0,True,0.0,True,True
4507024046_00010,503.0,503.0,503.0,True,0.0,False,True
4507024049_00010,2021.0,2021.0,2021.0,True,0.0,False,True
4507024050_00030,1663.0,1663.0,1663.0,True,0.0,True,True
4507024058_00001,903.0,616392.0,6326.0,False,615489.0,False,True
4507024087_00010,33648.0,33648.0,33648.0,True,0.0,True,True
4507024121_00160,177.0,177.0,177.0,True,0.0,False,True
4507024121_00250,385.0,385.0,385.0,True,0.0,False,True
4507024121_00310,157.0,157.0,157.0,True,0.0,False,True
4507024141_00030,65.0,65.0,65.0,True,0.0,True,True
4507024153_00030,1300.0,1300.0,1300.0,True,0.0,False,True
4507024157_00010,2624.0,2624.0,2624.0,True,0.0,False,True
4507024157_00020,444.0,444.0,444.0,True,0.0,False,True
4507024157_00030,3960.0,3960.0,3960.0,True,0.0,False,True
4507024157_00040,5023.0,5023.0,5023.0,True,0.0,False,True
4507024167_00010,1095.0,1095.0,1095.0,True,0.0,True,True
4507024167_00020,1651.0,1651.0,1651.0,True,0.0,True,True
4507024167_00030,1052.0,1052.0,1052.0,True,0.0,True,True
4507024167_00040,475.0,475.0,475.0,True,0.0,True,True
4507024168_00030,339.0,339.0,339.0,True,0.0,True,True
4507024172_00010,1673.0,1673.0,1673.0,True,0.0,False,True
4507024174_00010,3190.0,3190.0,3190.0,True,0.0,False,True
4507024174_00020,23122.0,23122.0,23122.0,True,0.0,False,True
4507024189_00010,45033.0,45033.0,45033.0,True,0.0,False,True
4507024219_00010,36456.0,36456.0,36456.0,True,0.0,False,True
4507024240_00060,252.0,252.0,252.0,True,0.0,True,True
4507024243_00020,1251.0,1251.0,1251.0,True,0.0,False,True
4507024269_00010,303.0,303.0,303.0,True,0.0,False,True
4507024330_00010,7032.0,7032.0,7032.0,True,0.0,False,True
4507024342_00010,1361.0,1361.0,1361.0,True,0.0,False,True
4507024344_00010,356.0,356.0,356.0,True,0.0,True,True
4507024344_00020,356.0,356.0,356.0,True,0.0,True,True
4507024344_00030,535.0,535.0,535.0,True,0.0,True,True
4507024428_00020,6616.0,6616.0,6616.0,True,0.0,False,True
4507024514_00020,3290.0,3290.0,3290.0,True,0.0,False,True
4507024519_00010,10106.0,10106.0,10106.0,True,0.0,True,True
4507024525_00010,2915.0,2915.0,2915.0,True,0.0,False,True
4507024592_00010,3203.0,3203.0,3203.0,True,0.0,True,True
4507024597_00001,409.0,409.0,409.0,True,0.0,True,True
4507024633_00160,22.0,22.0,22.0,True,0.0,False,True
4507024633_00170,271.0,271.0,271.0,True,0.0,False,True
4507024633_00300,93.0,93.0,93.0,True,0.0,True,True
4507024633_00310,66.0,66.0,66.0,True,0.0,True,True
4507024633_00320,88.0,88.0,88.0,True,0.0,True,True
4507024633_00330,88.0,88.0,88.0,True,0.0,True,True
4507024633_00340,42.0,42.0,42.0,True,0.0,True,True
4507024633_00350,48.0,48.0,48.0,True,0.0,True,True
4507024633_00360,78.0,78.0,78.0,True,0.0,True,True
4507024633_00370,49.0,49.0,49.0,True,0.0,True,True
4507024633_00380,74.0,74.0,74.0,True,0.0,True,True
4507024633_00390,123.0,123.0,123.0,True,0.0,True,True
4507024633_00400,99.0,99.0,99.0,True,0.0,True,True
4507024633_00480,2246.0,2246.0,2246.0,True,0.0,False,True
4507024633_00490,84.0,84.0,84.0,True,0.0,False,True
4507024633_00500,51.0,51.0,51.0,True,0.0,False,True
4507024655_00010,6135.0,6135.0,6135.0,True,0.0,False,True
4507024655_00020,2556.0,2556.0,2556.0,True,0.0,False,True
4507024690_00010,2667.0,2667.0,2667.0,True,0.0,False,True
4507024690_00020,1628.0,1628.0,1628.0,True,0.0,False,True
4507024692_00010,2836.0,2836.0,2836.0,True,0.0,False,True
4507024692_00020,6098.0,6098.0,6098.0,True,0.0,False,True
4507024692_00030,190.0,190.0,190.0,True,0.0,False,True
4507024692_00040,637.0,637.0,637.0,True,0.0,False,True
4507024692_00050,1662.0,1662.0,1662.0,True,0.0,False,True
4507024705_00020,1808.0,1808.0,1808.0,True,0.0,False,True
4507024723_00010,623.0,623.0,623.0,True,0.0,False,True
4507024724_00040,68.0,68.0,68.0,True,0.0,False,False
4507024724_00050,482.0,482.0,482.0,True,0.0,False,True
4507024734_00040,140.0,140.0,140.0,True,0.0,True,True
4507024740_00050,198.0,198.0,198.0,True,0.0,True,True
4507024743_00090,1284.0,1284.0,1284.0,True,0.0,False,True
4507024799_00010,2200.0,2200.0,2200.0,True,0.0,True,True
4507024813_00010,2757.0,2757.0,2757.0,True,0.0,False,True
4507024814_00010,2068.0,2068.0,2068.0,True,0.0,False,True
4507024815_00010,689.0,689.0,689.0,True,0.0,False,True
4507024822_00010,4905.0,4905.0,4905.0,True,0.0,True,True
4507024829_00001,1428.0,1428.0,1428.0,True,0.0,False,True
4507024839_00010,44.0,44.0,44.0,True,0.0,False,False
4507024839_00020,35.0,35.0,35.0,True,0.0,False,False
4507024839_00030,26.0,26.0,26.0,True,0.0,False,False
4507024839_00040,26.0,26.0,26.0,True,0.0,False,False
4507024839_00050,17.0,17.0,17.0,True,0.0,False,False
4507024839_00060,35.0,35.0,35.0,True,0.0,False,False
4507024839_00070,22.0,22.0,22.0,True,0.0,False,False
4507024839_00080,26.0,26.0,26.0,True,0.0,False,False
4507024839_00090,8.0,8.0,8.0,True,0.0,False,False
4507024839_00100,17.0,17.0,17.0,True,0.0,False,False
4507024839_00110,5.0,5.0,5.0,True,0.0,False,False
4507024857_00010,99.0,99.0,99.0,True,0.0,False,False
4507024898_00010,6873.0,6873.0,6873.0,True,0.0,False,True
4507024898_00020,7638.0,7638.0,7638.0,True,0.0,False,True
4507024898_00030,1663.0,1663.0,1663.0,True,0.0,False,True
4507024899_00010,1667.0,1667.0,1667.0,True,0.0,False,True
4507024899_00020,1154.0,1154.0,1154.0,True,0.0,False,True
4507024900_00010,493.0,493.0,493.0,True,0.0,True,True
4507024900_00030,5408.0,5408.0,5408.0,True,0.0,True,True
4507024900_00040,1000.0,1000.0,1000.0,True,0.0,True,True
4507024900_00050,2395.0,2395.0,2395.0,True,0.0,True,True
4507024900_00060,1237.0,1237.0,1237.0,True,0.0,True,True
4507024900_00070,1657.0,1657.0,1657.0,True,0.0,True,True
4507024900_00080,2511.0,2511.0,2511.0,True,0.0,True,True
4507024903_00260,290.0,290.0,290.0,True,0.0,False,True
4507024903_00270,413.0,413.0,413.0,True,0.0,False,True
4507024903_00280,827.0,827.0,827.0,True,0.0,True,True
4507024903_00290,1992.0,1992.0,1992.0,True,0.0,True,True
4507024903_00300,543.0,543.0,543.0,True,0.0,False,True
4507024903_00310,181.0,181.0,181.0,True,0.0,False,True
4507024903_00410,479.0,479.0,479.0,True,0.0,False,True
4507024903_00420,59.0,59.0,59.0,True,0.0,True,True
4507024903_00440,207.0,207.0,207.0,True,0.0,False,True
4507024903_00450,172.0,172.0,172.0,True,0.0,False,True
4507024903_00460,103.0,103.0,103.0,True,0.0,False,True
4507024903_00480,207.0,207.0,207.0,True,0.0,False,True
4507024903_00490,103.0,103.0,103.0,True,0.0,True,True
4507024903_00500,138.0,138.0,138.0,True,0.0,False,True
4507024903_00520,1018.0,1018.0,1018.0,True,0.0,False,True
4507024903_00530,63.0,63.0,63.0,True,0.0,True,True
4507024903_00540,234.0,234.0,234.0,True,0.0,True,True
4507024903_00560,362.0,362.0,362.0,True,0.0,False,True
4507024903_00610,209.0,209.0,209.0,True,0.0,True,True
4507024903_00640,425.0,425.0,425.0,True,0.0,True,True
4507024903_00650,207.0,207.0,207.0,True,0.0,True,True
4507024903_00660,172.0,172.0,172.0,True,0.0,False,True
4507024903_00670,172.0,172.0,172.0,True,0.0,True,True
4507024903_00680,207.0,207.0,207.0,True,0.0,True,True
4507024903_00690,172.0,172.0,172.0,True,0.0,True,True
4507024903_00700,138.0,138.0,138.0,True,0.0,False,True
4507024903_00710,170.0,170.0,170.0,True,0.0,False,True
4507024904_00060,13302.0,13302.0,13302.0,True,0.0,False,True
4507024906_00080,258.0,258.0,258.0,True,0.0,False,True
4507024906_00290,576.0,576.0,576.0,True,0.0,True,True
4507024907_00020,195.0,195.0,195.0,True,0.0,False,True
4507024907_00030,536.0,536.0,536.0,True,0.0,False,True
4507024907_00040,267.0,267.0,267.0,True,0.0,False,True
4507024907_00050,446.0,446.0,446.0,True,0.0,False,True
4507024907_00060,89.0,89.0,89.0,True,0.0,False,True
4507024907_00070,178.0,178.0,178.0,True,0.0,False,True
4507024907_00080,536.0,536.0,536.0,True,0.0,False,True
4507024914_00010,8616.0,8616.0,8616.0,True,0.0,False,True
4507024921_00010,173.0,173.0,173.0,True,0.0,False,True
4507024921_00020,173.0,173.0,173.0,True,0.0,False,True
4507024921_00030,173.0,173.0,173.0,True,0.0,False,True
4507024934_00001,561.0,299471.0,3371.0,False,298910.0,False,True
4507024936_00001,737.0,61184.0,737.0,False,60447.0,False,True
4507024940_00001,85.0,85.0,85.0,True,0.0,False,True
4507024973_00010,9.0,9.0,9.0,True,0.0,False,False
4507024997_00320,95.0,95.0,95.0,True,0.0,True,True
4507024997_00330,31.0,31.0,31.0,True,0.0,True,True
4507024997_00340,175.0,175.0,175.0,True,0.0,True,True
4507024997_00350,145.0,145.0,145.0,True,0.0,True,True
4507024997_00470,95.0,95.0,95.0,True,0.0,True,True
4507024997_00480,118.0,118.0,118.0,True,0.0,True,True
4507025069_00010,2806.0,2806.0,2806.0,True,0.0,False,True
4507025194_00010,50371.0,50371.0,50371.0,True,0.0,True,True
4507025196_00020,2503.0,2503.0,2503.0,True,0.0,False,True
4507025204_00090,2546.0,2546.0,2546.0,True,0.0,True,True
4507025205_00020,1454.0,1454.0,1454.0,True,0.0,False,True
4507025223_00070,1756.0,1756.0,1756.0,True,0.0,True,True
4507025223_00080,421.0,421.0,421.0,True,0.0,True,True
4507025223_00090,4373.0,4373.0,4373.0,True,0.0,True,True
4507025223_00100,1754.0,1754.0,1754.0,True,0.0,True,True
4507025274_00001,126.0,126.0,126.0,True,0.0,True,True
4507025356_00010,39.0,39.0,39.0,True,0.0,False,False
4507025357_00080,209.0,209.0,209.0,True,0.0,False,True
4507025357_00100,74.0,74.0,74.0,True,0.0,True,True
4507025357_00110,245.0,245.0,245.0,True,0.0,True,True
4507025357_00120,245.0,245.0,245.0,True,0.0,True,True
4507025357_00130,92.0,92.0,92.0,True,0.0,False,True
4507025357_00160,95.0,95.0,95.0,True,0.0,False,True
4507025357_00170,95.0,95.0,95.0,True,0.0,False,True
4507025357_00180,95.0,95.0,95.0,True,0.0,False,True
4507025357_00190,449.0,449.0,449.0,True,0.0,False,True
4507025357_00200,114.0,114.0,114.0,True,0.0,True,True
4507025357_00430,174.0,174.0,174.0,True,0.0,False,True
4507025398_00010,4.0,4.0,4.0,True,0.0,False,False
4507025402_00010,116.0,116.0,116.0,True,0.0,False,False
4507025403_00010,2.0,2.0,2.0,True,0.0,False,False
4507025403_00020,5.0,5.0,5.0,True,0.0,False,False
4507025540_00010,4849.0,4849.0,4849.0,True,0.0,True,True
4507025543_00060,130.0,130.0,130.0,True,0.0,False,True
4507025543_00070,290.0,290.0,290.0,True,0.0,False,True
4507025543_00080,387.0,387.0,387.0,True,0.0,False,True
4507025543_00090,260.0,260.0,260.0,True,0.0,False,True
4507025576_00010,5636.0,5636.0,5636.0,True,0.0,True,True
4507025577_00010,6200.0,6200.0,6200.0,True,0.0,True,True
4507025578_00010,5890.0,5890.0,5890.0,True,0.0,True,True
4507025591_00010,36456.0,36456.0,36456.0,True,0.0,False,True
4507025602_00010,38908.0,38908.0,38908.0,True,0.0,False,True
4507025610_00010,826.0,826.0,826.0,True,0.0,False,True
4507025620_00010,6001.0,6001.0,6001.0,True,0.0,True,True
4507025625_00001,1100.0,815683.0,8806.0,False,814583.0,False,True
4507025632_00001,2411.0,2411.0,2411.0,True,0.0,False,True
4507025651_00020,1837.0,1837.0,1837.0,True,0.0,False,True
4507025673_00060,362.0,362.0,362.0,True,0.0,False,True
4507025682_00010,19.0,19.0,19.0,True,0.0,False,False
4507025688_00010,199.0,199.0,199.0,True,0.0,False,False
4507025688_00020,59.0,59.0,59.0,True,0.0,False,False
4507025691_00060,360.0,360.0,360.0,True,0.0,False,True
4507025713_00080,817.0,817.0,817.0,True,0.0,True,True
4507025723_00010,425.0,425.0,425.0,True,0.0,False,True
4507025740_00040,961.0,961.0,961.0,True,0.0,False,True
4507025742_00040,264.0,264.0,264.0,True,0.0,True,True
4507025748_00050,1474.0,1474.0,1474.0,True,0.0,False,True
4507025752_00120,5067.0,5067.0,5067.0,True,0.0,False,True
4507025761_00110,1017.0,1017.0,1017.0,True,0.0,True,True
4507025806_00010,285.0,285.0,285.0,True,0.0,False,True
4507025820_00030,808.0,808.0,808.0,True,0.0,False,True
4507025832_00040,1668.0,1668.0,1668.0,True,0.0,False,True
4507025851_00010,8494.0,8494.0,8494.0,True,0.0,True,True
4507025852_00010,7736.0,7736.0,7736.0,True,0.0,False,True
4507025861_00010,503.0,503.0,503.0,True,0.0,False,True
4507025869_00010,3983.0,3983.0,3983.0,True,0.0,True,True
4507025886_00010,5137.0,5137.0,5137.0,True,0.0,False,True
4507025886_00020,1843.0,1843.0,1843.0,True,0.0,False,True
4507025898_00010,458.0,458.0,458.0,True,0.0,False,True
4507025898_00020,2291.0,2291.0,2291.0,True,0.0,False,True
4507025898_00030,224.0,224.0,224.0,True,0.0,False,True
4507025898_00040,702.0,702.0,702.0,True,0.0,False,True
4507025898_00050,77.0,77.0,77.0,True,0.0,False,True
4507025898_00070,1233.0,1233.0,1233.0,True,0.0,False,False
4507025917_00010,59.0,59.0,59.0,True,0.0,False,False
4507025917_00020,59.0,59.0,59.0,True,0.0,False,False
4507025917_00030,59.0,59.0,59.0,True,0.0,False,False
4507025917_00040,9.0,9.0,9.0,True,0.0,False,False
4507025948_00010,49079.0,49079.0,49079.0,True,0.0,True,True
4507025978_00001,5.0,40.0,5.0,False,35.0,False,True
4507025998_00020,113.0,113.0,113.0,True,0.0,False,True
4507026015_00010,303.0,303.0,303.0,True,0.0,False,True
4507026053_00010,8965.0,8965.0,8965.0,True,0.0,False,True
4507026056_00010,59.0,59.0,59.0,True,0.0,False,False
4507026056_00020,67.0,67.0,67.0,True,0.0,False,False
4507026060_00010,5945.0,5945.0,5945.0,True,0.0,False,True
4507026074_00010,4990.0,4990.0,4990.0,True,0.0,False,True
4507026107_00050,263.0,263.0,263.0,True,0.0,False,True
4507026107_00060,152.0,152.0,152.0,True,0.0,True,True
4507026107_00160,293.0,293.0,293.0,True,0.0,True,True
4507026107_00200,383.0,383.0,383.0,True,0.0,True,True
4507026136_00020,294.0,294.0,294.0,True,0.0,True,True
4507026138_00050,295.0,295.0,295.0,True,0.0,False,True
4507026138_00060,145.0,145.0,145.0,True,0.0,False,True
4507026138_00070,554.0,554.0,554.0,True,0.0,False,True
4507026138_00090,122.0,122.0,122.0,True,0.0,False,True
4507026139_00001,606.0,27886.0,606.0,False,27280.0,False,True
4507026143_00030,77.0,77.0,77.0,True,0.0,True,True
4507026184_00040,87.0,87.0,87.0,True,0.0,False,False
4507026185_00020,75.0,75.0,75.0,True,0.0,False,True
4507026196_00190,959.0,959.0,959.0,True,0.0,True,True
4507026209_00040,335.0,335.0,335.0,True,0.0,False,True
4507026221_00010,22405.0,44811.0,44811.0,False,22406.0,True,True
4507026221_00020,3325.0,3325.0,3325.0,True,0.0,False,True
4507026273_00001,1428.0,1428.0,1428.0,True,0.0,True,True
4507026341_00010,45033.0,45033.0,45033.0,True,0.0,False,True
4507026360_00010,234.0,234.0,234.0,True,0.0,False,True
4507026360_00020,386.0,386.0,386.0,True,0.0,False,True
4507026397_00010,1105.0,1105.0,1105.0,True,0.0,False,True
4507026408_00010,121.0,121.0,121.0,True,0.0,False,True
4507026409_00010,4292.0,4292.0,4292.0,True,0.0,True,True
4507026409_00030,4292.0,4292.0,4292.0,True,0.0,False,True
4507026438_00010,2248.0,2248.0,2248.0,True,0.0,False,True
4507026465_00001,908.0,686162.0,7270.0,False,685254.0,False,True
4507026489_00010,390.0,390.0,390.0,True,0.0,False,True
4507026490_00180,37.0,37.0,37.0,True,0.0,False,True
4507026490_00190,380.0,380.0,380.0,True,0.0,False,True
4507026490_00200,190.0,190.0,190.0,True,0.0,False,True
4507026490_00210,59.0,59.0,59.0,True,0.0,False,True
4507026490_00220,236.0,236.0,236.0,True,0.0,False,True
4507026490_00230,59.0,59.0,59.0,True,0.0,False,True
4507026490_00240,136.0,136.0,136.0,True,0.0,False,True
4507026490_00250,126.0,126.0,126.0,True,0.0,False,True
4507026494_00020,535.0,535.0,535.0,True,0.0,False,True
4507026506_00010,311.0,311.0,311.0,True,0.0,False,True
4507026535_00010,1085.0,1085.0,1085.0,True,0.0,False,True
4507026551_00020,171.0,171.0,171.0,True,0.0,True,True
4507026557_00020,651.0,651.0,651.0,True,0.0,False,True
4507026557_00030,367.0,367.0,367.0,True,0.0,False,True
4507026557_00040,139.0,139.0,139.0,True,0.0,False,True
4507026557_00050,208.0,208.0,208.0,True,0.0,False,True
4507026557_00060,208.0,208.0,208.0,True,0.0,False,True
4507026576_00010,49384.0,49384.0,49384.0,True,0.0,True,True
4507026577_00010,55557.0,55557.0,55557.0,True,0.0,False,True
4507026613_00010,1138.0,1138.0,1138.0,True,0.0,False,True
4507026626_00010,320.0,320.0,320.0,True,0.0,True,True
4507026626_00020,1439.0,1439.0,1439.0,True,0.0,True,True
4507026626_00030,903.0,903.0,903.0,True,0.0,True,True
4507026628_00240,676.0,676.0,676.0,True,0.0,True,True
4507026628_00250,413.0,413.0,413.0,True,0.0,True,True
4507026628_00260,413.0,413.0,413.0,True,0.0,True,True
4507026628_00360,111.0,111.0,111.0,True,0.0,True,True
4507026628_00390,34.0,34.0,34.0,True,0.0,True,True
4507026628_00400,34.0,34.0,34.0,True,0.0,True,True
4507026628_00410,34.0,34.0,34.0,True,0.0,True,True
4507026628_00420,207.0,207.0,207.0,True,0.0,True,True
4507026628_00430,34.0,34.0,34.0,True,0.0,True,True
4507026628_00440,69.0,69.0,69.0,True,0.0,False,True
4507026628_00450,34.0,34.0,34.0,True,0.0,True,True
4507026628_00460,34.0,34.0,34.0,True,0.0,True,True
4507026628_00470,103.0,103.0,103.0,True,0.0,False,True
4507026628_00480,34.0,34.0,34.0,True,0.0,True,True
4507026628_00490,63.0,63.0,63.0,True,0.0,True,True
4507026628_00500,63.0,63.0,63.0,True,0.0,True,True
4507026628_00510,63.0,63.0,63.0,True,0.0,True,True
4507026628_00540,63.0,63.0,63.0,True,0.0,True,True
4507026628_00550,63.0,63.0,63.0,True,0.0,True,True
4507026628_00560,85.0,85.0,85.0,True,0.0,False,True
4507026630_00110,629.0,629.0,629.0,True,0.0,True,True
4507026630_00120,499.0,499.0,499.0,True,0.0,True,True
4507026630_00130,680.0,680.0,680.0,True,0.0,False,True
4507026630_00140,826.0,826.0,826.0,True,0.0,False,True
4507026631_00010,89.0,89.0,89.0,True,0.0,False,True
4507026654_00020,349.0,349.0,349.0,True,0.0,False,True
4507026654_00030,16.0,16.0,16.0,True,0.0,False,True
4507026654_00250,16.0,16.0,16.0,True,0.0,False,True
4507026654_00260,16.0,16.0,16.0,True,0.0,False,True
4507026654_00270,60.0,60.0,60.0,True,0.0,True,True
4507026654_00280,74.0,74.0,74.0,True,0.0,True,True
4507026654_00290,99.0,99.0,99.0,True,0.0,True,True
4507026654_00300,16.0,16.0,16.0,True,0.0,False,True
4507026654_00350,60.0,60.0,60.0,True,0.0,False,True
4507026796_00010,109.0,109.0,109.0,True,0.0,False,True
4507026816_00010,969.0,969.0,969.0,True,0.0,False,True
4507026816_00020,969.0,969.0,969.0,True,0.0,False,True
4507026816_00030,545.0,545.0,545.0,True,0.0,False,True
4507026816_00040,545.0,545.0,545.0,True,0.0,False,True
4507026843_00010,1202.0,1202.0,1202.0,True,0.0,False,True
4507026875_00010,15068.0,15068.0,15068.0,True,0.0,True,True
4507026877_00010,12517.0,12517.0,12517.0,True,0.0,True,True
4507026878_00010,7729.0,7729.0,7729.0,True,0.0,True,True
4507026879_00010,10989.0,10989.0,10989.0,True,0.0,True,True
4507026880_00010,6456.0,6456.0,6456.0,True,0.0,True,True
4507026924_00080,177.0,177.0,177.0,True,0.0,False,True
4507026924_00090,59.0,59.0,59.0,True,0.0,False,True
4507026924_00100,59.0,59.0,59.0,True,0.0,False,True
4507026924_00110,710.0,710.0,710.0,True,0.0,False,True
4507026924_00130,190.0,190.0,190.0,True,0.0,False,True
4507026932_00010,59.0,59.0,59.0,True,0.0,False,False
4507026932_00020,9.0,9.0,9.0,True,0.0,False,False
4507026932_00030,9.0,9.0,9.0,True,0.0,False,False
4507026935_00010,8692.0,8692.0,8692.0,True,0.0,False,True
4507026956_00010,39.0,39.0,39.0,True,0.0,False,False
4507026956_00020,9.0,9.0,9.0,True,0.0,False,False
4507026965_00010,1678.0,1678.0,1678.0,True,0.0,False,True
4507026970_00010,892.0,892.0,892.0,True,0.0,False,True
4507026995_00010,1603.0,1603.0,1603.0,True,0.0,False,True
4507026995_00020,2085.0,2085.0,2085.0,True,0.0,False,True
4507026998_00040,945.0,945.0,945.0,True,0.0,False,False
4507027004_00040,369.0,369.0,369.0,True,0.0,False,True
4507027011_00010,2213.0,2213.0,2213.0,True,0.0,False,True
4507027011_00020,3398.0,3398.0,3398.0,True,0.0,False,True
4507027011_00030,1980.0,1980.0,1980.0,True,0.0,False,True
4507027011_00040,1674.0,1674.0,1674.0,True,0.0,False,True
4507027018_00030,1238.0,1238.0,1238.0,True,0.0,True,True
4507027019_00030,115.0,115.0,115.0,True,0.0,False,True
4507027025_00120,477.0,477.0,477.0,True,0.0,False,True
4507027049_00010,4252.0,4252.0,4252.0,True,0.0,False,True
4507027127_00001,259.0,1299.0,259.0,False,1040.0,False,True
4507027131_00010,623.0,623.0,623.0,True,0.0,False,True
4507027175_00010,181.0,181.0,181.0,True,0.0,False,True
4507027231_00010,219.0,219.0,219.0,True,0.0,False,False
4507027231_00020,9.0,9.0,9.0,True,0.0,False,False
4507027239_00010,636.0,636.0,636.0,True,0.0,False,True
4507027242_00010,18302.0,18302.0,18302.0,True,0.0,True,True
4507027280_00010,362.0,362.0,362.0,True,0.0,False,True
4507027301_00180,175.0,175.0,175.0,True,0.0,False,True
4507027301_00190,87.0,87.0,87.0,True,0.0,False,True
4507027313_00010,63.0,63.0,63.0,True,0.0,False,True
4507027333_00010,224.0,224.0,224.0,True,0.0,False,True
4507027519_00050,245.0,245.0,245.0,True,0.0,True,True
4507027519_00060,245.0,245.0,245.0,True,0.0,True,True
4507027519_00120,449.0,449.0,449.0,True,0.0,False,True
4507027519_00140,8.0,8.0,8.0,True,0.0,False,True
4507027519_00270,53.0,53.0,53.0,True,0.0,False,True
4507027519_00280,53.0,53.0,53.0,True,0.0,False,True
4507027519_00310,24.0,24.0,24.0,True,0.0,False,True
4507027519_00320,63.0,63.0,63.0,True,0.0,False,True
4507027519_00330,63.0,63.0,63.0,True,0.0,False,True
4507027550_00040,658.0,658.0,658.0,True,0.0,False,True
4507027551_00010,444.0,444.0,444.0,True,0.0,False,True
4507027551_00020,3348.0,3348.0,3348.0,True,0.0,True,True
4507027556_00010,168.0,168.0,168.0,True,0.0,False,True
4507027556_00020,17.0,17.0,17.0,True,0.0,True,True
4507027556_00030,795.0,795.0,795.0,True,0.0,False,True
4507027556_00040,1318.0,1318.0,1318.0,True,0.0,False,True
4507027556_00050,228.0,228.0,228.0,True,0.0,False,True
4507027594_00010,2163.0,2163.0,2163.0,True,0.0,False,True
4507027633_00010,2757.0,2757.0,2757.0,True,0.0,False,True
4507027659_00010,234.0,234.0,234.0,True,0.0,True,True
4507027659_00020,223.0,223.0,223.0,True,0.0,False,True
4507027689_00020,2004.0,2004.0,2004.0,True,0.0,False,True
4507027689_00030,498.0,498.0,498.0,True,0.0,False,True
4507027725_00030,538.0,538.0,538.0,True,0.0,False,True
4507027732_00020,362.0,362.0,362.0,True,0.0,False,True
4507027732_00030,535.0,535.0,535.0,True,0.0,False,True
4507027757_00250,177.0,177.0,177.0,True,0.0,False,True
4507027757_00300,590.0,590.0,590.0,True,0.0,False,True
4507027757_00310,904.0,904.0,904.0,True,0.0,False,True
4507027848_00010,19.0,19.0,19.0,True,0.0,False,False
4507027859_00070,886.0,886.0,886.0,True,0.0,False,True
4507027859_00080,1296.0,1296.0,1296.0,True,0.0,False,True
4507027862_00010,331.0,331.0,331.0,True,0.0,False,True
4507027862_00020,331.0,331.0,331.0,True,0.0,False,True
4507027862_00030,144.0,144.0,144.0,True,0.0,False,True
4507027862_00040,34.0,34.0,34.0,True,0.0,False,True
4507027862_00050,69.0,69.0,69.0,True,0.0,False,True
4507027862_00060,34.0,34.0,34.0,True,0.0,False,True
4507027862_00070,34.0,34.0,34.0,True,0.0,False,True
4507027862_00080,242.0,242.0,242.0,True,0.0,False,True
4507027862_00090,69.0,69.0,69.0,True,0.0,False,True
4507027862_00100,34.0,34.0,34.0,True,0.0,False,True
4507027862_00110,69.0,69.0,69.0,True,0.0,False,True
4507027862_00120,34.0,34.0,34.0,True,0.0,False,True
4507027862_00130,34.0,34.0,34.0,True,0.0,False,True
4507027862_00140,69.0,69.0,69.0,True,0.0,False,True
4507027862_00150,34.0,34.0,34.0,True,0.0,False,True
4507027862_00160,69.0,69.0,69.0,True,0.0,False,True
4507027862_00170,110.0,110.0,110.0,True,0.0,False,True
4507027862_00400,413.0,413.0,413.0,True,0.0,False,True
4507027862_00610,277.0,277.0,277.0,True,0.0,False,True
4507027862_00630,170.0,170.0,170.0,True,0.0,False,True
4507027862_00640,85.0,85.0,85.0,True,0.0,False,True
4507027862_00650,170.0,170.0,170.0,True,0.0,False,True
4507027873_00020,178.0,178.0,178.0,True,0.0,False,True
4507027873_00030,89.0,89.0,89.0,True,0.0,False,True
4507027873_00040,178.0,178.0,178.0,True,0.0,False,True
4507027873_00050,89.0,89.0,89.0,True,0.0,False,True
4507027873_00060,268.0,268.0,268.0,True,0.0,False,True
4507027873_00070,268.0,268.0,268.0,True,0.0,False,True
4507027887_00020,1556.0,1556.0,1556.0,True,0.0,False,True
4507027900_00010,178.0,178.0,178.0,True,0.0,False,True
4507027903_00010,1220.0,1220.0,1220.0,True,0.0,False,True
4507027903_00020,578.0,578.0,578.0,True,0.0,True,True
4507027903_00040,2808.0,2808.0,2808.0,True,0.0,True,True
4507027903_00050,1122.0,1122.0,1122.0,True,0.0,True,True
4507027903_00060,2179.0,2179.0,2179.0,True,0.0,False,True
4507027903_00070,1436.0,1436.0,1436.0,True,0.0,True,True
4507027907_00010,30440.0,30440.0,30440.0,True,0.0,True,True
4507027912_00010,111.0,111.0,111.0,True,0.0,False,True
4507027919_00010,38908.0,38908.0,38908.0,True,0.0,False,True
4507027927_00010,49384.0,49384.0,49384.0,True,0.0,False,True
4507027928_00010,49384.0,49384.0,49384.0,True,0.0,True,True
4507027934_00010,680.0,680.0,680.0,True,0.0,True,True
4507027947_00350,775.0,775.0,775.0,True,0.0,True,True
4507027947_00360,492.0,492.0,492.0,True,0.0,False,True
4507027947_00370,5816.0,5816.0,5816.0,True,0.0,False,True
4507027947_00380,2617.0,2617.0,2617.0,True,0.0,True,True
4507027947_00390,654.0,654.0,654.0,True,0.0,False,True
4507027947_00420,1723.0,1723.0,1723.0,True,0.0,False,True
4507027947_00430,431.0,431.0,431.0,True,0.0,False,True
4507027947_00440,1292.0,1292.0,1292.0,True,0.0,False,True
4507027947_00460,2607.0,2607.0,2607.0,True,0.0,False,True
4507027947_00470,2462.0,2462.0,2462.0,True,0.0,False,True
4507027951_00010,223.0,223.0,223.0,True,0.0,True,True
4507027951_00020,111.0,111.0,111.0,True,0.0,False,True
4507027951_00030,223.0,223.0,223.0,True,0.0,False,True
4507027951_00040,63.0,63.0,63.0,True,0.0,False,True
4507027951_00050,127.0,127.0,127.0,True,0.0,False,True
4507027951_00060,21.0,21.0,21.0,True,0.0,False,True
4507027951_00070,63.0,63.0,63.0,True,0.0,False,True
4507027951_00080,63.0,63.0,63.0,True,0.0,False,True
4507027951_00090,63.0,63.0,63.0,True,0.0,False,True
4507027951_00100,234.0,234.0,234.0,True,0.0,False,True
4507027951_00110,234.0,234.0,234.0,True,0.0,False,True
4507027951_00120,63.0,63.0,63.0,True,0.0,False,True
4507027956_00010,45.0,45.0,45.0,True,0.0,False,False
4507027956_00020,9.0,9.0,9.0,True,0.0,False,False
4507027956_00040,9.0,9.0,9.0,True,0.0,False,False
4507027965_00001,73.0,73.0,73.0,True,0.0,False,True
4507027995_00100,253.0,253.0,253.0,True,0.0,False,True
4507027995_00110,59.0,59.0,59.0,True,0.0,False,True
4507027999_00300,180.0,180.0,180.0,True,0.0,True,True
4507028016_00020,150.0,150.0,150.0,True,0.0,False,True
4507028018_00010,2027.0,2027.0,2027.0,True,0.0,False,True
4507028021_00060,516.0,516.0,516.0,True,0.0,True,True
4507028037_00010,310.0,310.0,310.0,True,0.0,False,True
4507028040_00010,313.0,313.0,313.0,True,0.0,False,True
4507028041_00010,308.0,308.0,308.0,True,0.0,False,True
4507028042_00010,308.0,308.0,308.0,True,0.0,False,True
4507028043_00010,310.0,310.0,310.0,True,0.0,False,True
4507028049_00110,36.0,36.0,36.0,True,0.0,True,True
4507028051_00050,927.0,927.0,927.0,True,0.0,True,True
4507028063_00130,724.0,724.0,724.0,True,0.0,True,True
4507028066_00120,465.0,465.0,465.0,True,0.0,True,True
4507028088_00010,396.0,396.0,396.0,True,0.0,False,False
4507028097_00080,377.0,377.0,377.0,True,0.0,True,True
4507028097_00110,528.0,528.0,528.0,True,0.0,True,True
4507028099_00010,333.0,333.0,333.0,True,0.0,False,True
4507028099_00020,221.0,221.0,221.0,True,0.0,False,True
4507028099_00030,6009.0,6009.0,6009.0,True,0.0,False,True
4507028099_00040,1596.0,1596.0,1596.0,True,0.0,False,True
4507028127_00050,5455.0,5455.0,5455.0,True,0.0,False,True
4507028127_00060,5455.0,5455.0,5455.0,True,0.0,False,True
4507028127_00070,3637.0,3637.0,3637.0,True,0.0,False,True
4507028127_00080,3637.0,3637.0,3637.0,True,0.0,True,True
4507028127_00090,3637.0,3637.0,3637.0,True,0.0,True,True
4507028127_00100,7274.0,7274.0,7274.0,True,0.0,False,True
4507028127_00110,8729.0,8729.0,8729.0,True,0.0,True,True
4507028127_00120,4849.0,4849.0,4849.0,True,0.0,False,True
4507028127_00130,4849.0,4849.0,4849.0,True,0.0,False,True
4507028163_00010,259.0,259.0,259.0,True,0.0,False,True
4507028184_00010,400.0,400.0,400.0,True,0.0,False,True
4507028209_00020,1920.0,1920.0,1920.0,True,0.0,False,True
4507028210_00010,7589.0,7589.0,7589.0,True,0.0,True,True
4507028219_00090,226.0,226.0,226.0,True,0.0,False,True
4507028219_00100,34.0,34.0,34.0,True,0.0,True,True
4507028219_00170,413.0,413.0,413.0,True,0.0,True,True
4507028219_00210,170.0,170.0,170.0,True,0.0,True,True
4507028219_00220,827.0,827.0,827.0,True,0.0,False,True
4507028219_00230,181.0,181.0,181.0,True,0.0,False,True
4507028221_00020,86.0,86.0,86.0,True,0.0,True,True
4507028221_00030,1259.0,1259.0,1259.0,True,0.0,False,True
4507028221_00050,5280.0,5280.0,5280.0,True,0.0,True,True
4507028224_00010,727.0,727.0,727.0,True,0.0,False,True
4507028229_00010,1515.0,1515.0,1515.0,True,0.0,True,True
4507028231_00010,3138.0,3138.0,3138.0,True,0.0,False,True
4507028231_00020,837.0,837.0,837.0,True,0.0,False,True
4507028235_00010,2712.0,2712.0,2712.0,True,0.0,True,True
4507028236_00020,6495.0,6495.0,6495.0,True,0.0,False,True
4507028239_00010,9959.0,9959.0,9959.0,True,0.0,True,True
4507028239_00030,5438.0,5438.0,5438.0,True,0.0,True,True
4507028239_00040,10106.0,10106.0,10106.0,True,0.0,True,True
4507028241_00010,198.0,198.0,198.0,True,0.0,False,False
4507028242_00010,1251.0,1251.0,1251.0,True,0.0,False,True
4507028273_00030,458.0,458.0,458.0,True,0.0,False,True
4507028275_00010,865.0,865.0,865.0,True,0.0,False,True
4507028275_00020,1766.0,1766.0,1766.0,True,0.0,False,True
4507028277_00060,130.0,130.0,130.0,True,0.0,False,True
4507028277_00070,130.0,130.0,130.0,True,0.0,False,True
4507028277_00080,606.0,606.0,606.0,True,0.0,False,True
4507028277_00090,340.0,340.0,340.0,True,0.0,False,True
4507028277_00100,284.0,284.0,284.0,True,0.0,False,True
4507028277_00110,241.0,241.0,241.0,True,0.0,False,True
4507028277_00120,361.0,361.0,361.0,True,0.0,False,True
4507028277_00130,241.0,241.0,241.0,True,0.0,False,True
4507028277_00140,179.0,179.0,179.0,True,0.0,False,True
4507028277_00150,221.0,221.0,221.0,True,0.0,False,True
4507028277_00160,241.0,241.0,241.0,True,0.0,False,True
4507028277_00170,179.0,179.0,179.0,True,0.0,False,True
4507028277_00180,130.0,130.0,130.0,True,0.0,False,True
4507028277_00190,260.0,260.0,260.0,True,0.0,False,True
4507028277_00200,402.0,402.0,402.0,True,0.0,False,True
4507028277_00210,130.0,130.0,130.0,True,0.0,False,True
4507028277_00220,521.0,521.0,521.0,True,0.0,False,True
4507028277_00230,402.0,402.0,402.0,True,0.0,False,True
4507028277_00240,1085.0,1085.0,1085.0,True,0.0,False,True
4507028277_00250,179.0,179.0,179.0,True,0.0,False,True
4507028277_00260,179.0,179.0,179.0,True,0.0,False,True
4507028282_00020,971.0,971.0,971.0,True,0.0,True,True
4507028282_00040,550.0,550.0,550.0,True,0.0,False,True
4507028287_00010,5938.0,5938.0,5938.0,True,0.0,False,True
4507028292_00001,956.0,799741.0,8609.0,False,798785.0,False,True
4507028301_00010,680.0,680.0,680.0,True,0.0,True,True
4507028301_00100,761.0,761.0,761.0,True,0.0,False,True
4507028301_00120,1259.0,1259.0,1259.0,True,0.0,True,True
4507028301_00130,6618.0,6618.0,6618.0,True,0.0,True,True
4507028303_00020,2095.0,2095.0,2095.0,True,0.0,True,True
4507028313_00010,12.0,12.0,12.0,True,0.0,False,True
4507028320_00010,15068.0,15068.0,15068.0,True,0.0,True,True
4507028343_00020,238.0,238.0,238.0,True,0.0,False,False
4507028364_00001,123.0,123.0,123.0,True,0.0,False,True
4507028387_00010,1762.0,1762.0,1762.0,True,0.0,False,True
4507028391_00060,752.0,752.0,752.0,True,0.0,False,True
4507028391_00070,182.0,182.0,182.0,True,0.0,False,True
4507028391_00080,624.0,624.0,624.0,True,0.0,True,True
4507028391_00090,503.0,503.0,503.0,True,0.0,True,True
4507028391_00100,248.0,248.0,248.0,True,0.0,False,True
4507028391_00170,130.0,130.0,130.0,True,0.0,False,True
4507028391_00180,130.0,130.0,130.0,True,0.0,False,True
4507028392_00010,71.0,71.0,71.0,True,0.0,False,True
4507028425_00010,23122.0,23122.0,23122.0,True,0.0,False,True
4507028425_00020,23122.0,23122.0,23122.0,True,0.0,False,True
4507028429_00020,129.0,129.0,129.0,True,0.0,True,True
4507028453_00010,2603.0,2603.0,2603.0,True,0.0,True,True
4507028453_00020,2603.0,2603.0,2603.0,True,0.0,True,True
4507028503_00001,536.0,536.0,536.0,True,0.0,False,True
4507028506_00030,78.0,78.0,78.0,True,0.0,False,True
4507028517_00020,99.0,99.0,99.0,True,0.0,True,True
4507028517_00040,381.0,381.0,381.0,True,0.0,False,True
4507028517_00080,127.0,127.0,127.0,True,0.0,False,True
4507028517_00090,83.0,83.0,83.0,True,0.0,False,True
4507028517_00130,898.0,898.0,898.0,True,0.0,False,True
4507028521_00170,236.0,236.0,236.0,True,0.0,True,True
4507028521_00190,126.0,126.0,126.0,True,0.0,True,True
4507028521_00360,74.0,74.0,74.0,True,0.0,True,True
4507028542_00060,6274.0,6274.0,6274.0,True,0.0,False,True
4507028549_00060,82.0,82.0,82.0,True,0.0,False,False
4507028555_00020,93.0,93.0,93.0,True,0.0,False,True
4507028562_00010,260.0,260.0,260.0,True,0.0,False,True
4507028562_00020,179.0,179.0,179.0,True,0.0,False,True
4507028639_00010,1153.0,1153.0,1153.0,True,0.0,False,True
4507028639_00020,660.0,660.0,660.0,True,0.0,False,True
4507028639_00030,1352.0,1352.0,1352.0,True,0.0,False,True
4507028639_00040,1568.0,1568.0,1568.0,True,0.0,True,True
4507028660_00010,21217.0,21217.0,21217.0,True,0.0,False,True
4507028660_00020,3325.0,3325.0,3325.0,True,0.0,False,True
4507028678_00100,1733.0,1733.0,1733.0,True,0.0,False,True
4507028678_00170,241.0,241.0,241.0,True,0.0,False,True
4507028678_00180,241.0,241.0,241.0,True,0.0,False,True
4507028678_00190,361.0,361.0,361.0,True,0.0,False,True
4507028678_00200,178.0,178.0,178.0,True,0.0,False,True
4507028678_00220,782.0,782.0,782.0,True,0.0,False,True
4507028678_00230,521.0,521.0,521.0,True,0.0,False,True
4507028678_00340,521.0,521.0,521.0,True,0.0,False,True
4507028678_00350,196.0,196.0,196.0,True,0.0,False,True
4507028678_00360,301.0,301.0,301.0,True,0.0,False,True
4507028678_00370,259.0,259.0,259.0,True,0.0,False,True
4507028678_00380,665.0,665.0,665.0,True,0.0,False,True
4507028678_00390,218.0,218.0,218.0,True,0.0,False,True
4507028678_00400,443.0,443.0,443.0,True,0.0,False,True
4507028678_00410,284.0,284.0,284.0,True,0.0,False,True
4507028678_00420,445.0,445.0,445.0,True,0.0,False,True
4507028678_00430,371.0,371.0,371.0,True,0.0,False,True
4507028678_00440,228.0,228.0,228.0,True,0.0,False,True
4507028678_00450,406.0,406.0,406.0,True,0.0,False,True
4507028678_00460,743.0,743.0,743.0,True,0.0,False,True
4507028678_00470,179.0,179.0,179.0,True,0.0,False,True
4507028678_00480,361.0,361.0,361.0,True,0.0,False,True
4507028678_00490,155.0,155.0,155.0,True,0.0,False,True
4507028678_00500,260.0,260.0,260.0,True,0.0,False,True
4507028678_00510,179.0,179.0,179.0,True,0.0,False,True
4507028678_00520,178.0,178.0,178.0,True,0.0,False,True
4507028678_00530,260.0,260.0,260.0,True,0.0,False,True
4507028678_00540,425.0,425.0,425.0,True,0.0,True,True
4507028678_00550,425.0,425.0,425.0,True,0.0,True,True
4507028678_00560,361.0,361.0,361.0,True,0.0,False,True
4507028678_00570,489.0,489.0,489.0,True,0.0,True,True
4507028695_00040,1053.0,1053.0,1053.0,True,0.0,False,True
4507028695_00050,636.0,636.0,636.0,True,0.0,False,True
4507028747_00010,153.0,153.0,153.0,True,0.0,False,True
4507028756_00010,39344.0,39344.0,39344.0,True,0.0,False,True
4507028782_00001,1428.0,1428.0,1428.0,True,0.0,True,True
4507028783_00010,181.0,181.0,181.0,True,0.0,False,True
4507028786_00010,39.0,39.0,39.0,True,0.0,False,False
4507028794_00080,83.0,83.0,83.0,True,0.0,False,True
4507028827_00010,277.0,277.0,277.0,True,0.0,False,True
4507028866_00001,991.0,374896.0,3967.0,False,373905.0,False,True
4507028874_00001,749.0,514140.0,5246.0,False,513391.0,False,True
4507028896_00010,362.0,362.0,362.0,True,0.0,False,True
4507028918_00020,130.0,130.0,130.0,True,0.0,False,True
4507028919_00130,31.0,31.0,31.0,True,0.0,True,True
4507028919_00140,145.0,145.0,145.0,True,0.0,True,True
4507028919_00150,109.0,109.0,109.0,True,0.0,True,True
4507028919_00160,355.0,355.0,355.0,True,0.0,True,True
4507028919_00220,904.0,904.0,904.0,True,0.0,True,True
4507028941_00090,2783.0,2783.0,2783.0,True,0.0,False,True
4507029079_00010,793.0,793.0,793.0,True,0.0,False,True
4507029112_00030,3152.0,3152.0,3152.0,True,0.0,True,True
4507029112_00110,2352.0,2352.0,2352.0,True,0.0,True,True
4507029112_00120,1238.0,1238.0,1238.0,True,0.0,True,True
4507029112_00130,2667.0,2667.0,2667.0,True,0.0,True,True
4507029112_00140,2162.0,2162.0,2162.0,True,0.0,True,True
4507029112_00150,2546.0,2546.0,2546.0,True,0.0,True,True
4507029224_00120,365.0,365.0,365.0,True,0.0,False,True
4507029235_00010,9.0,9.0,9.0,True,0.0,False,False
4507029240_00020,104.0,104.0,104.0,True,0.0,False,True
4507029240_00030,34.0,34.0,34.0,True,0.0,False,True
4507029240_00040,69.0,69.0,69.0,True,0.0,False,True
4507029240_00050,242.0,242.0,242.0,True,0.0,False,True
4507029240_00060,110.0,110.0,110.0,True,0.0,False,True
4507029240_00200,290.0,290.0,290.0,True,0.0,False,True
4507029240_00290,630.0,630.0,630.0,True,0.0,False,True
4507029240_00310,413.0,413.0,413.0,True,0.0,False,True
4507029240_00400,413.0,413.0,413.0,True,0.0,False,True
4507029240_00410,290.0,290.0,290.0,True,0.0,False,True
4507029240_00420,413.0,413.0,413.0,True,0.0,False,True
4507029246_00010,3138.0,3138.0,3138.0,True,0.0,False,True
4507029249_00010,3983.0,3983.0,3983.0,True,0.0,True,True
4507029249_00020,6219.0,6219.0,6219.0,True,0.0,True,True
4507029249_00030,5438.0,5438.0,5438.0,True,0.0,True,True
4507029253_00010,5830.0,5830.0,5830.0,True,0.0,False,True
4507029258_00260,492.0,492.0,492.0,True,0.0,True,True
4507029258_00280,17239.0,17239.0,17239.0,True,0.0,True,True
4507029258_00300,1550.0,1550.0,1550.0,True,0.0,False,True
4507029258_00310,775.0,775.0,775.0,True,0.0,False,True
4507029258_00370,1738.0,1738.0,1738.0,True,0.0,False,True
4507029259_00040,51.0,51.0,51.0,True,0.0,False,True
4507029259_00050,7529.0,7529.0,7529.0,True,0.0,False,True
4507029259_00060,2749.0,2749.0,2749.0,True,0.0,False,True
4507029260_00020,301.0,301.0,301.0,True,0.0,False,True
4507029262_00010,2869.0,2869.0,2869.0,True,0.0,True,True
4507029262_00020,2893.0,2893.0,2893.0,True,0.0,False,True
4507029263_00010,2628.0,2628.0,2628.0,True,0.0,True,True
4507029263_00020,1238.0,1238.0,1238.0,True,0.0,True,True
4507029264_00010,381.0,381.0,381.0,True,0.0,False,True
4507029264_00020,63.0,63.0,63.0,True,0.0,False,True
4507029264_00030,63.0,63.0,63.0,True,0.0,False,True
4507029264_00040,63.0,63.0,63.0,True,0.0,False,True
4507029265_00040,2660.0,2660.0,2660.0,True,0.0,False,True
4507029265_00050,1296.0,1296.0,1296.0,True,0.0,False,True
4507029266_00050,761.0,761.0,761.0,True,0.0,False,True
4507029266_00060,629.0,629.0,629.0,True,0.0,True,True
4507029266_00070,1361.0,1361.0,1361.0,True,0.0,False,True
4507029266_00080,1652.0,1652.0,1652.0,True,0.0,False,True
4507029266_00090,826.0,826.0,826.0,True,0.0,True,True
4507029267_00020,1252.0,1252.0,1252.0,True,0.0,False,True
4507029269_00010,1047.0,1047.0,1047.0,True,0.0,False,True
4507029269_00020,1723.0,1723.0,1723.0,True,0.0,False,True
4507029269_00030,1047.0,1047.0,1047.0,True,0.0,False,True
4507029269_00040,1047.0,1047.0,1047.0,True,0.0,False,True
4507029269_00050,861.0,861.0,861.0,True,0.0,False,True
4507029269_00060,1047.0,1047.0,1047.0,True,0.0,False,True
4507029269_00070,2584.0,2584.0,2584.0,True,0.0,False,True
4507029322_00020,49.0,49.0,49.0,True,0.0,True,True
4507029322_00040,245.0,245.0,245.0,True,0.0,True,True
4507029322_00050,245.0,245.0,245.0,True,0.0,True,True
4507029322_00060,326.0,326.0,326.0,True,0.0,True,True
4507029322_00070,449.0,449.0,449.0,True,0.0,True,True
4507029322_00100,556.0,556.0,556.0,True,0.0,True,True
4507029322_00140,116.0,116.0,116.0,True,0.0,True,True
4507029322_00450,898.0,898.0,898.0,True,0.0,True,True
4507029322_00470,879.0,879.0,879.0,True,0.0,True,True
4507029322_00480,879.0,879.0,879.0,True,0.0,True,True
4507029470_00010,42435.0,42435.0,42435.0,True,0.0,False,True
4507029573_00010,93.0,93.0,93.0,True,0.0,True,True
4507029626_00010,39.0,39.0,39.0,True,0.0,False,False
4507029626_00020,13.0,13.0,13.0,True,0.0,False,False
4507029626_00040,11.0,11.0,11.0,True,0.0,False,False
4507029675_00010,49384.0,49384.0,49384.0,True,0.0,False,True
4507029677_00010,55557.0,55557.0,55557.0,True,0.0,False,True
4507029700_00010,310.0,310.0,310.0,True,0.0,False,True
4507029701_00010,1057.0,1057.0,1057.0,True,0.0,False,True
4507029702_00010,484.0,484.0,484.0,True,0.0,False,True
4507029704_00010,121.0,121.0,121.0,True,0.0,False,True
4507029704_00020,2338.0,2338.0,2338.0,True,0.0,False,True
4507029709_00001,672.0,452256.0,4704.0,False,451584.0,False,True
4507029717_00010,4085.0,4085.0,4085.0,True,0.0,True,True
4507029733_00010,362.0,362.0,362.0,True,0.0,False,True
4507029733_00020,535.0,535.0,535.0,True,0.0,False,True
4507029733_00140,177.0,177.0,177.0,True,0.0,False,True
4507029735_00010,39.0,39.0,39.0,True,0.0,False,False
4507029743_00110,2021.0,2021.0,2021.0,True,0.0,True,True
4507029747_00070,388.0,388.0,388.0,True,0.0,True,True
4507029749_00060,7033.0,7033.0,7033.0,True,0.0,True,True
4507029756_00010,196.0,196.0,196.0,True,0.0,True,True
4507029756_00020,223.0,223.0,223.0,True,0.0,True,True
4507029756_00030,196.0,196.0,196.0,True,0.0,True,True
4507029756_00040,568.0,568.0,568.0,True,0.0,True,True
4507029756_00050,532.0,532.0,532.0,True,0.0,True,True
4507029756_00070,194.0,194.0,194.0,True,0.0,True,True
4507029758_00050,537.0,537.0,537.0,True,0.0,False,True
4507029767_00120,829.0,829.0,829.0,True,0.0,False,True
4507029769_00010,1195.0,1195.0,1195.0,True,0.0,False,True
4507029977_00010,76088.0,76088.0,76088.0,True,0.0,False,True
4507030000_00010,77.0,77.0,77.0,True,0.0,True,True
4507030004_00010,975.0,975.0,975.0,True,0.0,False,True
4507030004_00170,3547.0,3547.0,3547.0,True,0.0,False,True
4507030024_00010,1495.0,1495.0,1495.0,True,0.0,False,True
4507030036_00110,207.0,207.0,207.0,True,0.0,False,True
4507030037_00010,89.0,89.0,89.0,True,0.0,False,True
4507030037_00020,89.0,89.0,89.0,True,0.0,False,True
4507030037_00030,268.0,268.0,268.0,True,0.0,False,True
4507030037_00040,268.0,268.0,268.0,True,0.0,False,True
4507030044_00010,4330.0,4330.0,4330.0,True,0.0,False,True
4507030054_00010,521.0,521.0,521.0,True,0.0,False,True
4507030054_00050,732.0,732.0,732.0,True,0.0,False,True
4507030054_00060,444.0,444.0,444.0,True,0.0,False,True
4507030054_00070,391.0,391.0,391.0,True,0.0,False,True
4507030054_00080,260.0,260.0,260.0,True,0.0,False,True
4507030054_00120,211.0,211.0,211.0,True,0.0,False,True
4507030054_00130,522.0,522.0,522.0,True,0.0,False,True
4507030054_00150,290.0,290.0,290.0,True,0.0,False,True
4507030054_00170,241.0,241.0,241.0,True,0.0,False,True
4507030054_00200,179.0,179.0,179.0,True,0.0,False,True
4507030054_00220,782.0,782.0,782.0,True,0.0,False,True
4507030054_00230,391.0,391.0,391.0,True,0.0,False,True
4507030054_00240,601.0,601.0,601.0,True,0.0,False,True
4507030054_00250,361.0,361.0,361.0,True,0.0,True,True
4507030054_00260,521.0,521.0,521.0,True,0.0,False,True
4507030054_00310,260.0,260.0,260.0,True,0.0,False,True
4507030054_00320,290.0,290.0,290.0,True,0.0,False,True
4507030054_00330,391.0,391.0,391.0,True,0.0,False,True
4507030054_00340,391.0,391.0,391.0,True,0.0,False,True
4507030054_00350,391.0,391.0,391.0,True,0.0,False,True
4507030054_00360,178.0,178.0,178.0,True,0.0,False,True
4507030054_00370,260.0,260.0,260.0,True,0.0,False,True
4507030054_00380,912.0,912.0,912.0,True,0.0,False,True
4507030054_00390,521.0,521.0,521.0,True,0.0,False,True
4507030062_00010,13.0,13.0,13.0,True,0.0,False,False
4507030062_00020,8.0,8.0,8.0,True,0.0,False,False
4507030062_00030,8.0,8.0,8.0,True,0.0,False,False
4507030062_00040,8.0,8.0,8.0,True,0.0,False,False
4507030064_00010,1047.0,1047.0,1047.0,True,0.0,False,True
4507030064_00020,1047.0,1047.0,1047.0,True,0.0,False,True
4507030064_00030,1047.0,1047.0,1047.0,True,0.0,False,True
4507030064_00040,861.0,861.0,861.0,True,0.0,False,True
4507030065_00010,111.0,111.0,111.0,True,0.0,False,True
4507030117_00060,355.0,355.0,355.0,True,0.0,False,True
4507030118_00200,74.0,74.0,74.0,True,0.0,True,True
4507030118_00220,898.0,898.0,898.0,True,0.0,True,True
4507030118_00300,951.0,951.0,951.0,True,0.0,True,True
4507030118_00310,34.0,34.0,34.0,True,0.0,True,True
4507030118_00320,34.0,34.0,34.0,True,0.0,True,True
4507030118_00330,33.0,33.0,33.0,True,0.0,False,False
4507030118_00340,586.0,586.0,586.0,True,0.0,False,True
4507030123_00020,364.0,364.0,364.0,True,0.0,False,True
4507030126_00040,196.0,196.0,196.0,True,0.0,False,True
4507030126_00050,272.0,272.0,272.0,True,0.0,False,True
4507030131_00010,25461.0,25461.0,25461.0,True,0.0,False,True
4507030144_00010,27678.0,27678.0,27678.0,True,0.0,False,True
4507030146_00010,4950.0,4950.0,4950.0,True,0.0,True,True
4507030160_00010,4780.0,4780.0,4780.0,True,0.0,True,True
4507030203_00040,115.0,115.0,115.0,True,0.0,False,True
4507030203_00050,17.0,17.0,17.0,True,0.0,False,True
4507030203_00060,33.0,33.0,33.0,True,0.0,False,True
4507030217_00010,585.0,585.0,585.0,True,0.0,True,True
4507030260_00010,19.0,19.0,19.0,True,0.0,False,False
4507030320_00010,5739.0,5739.0,5739.0,True,0.0,False,True
4507030324_00010,128.0,128.0,128.0,True,0.0,False,True
4507030331_00001,133.0,133.0,133.0,True,0.0,False,True
4507030343_00001,536.0,536.0,536.0,True,0.0,False,True
4507030357_00200,6482.0,6482.0,6482.0,True,0.0,False,True
4507030390_00010,14653.0,14653.0,14653.0,True,0.0,False,True
4507030458_00030,218.0,218.0,218.0,True,0.0,True,True
4507030459_00060,358.0,358.0,358.0,True,0.0,True,True
4507030477_00070,95.0,95.0,95.0,True,0.0,False,True
4507030477_00080,236.0,236.0,236.0,True,0.0,False,True
4507030477_00090,118.0,118.0,118.0,True,0.0,False,True
4507030477_00100,118.0,118.0,118.0,True,0.0,False,True
4507030477_00110,291.0,291.0,291.0,True,0.0,False,True
4507030477_00120,291.0,291.0,291.0,True,0.0,False,True
4507030477_00130,317.0,317.0,317.0,True,0.0,False,True
4507030477_00140,407.0,407.0,407.0,True,0.0,False,True
4507030477_00240,176.0,176.0,176.0,True,0.0,False,True
4507030477_00490,275.0,275.0,275.0,True,0.0,False,True
4507030477_00790,634.0,634.0,634.0,True,0.0,False,True
4507030477_00800,444.0,444.0,444.0,True,0.0,False,True
4507030477_00810,222.0,222.0,222.0,True,0.0,False,True
4507030477_00820,786.0,786.0,786.0,True,0.0,False,True
4507030477_00830,314.0,314.0,314.0,True,0.0,False,True
4507030487_00060,1329.0,1329.0,1329.0,True,0.0,True,True
4507030490_00010,151.0,151.0,151.0,True,0.0,False,True
4507030490_00020,151.0,151.0,151.0,True,0.0,False,True
4507030490_00030,259.0,259.0,259.0,True,0.0,False,False
4507030492_00010,45033.0,45033.0,45033.0,True,0.0,False,True
4507030497_00010,3838.0,3838.0,3838.0,True,0.0,False,True
4507030517_00240,37.0,37.0,37.0,True,0.0,False,True
4507030585_00010,498.0,498.0,498.0,True,0.0,False,True
4507030588_00050,4330.0,4330.0,4330.0,True,0.0,False,True
4507030598_00020,8745.0,8745.0,8745.0,True,0.0,False,True
4507030601_00010,285.0,285.0,285.0,True,0.0,True,True
4507030601_00030,1811.0,1811.0,1811.0,True,0.0,True,True
4507030602_00010,837.0,837.0,837.0,True,0.0,False,True
4507030602_00030,3138.0,3138.0,3138.0,True,0.0,False,True
4507030609_00010,5265.0,5265.0,5265.0,True,0.0,False,True
4507030611_00010,2965.0,2965.0,2965.0,True,0.0,True,True
4507030611_00020,3290.0,3290.0,3290.0,True,0.0,False,True
4507030611_00030,8157.0,8157.0,8157.0,True,0.0,False,True
4507030618_00010,4845.0,4845.0,4845.0,True,0.0,False,True
4507030630_00010,43123.0,43123.0,43123.0,True,0.0,True,True
4507030635_00010,9002.0,9002.0,9002.0,True,0.0,True,True
4507030655_00010,19728.0,19728.0,19728.0,True,0.0,True,True
4507030677_00010,83943.0,83943.0,83943.0,True,0.0,False,True
4507030729_00010,19728.0,19728.0,19728.0,True,0.0,False,True
4507030732_00010,39456.0,39456.0,39456.0,True,0.0,False,True
4507030739_00001,1826.0,1826.0,1826.0,True,0.0,False,True
4507030776_00010,92.0,92.0,92.0,True,0.0,False,True
4507030776_00040,99.0,99.0,99.0,True,0.0,True,True
4507030776_00060,99.0,99.0,99.0,True,0.0,True,True
4507030776_00090,245.0,245.0,245.0,True,0.0,True,True
4507030776_00110,204.0,204.0,204.0,True,0.0,False,True
4507030776_00180,3593.0,3593.0,3593.0,True,0.0,False,True
4507030776_00190,50.0,50.0,50.0,True,0.0,False,True
4507030776_00200,22.0,22.0,22.0,True,0.0,False,True
4507030776_00210,62.0,62.0,62.0,True,0.0,False,True
4507030810_00010,19.0,19.0,19.0,True,0.0,False,False
4507030949_00050,415.0,415.0,415.0,True,0.0,True,True
4507030949_00070,2296.0,2296.0,2296.0,True,0.0,True,True
4507030949_00090,971.0,971.0,971.0,True,0.0,True,True
4507030979_00300,163.0,163.0,163.0,True,0.0,False,True
4507030979_00540,413.0,413.0,413.0,True,0.0,False,True
4507030979_00550,676.0,676.0,676.0,True,0.0,False,True
4507030979_00560,413.0,413.0,413.0,True,0.0,False,True
4507030979_00570,676.0,676.0,676.0,True,0.0,False,True
4507030979_00590,181.0,181.0,181.0,True,0.0,False,True
4507030979_00600,506.0,506.0,506.0,True,0.0,False,True
4507030979_00610,181.0,181.0,181.0,True,0.0,False,True
4507030979_00620,181.0,181.0,181.0,True,0.0,False,True
4507030979_00910,59.0,59.0,59.0,True,0.0,False,True
4507030979_00920,242.0,242.0,242.0,True,0.0,False,True
4507030979_00930,242.0,242.0,242.0,True,0.0,False,True
4507030979_00950,234.0,234.0,234.0,True,0.0,False,True
4507030979_00960,234.0,234.0,234.0,True,0.0,False,True
4507030979_00970,469.0,469.0,469.0,True,0.0,False,True
4507030979_00980,234.0,234.0,234.0,True,0.0,False,True
4507030979_00990,254.0,254.0,254.0,True,0.0,False,True
4507030979_01090,676.0,676.0,676.0,True,0.0,False,True
4507030979_01210,226.0,226.0,226.0,True,0.0,False,True
4507030979_01220,209.0,209.0,209.0,True,0.0,False,True
4507030979_01230,331.0,331.0,331.0,True,0.0,False,True
4507030979_01240,73.0,73.0,73.0,True,0.0,False,True
4507030979_01250,104.0,104.0,104.0,True,0.0,True,True
4507030979_01260,85.0,85.0,85.0,True,0.0,False,True
4507030979_01270,172.0,172.0,172.0,True,0.0,False,True
4507030979_01280,172.0,172.0,172.0,True,0.0,False,True
4507030979_01290,172.0,172.0,172.0,True,0.0,False,True
4507030979_01300,63.0,63.0,63.0,True,0.0,False,True
4507030979_01310,85.0,85.0,85.0,True,0.0,True,True
4507030979_01330,85.0,85.0,85.0,True,0.0,True,True
4507030982_00090,975.0,975.0,975.0,True,0.0,False,True
4507030983_00510,1638.0,1638.0,1638.0,True,0.0,True,True
4507030983_00580,503.0,503.0,503.0,True,0.0,False,True
4507030983_00590,848.0,848.0,848.0,True,0.0,True,True
4507030983_00600,1402.0,1402.0,1402.0,True,0.0,False,True
4507030983_00610,576.0,576.0,576.0,True,0.0,True,True
4507030983_00620,1153.0,1153.0,1153.0,True,0.0,False,True
4507030983_00650,532.0,532.0,532.0,True,0.0,True,True
4507030983_00750,680.0,680.0,680.0,True,0.0,False,True
4507030984_00010,843.0,843.0,843.0,True,0.0,True,True
4507030985_00010,9173.0,9173.0,9173.0,True,0.0,False,True
4507030986_00010,6238.0,6238.0,6238.0,True,0.0,False,True
4507030987_00020,6238.0,6238.0,6238.0,True,0.0,False,True
4507030988_00020,6238.0,6238.0,6238.0,True,0.0,False,True
4507031021_00010,130.0,130.0,130.0,True,0.0,False,True
4507031021_00030,260.0,260.0,260.0,True,0.0,False,True
4507031021_00050,130.0,130.0,130.0,True,0.0,False,True
4507031021_00060,130.0,130.0,130.0,True,0.0,False,True
4507031021_00070,361.0,361.0,361.0,True,0.0,False,True
4507031021_00150,221.0,221.0,221.0,True,0.0,False,True
4507031021_00160,361.0,361.0,361.0,True,0.0,False,True
4507031021_00170,179.0,179.0,179.0,True,0.0,False,True
4507031021_00190,2006.0,2006.0,2006.0,True,0.0,False,True
4507031021_00200,2006.0,2006.0,2006.0,True,0.0,False,True
4507031021_00210,130.0,130.0,130.0,True,0.0,False,True
4507031021_00220,130.0,130.0,130.0,True,0.0,False,True
4507031021_00330,260.0,260.0,260.0,True,0.0,False,True
4507031021_00340,211.0,211.0,211.0,True,0.0,False,True
4507031021_00350,912.0,912.0,912.0,True,0.0,False,True
4507031021_00360,386.0,386.0,386.0,True,0.0,False,True
4507031021_00370,260.0,260.0,260.0,True,0.0,False,True
4507031031_00020,70148.0,140296.0,140296.0,False,70148.0,False,True
4507031067_00030,2546.0,2546.0,2546.0,True,0.0,False,True
4507031067_00040,988.0,988.0,988.0,True,0.0,False,True
4507031067_00050,338.0,338.0,338.0,True,0.0,True,True
4507031067_00060,15058.0,15058.0,15058.0,True,0.0,False,True
4507031067_00070,10713.0,10713.0,10713.0,True,0.0,True,True
4507031068_00010,602.0,602.0,602.0,True,0.0,False,True
4507031069_00010,1147.0,1147.0,1147.0,True,0.0,False,True
4507031069_00020,615.0,615.0,615.0,True,0.0,False,True
4507031069_00030,2034.0,2034.0,2034.0,True,0.0,False,True
4507031069_00040,2893.0,2893.0,2893.0,True,0.0,False,True
4507031070_00010,1766.0,1766.0,1766.0,True,0.0,False,True
4507031070_00030,6643.0,6643.0,6643.0,True,0.0,False,True
4507031070_00040,2019.0,2019.0,2019.0,True,0.0,False,True
4507031071_00010,1934.0,1934.0,1934.0,True,0.0,False,True
4507031071_00020,759.0,759.0,759.0,True,0.0,False,True
4507031071_00050,692.0,692.0,692.0,True,0.0,True,True
4507031071_00060,619.0,619.0,619.0,True,0.0,True,True
4507031071_00070,639.0,639.0,639.0,True,0.0,True,True
4507031071_00080,856.0,856.0,856.0,True,0.0,False,True
4507031071_00090,1497.0,1497.0,1497.0,True,0.0,False,True
4507031071_00110,385.0,385.0,385.0,True,0.0,False,True
4507031071_00120,4976.0,4976.0,4976.0,True,0.0,True,True
4507031071_00130,755.0,755.0,755.0,True,0.0,False,True
4507031071_00140,1602.0,1602.0,1602.0,True,0.0,True,True
4507031074_00010,293.0,293.0,293.0,True,0.0,False,True
4507031074_00020,267.0,267.0,267.0,True,0.0,False,True
4507031078_00260,602.0,602.0,602.0,True,0.0,True,True
4507031078_00270,9481.0,9481.0,9481.0,True,0.0,False,True
4507031084_00010,1833.0,1833.0,1833.0,True,0.0,False,True
4507031084_00020,333.0,333.0,333.0,True,0.0,False,True
4507031088_00010,861.0,861.0,861.0,True,0.0,False,True
4507031088_00020,2154.0,2154.0,2154.0,True,0.0,False,True
4507031088_00030,4738.0,4738.0,4738.0,True,0.0,False,True
4507031088_00040,2154.0,2154.0,2154.0,True,0.0,False,True
4507031090_00010,1637.0,1637.0,1637.0,True,0.0,False,True
4507031096_00001,951.0,664402.0,7614.0,False,663451.0,False,True
4507031105_00001,10.0,94.0,10.0,False,84.0,False,True
4507031124_00010,935.0,935.0,935.0,True,0.0,True,True
4507031144_00050,238.0,238.0,238.0,True,0.0,True,True
4507031147_00030,1027.0,1027.0,1027.0,True,0.0,False,True
4507031149_00010,7208.0,7208.0,7208.0,True,0.0,True,True
4507031154_00040,442.0,442.0,442.0,True,0.0,True,True
4507031155_00020,64.0,64.0,64.0,True,0.0,True,True
4507031292_00020,2085.0,2085.0,2085.0,True,0.0,False,True
4507031305_00010,6131.0,6131.0,6131.0,True,0.0,False,True
4507031319_00010,86.0,86.0,86.0,True,0.0,False,False
4507031346_00010,303.0,303.0,303.0,True,0.0,False,True
4507031346_00020,303.0,303.0,303.0,True,0.0,False,True
4507031519_00001,606.0,19398.0,606.0,False,18792.0,False,True
4507031563_00130,407.0,407.0,407.0,True,0.0,False,True
4507031587_00010,2915.0,2915.0,2915.0,True,0.0,True,True
4507031611_00040,732.0,732.0,732.0,True,0.0,False,True
4507031622_00010,1202.0,1202.0,1202.0,True,0.0,False,True
4507031622_00020,834.0,834.0,834.0,True,0.0,False,True
4507031624_00040,2920.0,2920.0,2920.0,True,0.0,False,True
4507031635_00080,779.0,779.0,779.0,True,0.0,True,True
4507031635_00100,1177.0,1177.0,1177.0,True,0.0,True,True
4507031653_00010,391.0,391.0,391.0,True,0.0,False,True
4507031654_00010,59.0,59.0,59.0,True,0.0,False,False
4507031654_00020,9.0,9.0,9.0,True,0.0,False,False
4507031654_00030,39.0,39.0,39.0,True,0.0,False,False
4507031654_00040,9.0,9.0,9.0,True,0.0,False,False
4507031668_00010,39.0,39.0,39.0,True,0.0,False,False
4507031703_00010,6001.0,6001.0,6001.0,True,0.0,True,True
4507031708_00010,228.0,228.0,228.0,True,0.0,False,True
4507031709_00010,300.0,300.0,300.0,True,0.0,False,True
4507031710_00010,11691.0,11691.0,11691.0,True,0.0,False,True
4507031731_00010,39.0,39.0,39.0,True,0.0,False,False
4507031732_00010,290.0,290.0,290.0,True,0.0,False,True
4507031738_00010,2020.0,2020.0,2020.0,True,0.0,False,True
4507031773_00010,2884.0,2884.0,2884.0,True,0.0,False,True
4507031796_00001,128.0,128.0,128.0,True,0.0,False,True
4507031818_00020,345.0,345.0,345.0,True,0.0,False,True
4507031820_00040,239.0,239.0,239.0,True,0.0,True,True
4507031826_00020,78.0,78.0,78.0,True,0.0,False,True
4507031832_00260,88.0,88.0,88.0,True,0.0,True,True
4507031832_00270,44.0,44.0,44.0,True,0.0,True,True
4507031832_00280,245.0,245.0,245.0,True,0.0,True,True
4507031832_00330,174.0,174.0,174.0,True,0.0,False,True
4507031832_00340,174.0,174.0,174.0,True,0.0,False,True
4507031832_00380,449.0,449.0,449.0,True,0.0,False,True
4507031832_00390,1796.0,1796.0,1796.0,True,0.0,False,True
4507031832_00400,898.0,898.0,898.0,True,0.0,False,True
4507031832_00480,628.0,628.0,628.0,True,0.0,False,True
4507031881_00010,9266.0,9266.0,9266.0,True,0.0,False,True
4507031891_00010,12383.0,12383.0,12383.0,True,0.0,False,True
4507031891_00020,5541.0,5541.0,5541.0,True,0.0,False,True
4507031891_00030,190.0,190.0,190.0,True,0.0,False,True
4507031894_00010,5975.0,5975.0,5975.0,True,0.0,False,True
4507031894_00030,2719.0,2719.0,2719.0,True,0.0,False,True
4507031991_00050,528.0,528.0,528.0,True,0.0,True,True
4507032002_00010,46857.0,46857.0,46857.0,True,0.0,True,True
4507032083_00010,303.0,303.0,303.0,True,0.0,False,True
4507032093_00020,595.0,595.0,595.0,True,0.0,False,True
4507032093_00090,290.0,290.0,290.0,True,0.0,False,True
4507032093_00130,361.0,361.0,361.0,True,0.0,False,True
4507032093_00140,130.0,130.0,130.0,True,0.0,False,True
4507032093_00200,130.0,130.0,130.0,True,0.0,False,True
4507032093_00230,130.0,130.0,130.0,True,0.0,False,True
4507032093_00350,444.0,444.0,444.0,True,0.0,False,True
4507032093_00390,724.0,724.0,724.0,True,0.0,False,True
4507032093_00400,361.0,361.0,361.0,True,0.0,False,True
4507032093_00410,521.0,521.0,521.0,True,0.0,False,True
4507032093_00420,1043.0,1043.0,1043.0,True,0.0,False,True
4507032093_00430,651.0,651.0,651.0,True,0.0,False,True
4507032093_00440,1043.0,1043.0,1043.0,True,0.0,False,True
4507032093_00450,231.0,231.0,231.0,True,0.0,False,True
4507032093_00460,231.0,231.0,231.0,True,0.0,False,True
4507032096_00010,11483.0,11483.0,11483.0,True,0.0,False,True
4507032140_00001,1103.0,866579.0,8831.0,False,865476.0,False,True
4507032149_00010,943.0,943.0,943.0,True,0.0,False,True
4507032150_00050,1499.0,1499.0,1499.0,True,0.0,False,True
4507032151_00010,267.0,267.0,267.0,True,0.0,True,True
4507032151_00020,178.0,178.0,178.0,True,0.0,False,True
4507032151_00030,119.0,119.0,119.0,True,0.0,True,True
4507032153_00010,2869.0,2869.0,2869.0,True,0.0,True,True
4507032153_00060,74.0,74.0,74.0,True,0.0,True,True
4507032153_00070,144.0,144.0,144.0,True,0.0,True,True
4507032153_00080,208.0,208.0,208.0,True,0.0,False,True
4507032153_00090,203.0,203.0,203.0,True,0.0,True,True
4507032153_00100,74.0,74.0,74.0,True,0.0,True,True
4507032153_00110,74.0,74.0,74.0,True,0.0,True,True
4507032153_00120,104.0,104.0,104.0,True,0.0,True,True
4507032153_00130,208.0,208.0,208.0,True,0.0,True,True
4507032153_00140,60.0,60.0,60.0,True,0.0,False,True
4507032154_00010,698.0,698.0,698.0,True,0.0,True,True
4507032154_00020,308.0,308.0,308.0,True,0.0,True,True
4507032155_00010,755.0,755.0,755.0,True,0.0,True,True
4507032155_00020,759.0,759.0,759.0,True,0.0,False,True
4507032155_00030,1731.0,1731.0,1731.0,True,0.0,True,True
4507032155_00040,1238.0,1238.0,1238.0,True,0.0,False,True
4507032157_00160,413.0,413.0,413.0,True,0.0,True,True
4507032157_00170,676.0,676.0,676.0,True,0.0,False,True
4507032157_00180,676.0,676.0,676.0,True,0.0,True,True
4507032157_00200,181.0,181.0,181.0,True,0.0,False,True
4507032157_00250,554.0,554.0,554.0,True,0.0,False,True
4507032157_00260,104.0,104.0,104.0,True,0.0,False,True
4507032157_00270,34.0,34.0,34.0,True,0.0,False,True
4507032157_00280,34.0,34.0,34.0,True,0.0,False,True
4507032157_00290,138.0,138.0,138.0,True,0.0,False,True
4507032157_00310,63.0,63.0,63.0,True,0.0,False,True
4507032157_00320,63.0,63.0,63.0,True,0.0,False,True
4507032157_00430,1144.0,1144.0,1144.0,True,0.0,False,True
4507032157_00500,172.0,172.0,172.0,True,0.0,False,True
4507032157_00510,242.0,242.0,242.0,True,0.0,False,True
4507032157_00520,34.0,34.0,34.0,True,0.0,False,True
4507032157_00530,172.0,172.0,172.0,True,0.0,False,True
4507032157_00540,172.0,172.0,172.0,True,0.0,False,True
4507032157_00550,110.0,110.0,110.0,True,0.0,False,True
4507032157_00560,85.0,85.0,85.0,True,0.0,False,True
4507032158_00310,1216.0,1216.0,1216.0,True,0.0,True,True
4507032158_00330,7326.0,7326.0,7326.0,True,0.0,False,True
4507032158_00350,608.0,608.0,608.0,True,0.0,False,True
4507032159_00010,4434.0,4434.0,4434.0,True,0.0,True,True
4507032159_00020,2593.0,2593.0,2593.0,True,0.0,False,True
4507032162_00010,1047.0,1047.0,1047.0,True,0.0,False,True
4507032162_00020,4190.0,4190.0,4190.0,True,0.0,False,True
4507032162_00030,6285.0,6285.0,6285.0,True,0.0,False,True
4507032162_00040,2154.0,2154.0,2154.0,True,0.0,False,True
4507032162_00050,861.0,861.0,861.0,True,0.0,False,True
4507032162_00060,861.0,861.0,861.0,True,0.0,False,True
4507032164_00020,2504.0,2504.0,2504.0,True,0.0,False,True
4507032165_00010,554.0,554.0,554.0,True,0.0,False,True
4507032165_00030,89.0,89.0,89.0,True,0.0,False,True
4507032165_00040,89.0,89.0,89.0,True,0.0,False,True
4507032165_00050,268.0,268.0,268.0,True,0.0,False,True
4507032179_00030,362.0,362.0,362.0,True,0.0,False,True
4507032202_00050,244.0,244.0,244.0,True,0.0,False,True
4507032202_00210,592.0,592.0,592.0,True,0.0,False,True
4507032381_00010,7828.0,7828.0,7828.0,True,0.0,True,True
4507032381_00020,11743.0,11743.0,11743.0,True,0.0,True,True
4507032405_00010,38908.0,38908.0,38908.0,True,0.0,False,True
4507032411_00010,3.0,3.0,3.0,True,0.0,False,False
4507032414_00010,19.0,19.0,19.0,True,0.0,False,False
4507032414_00020,19.0,19.0,19.0,True,0.0,False,False
4507032414_00030,22.0,22.0,22.0,True,0.0,False,False
4507032416_00010,99.0,99.0,99.0,True,0.0,False,False
4507032421_00030,39.0,39.0,39.0,True,0.0,False,False
4507032425_00010,39.0,39.0,39.0,True,0.0,False,False
4507032425_00110,39.0,39.0,39.0,True,0.0,False,False
4507032427_00060,1148.0,1148.0,1148.0,True,0.0,True,True
4507032447_00010,49878.0,49878.0,49878.0,True,0.0,True,True
4507032448_00070,39.0,39.0,39.0,True,0.0,False,False
4507032448_00080,39.0,39.0,39.0,True,0.0,False,False
4507032450_00010,39.0,39.0,39.0,True,0.0,False,False
4507032451_00010,55557.0,55557.0,55557.0,True,0.0,False,True
4507032452_00010,55557.0,55557.0,55557.0,True,0.0,True,True
4507032457_00010,39.0,39.0,39.0,True,0.0,False,False
4507032457_00020,39.0,39.0,39.0,True,0.0,False,False
4507032458_00010,38174.0,38174.0,38174.0,True,0.0,False,True
4507032501_00020,2055.0,2055.0,2055.0,True,0.0,False,True
4507032503_00010,8328.0,8328.0,8328.0,True,0.0,False,True
4507032504_00010,344.0,344.0,344.0,True,0.0,False,True
4507032504_00020,103.0,103.0,103.0,True,0.0,False,True
4507032516_00010,139.0,139.0,139.0,True,0.0,False,True
4507032516_00040,494.0,494.0,494.0,True,0.0,False,True
4507032516_00060,22.0,22.0,22.0,True,0.0,False,True
4507032516_00070,99.0,99.0,99.0,True,0.0,True,True
4507032516_00080,245.0,245.0,245.0,True,0.0,True,True
4507032516_00260,8.0,8.0,8.0,True,0.0,False,True
4507032516_00270,8.0,8.0,8.0,True,0.0,False,True
4507032516_00280,449.0,449.0,449.0,True,0.0,False,True
4507032516_00290,8.0,8.0,8.0,True,0.0,False,True
4507032516_00300,49.0,49.0,49.0,True,0.0,True,True
4507032516_00310,126.0,126.0,126.0,True,0.0,False,True
4507032516_00320,898.0,898.0,898.0,True,0.0,False,True
4507032525_00090,276.0,276.0,276.0,True,0.0,False,True
4507032553_00010,8692.0,8692.0,8692.0,True,0.0,False,True
4507032555_00070,524.0,524.0,524.0,True,0.0,False,True
4507032733_00010,89.0,89.0,89.0,True,0.0,False,False
4507032745_00080,367.0,367.0,367.0,True,0.0,False,True
4507032745_00110,231.0,231.0,231.0,True,0.0,False,True
4507032745_00130,542.0,542.0,542.0,True,0.0,False,True
4507032745_00140,260.0,260.0,260.0,True,0.0,False,True
4507032745_00150,179.0,179.0,179.0,True,0.0,False,True
4507032745_00160,361.0,361.0,361.0,True,0.0,False,True
4507032745_00170,361.0,361.0,361.0,True,0.0,False,True
4507032745_00180,825.0,825.0,825.0,True,0.0,False,True
4507032745_00200,211.0,211.0,211.0,True,0.0,False,True
4507032766_00010,2452.0,2452.0,2452.0,True,0.0,True,True
4507032766_00020,468.0,468.0,468.0,True,0.0,True,True
4507032785_00020,4132.0,4132.0,4132.0,True,0.0,True,True
4507032799_00001,134.0,134.0,134.0,True,0.0,False,True
4507032832_00040,29.0,29.0,29.0,True,0.0,False,True
4507032832_00200,1691.0,1691.0,1691.0,True,0.0,False,True
4507032848_00010,28233.0,28233.0,28233.0,True,0.0,True,True
4507032945_00010,1707.0,1707.0,1707.0,True,0.0,True,True
4507032945_00020,660.0,660.0,660.0,True,0.0,False,True
4507032946_00090,37.0,37.0,37.0,True,0.0,False,True
4507032988_00010,254.0,254.0,254.0,True,0.0,False,True
4507033012_00010,8.0,8.0,8.0,True,0.0,False,False
4507033012_00020,17.0,17.0,17.0,True,0.0,False,False
4507033012_00030,17.0,17.0,17.0,True,0.0,False,False
4507033012_00040,17.0,17.0,17.0,True,0.0,False,False
4507033012_00050,26.0,26.0,26.0,True,0.0,False,False
4507033012_00060,14.0,14.0,14.0,True,0.0,False,False
4507033012_00070,8.0,8.0,8.0,True,0.0,False,False
4507033012_00080,14.0,14.0,14.0,True,0.0,False,False
4507033030_00010,413.0,413.0,413.0,True,0.0,False,True
4507033039_00010,4905.0,4905.0,4905.0,True,0.0,True,True
4507033041_00010,1081.0,1081.0,1081.0,True,0.0,False,True
4507033049_00010,1202.0,1202.0,1202.0,True,0.0,False,True
4507033054_00010,6576.0,6576.0,6576.0,True,0.0,True,True
4507033054_00030,1621.0,1621.0,1621.0,True,0.0,True,True
4507033080_00250,1523.0,1523.0,1523.0,True,0.0,False,True
4507033080_00330,503.0,503.0,503.0,True,0.0,False,True
4507033080_00340,807.0,807.0,807.0,True,0.0,True,True
4507033080_00350,4207.0,4207.0,4207.0,True,0.0,False,True
4507033080_00360,576.0,576.0,576.0,True,0.0,False,True
4507033080_00400,1153.0,1153.0,1153.0,True,0.0,False,True
4507033080_00410,701.0,701.0,701.0,True,0.0,True,True
4507033087_00001,750.0,578326.0,6000.0,False,577576.0,False,True
4507033104_00020,930.0,930.0,930.0,True,0.0,False,False
4507033106_00050,18.0,18.0,18.0,True,0.0,True,True
4507033108_00040,2954.0,2954.0,2954.0,True,0.0,False,True
4507033109_00040,93.0,93.0,93.0,True,0.0,True,True
4507033112_00010,494.0,494.0,494.0,True,0.0,False,True
4507033112_00020,342.0,342.0,342.0,True,0.0,False,True
4507033112_00030,341.0,341.0,341.0,True,0.0,False,True
4507033112_00040,142.0,142.0,142.0,True,0.0,False,True
4507033112_00050,1137.0,1137.0,1137.0,True,0.0,False,True
4507033112_00060,139.0,139.0,139.0,True,0.0,False,True
4507033112_00070,494.0,494.0,494.0,True,0.0,False,True
4507033112_00080,349.0,349.0,349.0,True,0.0,False,True
4507033112_00090,910.0,910.0,910.0,True,0.0,False,True
4507033112_00110,2210.0,2210.0,2210.0,True,0.0,False,True
4507033114_00010,724.0,724.0,724.0,True,0.0,False,True
4507033114_00020,177.0,177.0,177.0,True,0.0,False,True
4507033126_00110,3151.0,3151.0,3151.0,True,0.0,False,True
4507033183_00010,362.0,362.0,362.0,True,0.0,True,True
4507033307_00010,260.0,260.0,260.0,True,0.0,False,True
4507033307_00080,912.0,912.0,912.0,True,0.0,False,True
4507033307_00090,912.0,912.0,912.0,True,0.0,False,True
4507033307_00110,391.0,391.0,391.0,True,0.0,False,True
4507033377_00010,22196.0,22196.0,22196.0,True,0.0,True,True
4507033389_00010,519.0,519.0,519.0,True,0.0,True,True
4507033438_00001,35.0,105.0,35.0,False,70.0,False,True
4507033447_00010,15276.0,15276.0,15276.0,True,0.0,True,True
4507033656_00130,116.0,116.0,116.0,True,0.0,False,True
4507033656_00150,174.0,174.0,174.0,True,0.0,False,True
4507033656_00160,74.0,74.0,74.0,True,0.0,True,True
4507033656_00170,245.0,245.0,245.0,True,0.0,True,True
4507033656_00180,42.0,42.0,42.0,True,0.0,False,True
4507033656_00190,161.0,161.0,161.0,True,0.0,True,True
4507033656_00200,22.0,22.0,22.0,True,0.0,False,True
4507033656_00210,20.0,20.0,20.0,True,0.0,False,True
4507033656_00240,84.0,84.0,84.0,True,0.0,False,True
4507033656_00250,84.0,84.0,84.0,True,0.0,False,True
4507033656_00260,84.0,84.0,84.0,True,0.0,False,True
4507033656_00270,98.0,98.0,98.0,True,0.0,True,True
4507033656_00280,47.0,47.0,47.0,True,0.0,False,True
4507033656_00290,148.0,148.0,148.0,True,0.0,False,True
4507033656_00300,26.0,26.0,26.0,True,0.0,False,True
4507033667_00030,1660.0,1660.0,1660.0,True,0.0,False,False
4507033668_00020,1660.0,1660.0,1660.0,True,0.0,False,True
4507033674_00010,28807.0,28807.0,28807.0,True,0.0,True,True
4507033675_00030,241.0,241.0,241.0,True,0.0,True,True
4507033706_00010,3425.0,3425.0,3425.0,True,0.0,False,True
4507033706_00020,3398.0,3398.0,3398.0,True,0.0,False,True
4507033706_00030,533.0,533.0,533.0,True,0.0,False,True
4507033706_00040,3960.0,3960.0,3960.0,True,0.0,False,True
4507033706_00050,3348.0,3348.0,3348.0,True,0.0,False,True
4507033709_00010,119.0,119.0,119.0,True,0.0,False,False
4507033709_00020,7.0,7.0,7.0,True,0.0,False,False
4507033742_00010,2004.0,2004.0,2004.0,True,0.0,False,True
4507033742_00020,2085.0,2085.0,2085.0,True,0.0,False,True
4507033751_00110,745.0,745.0,745.0,True,0.0,False,True
4507033757_00010,7327.0,7327.0,7327.0,True,0.0,False,True
4507033778_00010,12876.0,12876.0,12876.0,True,0.0,False,True
4507033787_00010,12896.0,12896.0,12896.0,True,0.0,False,True
4507033830_00010,21491.0,21491.0,21491.0,True,0.0,False,True
4507033831_00010,21491.0,21491.0,21491.0,True,0.0,False,True
4507033856_00010,618.0,618.0,618.0,True,0.0,False,True
4507033866_00010,240.0,240.0,240.0,True,0.0,True,True
4507033911_00010,35723.0,35723.0,35723.0,True,0.0,True,True
4507033930_00020,2525.0,2525.0,2525.0,True,0.0,True,True
4507033941_00020,400.0,400.0,400.0,True,0.0,False,True
4507033970_00010,7032.0,7032.0,7032.0,True,0.0,False,True
4507033980_00010,9.0,9.0,9.0,True,0.0,False,False
4507034007_00010,997.0,997.0,997.0,True,0.0,False,True
4507034019_00030,2416.0,2416.0,2416.0,True,0.0,False,True
4507034028_00040,3229.0,3229.0,3229.0,True,0.0,False,True
4507034030_00040,362.0,362.0,362.0,True,0.0,False,True
4507034034_00010,2039.0,2039.0,2039.0,True,0.0,False,True
4507034037_00010,1991.0,1991.0,1991.0,True,0.0,True,True
4507034056_00001,961.0,741500.0,7693.0,False,740539.0,False,True
4507034066_00020,5040.0,5040.0,5040.0,True,0.0,False,True
4507034066_00030,374.0,374.0,374.0,True,0.0,False,True
4507034066_00050,988.0,988.0,988.0,True,0.0,False,True
4507034067_00010,160.0,160.0,160.0,True,0.0,False,True
4507034067_00020,8149.0,8149.0,8149.0,True,0.0,False,True
4507034067_00030,132.0,132.0,132.0,True,0.0,False,True
4507034067_00040,267.0,267.0,267.0,True,0.0,False,True
4507034068_00010,277.0,277.0,277.0,True,0.0,False,True
4507034069_00010,6159.0,6159.0,6159.0,True,0.0,True,True
4507034069_00020,172.0,172.0,172.0,True,0.0,True,True
4507034069_00030,88.0,88.0,88.0,True,0.0,True,True
4507034069_00040,88.0,88.0,88.0,True,0.0,True,True
4507034100_00060,148.0,148.0,148.0,True,0.0,False,True
4507034100_00150,59.0,59.0,59.0,True,0.0,False,True
4507034100_00160,118.0,118.0,118.0,True,0.0,False,True
4507034100_00250,291.0,291.0,291.0,True,0.0,False,True
4507034101_00010,1220.0,1220.0,1220.0,True,0.0,False,True
4507034101_00020,561.0,561.0,561.0,True,0.0,False,True
4507034130_00010,79.0,79.0,79.0,True,0.0,False,False
4507034138_00010,57881.0,57881.0,57881.0,True,0.0,True,True
4507034145_00110,125.0,125.0,125.0,True,0.0,False,True
4507034153_00010,834.0,834.0,834.0,True,0.0,False,True
4507034215_00010,36040.0,36040.0,36040.0,True,0.0,True,True
4507034226_00010,55557.0,55557.0,55557.0,True,0.0,True,True
4507034229_00010,55557.0,55557.0,55557.0,True,0.0,False,True
4507034266_00020,834.0,834.0,834.0,True,0.0,False,True
4507034278_00010,198.0,198.0,198.0,True,0.0,False,False
4507034302_00010,199.0,199.0,199.0,True,0.0,False,True
4507034310_00020,1473.0,1473.0,1473.0,True,0.0,True,True
4507034310_00030,281.0,281.0,281.0,True,0.0,True,True
4507034311_00010,144.0,144.0,144.0,True,0.0,False,True
4507034312_00010,644.0,644.0,644.0,True,0.0,True,True
4507034312_00020,1731.0,1731.0,1731.0,True,0.0,True,True
4507034312_00040,1238.0,1238.0,1238.0,True,0.0,False,True
4507034314_00070,701.0,701.0,701.0,True,0.0,False,True
4507034314_00080,499.0,499.0,499.0,True,0.0,True,True
4507034314_00090,826.0,826.0,826.0,True,0.0,True,True
4507034315_00010,276.0,276.0,276.0,True,0.0,False,True
4507034316_00120,492.0,492.0,492.0,True,0.0,True,True
4507034316_00140,10343.0,10343.0,10343.0,True,0.0,True,True
4507034316_00250,431.0,431.0,431.0,True,0.0,True,True
4507034316_00270,1661.0,1661.0,1661.0,True,0.0,True,True
4507034316_00280,654.0,654.0,654.0,True,0.0,True,True
4507034316_00290,861.0,861.0,861.0,True,0.0,True,True
4507034316_00300,869.0,869.0,869.0,True,0.0,True,True
4507034316_00310,608.0,608.0,608.0,True,0.0,True,True
4507034316_00320,869.0,869.0,869.0,True,0.0,True,True
4507034317_00010,1010.0,1010.0,1010.0,True,0.0,False,True
4507034348_00030,40.0,40.0,40.0,True,0.0,False,True
4507034350_00010,39.0,39.0,39.0,True,0.0,False,False
4507034353_00010,63.0,63.0,63.0,True,0.0,True,True
4507034353_00210,161.0,161.0,161.0,True,0.0,True,True
4507034353_00280,79.0,79.0,79.0,True,0.0,False,True
4507034353_00290,49.0,49.0,49.0,True,0.0,False,True
4507034353_00300,47.0,47.0,47.0,True,0.0,False,True
4507034353_00360,88.0,88.0,88.0,True,0.0,True,True
4507034353_00370,99.0,99.0,99.0,True,0.0,True,True
4507034353_00380,255.0,255.0,255.0,True,0.0,False,True
4507034353_00390,85.0,85.0,85.0,True,0.0,False,True
4507034353_00400,898.0,898.0,898.0,True,0.0,False,True
4507034568_00030,4437.0,4437.0,4437.0,True,0.0,True,True
4507034568_00040,42435.0,42435.0,42435.0,True,0.0,False,True
4507034583_00010,281.0,281.0,281.0,True,0.0,False,True
4507034609_00010,21740.0,21740.0,21740.0,True,0.0,False,True
4507034628_00030,4009.0,4009.0,4009.0,True,0.0,False,True
4507034637_00010,43631.0,43631.0,43631.0,True,0.0,True,True
4507034744_00040,207.0,207.0,207.0,True,0.0,False,False
4507034747_00010,1202.0,1202.0,1202.0,True,0.0,True,True
4507034781_00080,236.0,236.0,236.0,True,0.0,False,True
4507034781_00100,236.0,236.0,236.0,True,0.0,False,True
4507034781_00110,118.0,118.0,118.0,True,0.0,False,True
4507034784_00050,1837.0,1837.0,1837.0,True,0.0,False,True
4507034786_00060,338.0,338.0,338.0,True,0.0,True,True
4507034822_00010,9266.0,9266.0,9266.0,True,0.0,False,True
4507034824_00010,8963.0,8963.0,8963.0,True,0.0,False,True
4507034830_00010,14232.0,14232.0,14232.0,True,0.0,False,True
4507034835_00010,180.0,180.0,180.0,True,0.0,False,True
4507034836_00010,1991.0,1991.0,1991.0,True,0.0,True,True
4507034866_00010,20.0,20.0,20.0,True,0.0,False,False
4507034880_00080,1372.0,1372.0,1372.0,True,0.0,False,True
4507034882_00030,307.0,307.0,307.0,True,0.0,True,True
4507034891_00010,1581.0,1581.0,1581.0,True,0.0,True,True
4507034891_00020,1517.0,1517.0,1517.0,True,0.0,True,True
4507034892_00020,727.0,727.0,727.0,True,0.0,False,True
4507034904_00040,646.0,646.0,646.0,True,0.0,False,True
4507034928_00010,1693.0,1693.0,1693.0,True,0.0,True,True
4507034931_00010,7441.0,7441.0,7441.0,True,0.0,True,True
4507034933_00010,801.0,801.0,801.0,True,0.0,False,True
4507034933_00020,417.0,417.0,417.0,True,0.0,False,True
4507034937_00010,10911.0,10911.0,10911.0,True,0.0,False,True
4507034958_00090,4373.0,4373.0,4373.0,True,0.0,True,True
4507034958_00100,1403.0,1403.0,1403.0,True,0.0,True,True
4507034981_00010,59.0,59.0,59.0,True,0.0,False,True
4507035009_00010,25616.0,25616.0,25616.0,True,0.0,False,True
4507035010_00010,21224.0,21224.0,21224.0,True,0.0,True,True
4507035020_00010,997.0,997.0,997.0,True,0.0,False,True
4507035020_00020,1202.0,1202.0,1202.0,True,0.0,False,True
4507035021_00050,695.0,695.0,695.0,True,0.0,False,True
4507035021_00070,1496.0,1496.0,1496.0,True,0.0,False,True
4507035021_00080,1668.0,1668.0,1668.0,True,0.0,False,True
4507035021_00090,2004.0,2004.0,2004.0,True,0.0,False,True
4507035023_00030,997.0,997.0,997.0,True,0.0,False,True
4507035047_00010,211.0,211.0,211.0,True,0.0,False,True
4507035047_00030,1303.0,1303.0,1303.0,True,0.0,False,True
4507035047_00040,1598.0,1598.0,1598.0,True,0.0,True,True
4507035047_00050,260.0,260.0,260.0,True,0.0,False,True
4507035047_00060,2477.0,2477.0,2477.0,True,0.0,False,True
4507035047_00070,361.0,361.0,361.0,True,0.0,True,True
4507035047_00110,391.0,391.0,391.0,True,0.0,False,True
4507035047_00120,332.0,332.0,332.0,True,0.0,False,True
4507035047_00130,542.0,542.0,542.0,True,0.0,False,True
4507035047_00140,332.0,332.0,332.0,True,0.0,False,True
4507035047_00150,260.0,260.0,260.0,True,0.0,False,True
4507035047_00160,1809.0,1809.0,1809.0,True,0.0,True,True
4507035085_00010,822.0,822.0,822.0,True,0.0,True,True
4507035086_00020,39.0,39.0,39.0,True,0.0,False,True
4507035086_00040,249.0,249.0,249.0,True,0.0,False,True
4507035086_00050,46.0,46.0,46.0,True,0.0,False,True
4507035087_00010,1542.0,1542.0,1542.0,True,0.0,True,True
4507035092_00010,1539.0,1539.0,1539.0,True,0.0,True,True
4507035093_00010,1929.0,1929.0,1929.0,True,0.0,True,True
4507035095_00020,76.0,76.0,76.0,True,0.0,True,False
4507035095_00030,736.0,736.0,736.0,True,0.0,True,True
4507035095_00040,844.0,844.0,844.0,True,0.0,True,True
4507035096_00010,2147.0,2147.0,2147.0,True,0.0,False,True
4507035096_00020,223.0,223.0,223.0,True,0.0,True,True
4507035097_00010,238.0,238.0,238.0,True,0.0,False,True
4507035098_00010,44.0,44.0,44.0,True,0.0,True,True
4507035098_00020,104.0,104.0,104.0,True,0.0,True,True
4507035098_00030,2645.0,2645.0,2645.0,True,0.0,True,True
4507035100_00010,266.0,266.0,266.0,True,0.0,False,True
4507035104_00180,413.0,413.0,413.0,True,0.0,False,True
4507035104_00190,413.0,413.0,413.0,True,0.0,False,True
4507035104_00200,413.0,413.0,413.0,True,0.0,False,True
4507035104_00210,676.0,676.0,676.0,True,0.0,False,True
4507035104_00220,827.0,827.0,827.0,True,0.0,False,True
4507035104_00230,413.0,413.0,413.0,True,0.0,False,True
4507035104_00240,413.0,413.0,413.0,True,0.0,False,True
4507035104_00250,676.0,676.0,676.0,True,0.0,False,True
4507035104_00260,253.0,253.0,253.0,True,0.0,False,True
4507035104_00270,181.0,181.0,181.0,True,0.0,False,True
4507035104_00330,933.0,933.0,933.0,True,0.0,False,True
4507035104_00340,313.0,313.0,313.0,True,0.0,False,True
4507035104_00350,59.0,59.0,59.0,True,0.0,False,True
4507035104_00360,104.0,104.0,104.0,True,0.0,False,True
4507035104_00370,85.0,85.0,85.0,True,0.0,False,True
4507035104_00380,85.0,85.0,85.0,True,0.0,False,True
4507035104_00390,255.0,255.0,255.0,True,0.0,False,True
4507035104_00400,34.0,34.0,34.0,True,0.0,False,True
4507035104_00410,34.0,34.0,34.0,True,0.0,False,True
4507035104_00420,127.0,127.0,127.0,True,0.0,False,True
4507035104_00430,63.0,63.0,63.0,True,0.0,False,True
4507035104_00440,63.0,63.0,63.0,True,0.0,False,True
4507035104_00450,63.0,63.0,63.0,True,0.0,False,True
4507035104_00470,718.0,718.0,718.0,True,0.0,False,True
4507035104_00480,307.0,307.0,307.0,True,0.0,False,True
4507035104_00600,413.0,413.0,413.0,True,0.0,False,True
4507035104_00610,181.0,181.0,181.0,True,0.0,False,True
4507035104_00690,97.0,97.0,97.0,True,0.0,False,True
4507035104_00700,59.0,59.0,59.0,True,0.0,False,True
4507035104_00710,172.0,172.0,172.0,True,0.0,False,True
4507035104_00720,63.0,63.0,63.0,True,0.0,False,True
4507035104_00730,85.0,85.0,85.0,True,0.0,False,True
4507035106_00070,1652.0,1652.0,1652.0,True,0.0,False,True
4507035107_00020,178.0,178.0,178.0,True,0.0,False,True
4507035107_00030,268.0,268.0,268.0,True,0.0,False,True
4507035126_00001,172.0,1204.0,172.0,False,1032.0,False,True
4507035152_00040,362.0,362.0,362.0,True,0.0,False,True
4507035164_00030,130.0,130.0,130.0,True,0.0,False,True
4507035166_00010,86.0,86.0,86.0,True,0.0,False,True
4507035196_00010,27678.0,27678.0,27678.0,True,0.0,False,True
4507035202_00010,29996.0,29996.0,29996.0,True,0.0,True,True
4507035215_00010,3315.0,3315.0,3315.0,True,0.0,False,True
4507035224_00010,23122.0,23122.0,23122.0,True,0.0,False,True
4507035225_00010,8965.0,8965.0,8965.0,True,0.0,False,True
4507035342_00090,2525.0,2525.0,2525.0,True,0.0,False,False
4507035342_00110,2616.0,2616.0,2616.0,True,0.0,True,True
4507035342_00130,1683.0,1683.0,1683.0,True,0.0,False,False
4507035418_00001,653.0,410802.0,4571.0,False,410149.0,False,True
4507035459_00110,24.0,24.0,24.0,True,0.0,True,True
4507035459_00120,74.0,74.0,74.0,True,0.0,True,True
4507035459_00130,74.0,74.0,74.0,True,0.0,True,True
4507035459_00140,99.0,99.0,99.0,True,0.0,True,True
4507035459_00150,99.0,99.0,99.0,True,0.0,True,True
4507035459_00170,370.0,370.0,370.0,True,0.0,True,True
4507035459_00240,20.0,20.0,20.0,True,0.0,True,True
4507035459_00390,449.0,449.0,449.0,True,0.0,True,True
4507035459_00400,8.0,8.0,8.0,True,0.0,True,True
4507035459_00410,1347.0,1347.0,1347.0,True,0.0,True,True
4507035487_00170,225.0,225.0,225.0,True,0.0,False,True
4507035494_00030,7141.0,7141.0,7141.0,True,0.0,True,True
4507035503_00010,4009.0,4009.0,4009.0,True,0.0,False,True
4507035544_00010,1767.0,1767.0,1767.0,True,0.0,False,True
4507035546_00010,19.0,19.0,19.0,True,0.0,False,False
4507035553_00080,1310.0,1310.0,1310.0,True,0.0,False,True
4507035558_00030,847.0,847.0,847.0,True,0.0,False,True
4507035561_00020,510.0,510.0,510.0,True,0.0,True,True
4507035572_00160,3511.0,3511.0,3511.0,True,0.0,False,True
4507035648_00010,135.0,135.0,135.0,True,0.0,False,False
4507035648_00020,4.0,4.0,4.0,True,0.0,False,False
4507035651_00010,11.0,11.0,11.0,True,0.0,False,False
4507035651_00020,11.0,11.0,11.0,True,0.0,False,False
4507035651_00030,11.0,11.0,11.0,True,0.0,False,False
4507035651_00040,11.0,11.0,11.0,True,0.0,False,False
4507035652_00010,39.0,39.0,39.0,True,0.0,False,False
4507035653_00020,39.0,39.0,39.0,True,0.0,False,False
4507035654_00010,39.0,39.0,39.0,True,0.0,False,False
4507035681_00030,1756.0,1756.0,1756.0,True,0.0,True,True
4507035777_00010,736.0,736.0,736.0,True,0.0,False,True
4507035789_00010,122.0,122.0,122.0,True,0.0,False,True
4507035789_00140,354.0,354.0,354.0,True,0.0,False,True
4507035809_00010,1220.0,1220.0,1220.0,True,0.0,False,True
4507035825_00010,59.0,59.0,59.0,True,0.0,False,True
4507035825_00020,997.0,997.0,997.0,True,0.0,False,True
4507035825_00030,31.0,31.0,31.0,True,0.0,False,True
4507035882_00010,391.0,391.0,391.0,True,0.0,False,True
4507035882_00020,601.0,601.0,601.0,True,0.0,False,True
4507035882_00060,391.0,391.0,391.0,True,0.0,False,True
4507035882_00070,391.0,391.0,391.0,True,0.0,False,True
4507035882_00100,179.0,179.0,179.0,True,0.0,False,True
4507035882_00130,595.0,595.0,595.0,True,0.0,False,True
4507035882_00150,945.0,945.0,945.0,True,0.0,False,True
4507035882_00160,424.0,424.0,424.0,True,0.0,False,True
4507035882_00190,386.0,386.0,386.0,True,0.0,False,True
4507035882_00200,392.0,392.0,392.0,True,0.0,False,True
4507035909_00010,12.0,12.0,12.0,True,0.0,False,False
4507035909_00020,8.0,8.0,8.0,True,0.0,False,False
4507035909_00030,4.0,4.0,4.0,True,0.0,False,False
4507035909_00040,11.0,11.0,11.0,True,0.0,False,False
4507035909_00050,8.0,8.0,8.0,True,0.0,False,False
4507035920_00010,121.0,121.0,121.0,True,0.0,False,True
4507035991_00010,3151.0,3151.0,3151.0,True,0.0,False,True
4507036011_00060,1590.0,1590.0,1590.0,True,0.0,True,True
4507036012_00060,494.0,494.0,494.0,True,0.0,True,True
4507036039_00010,36040.0,36040.0,36040.0,True,0.0,True,True
4507036106_00030,117.0,117.0,117.0,True,0.0,False,True
4507036108_00010,116.0,116.0,116.0,True,0.0,False,True
4507036108_00080,33.0,33.0,33.0,True,0.0,False,True
4507036108_00250,8.0,8.0,8.0,True,0.0,False,True
4507036108_00260,44.0,44.0,44.0,True,0.0,False,True
4507036108_00270,47.0,47.0,47.0,True,0.0,False,True
4507036108_00280,70.0,70.0,70.0,True,0.0,True,True
4507036108_00290,66.0,66.0,66.0,True,0.0,True,True
4507036108_00300,44.0,44.0,44.0,True,0.0,True,True
4507036123_00020,43.0,43.0,43.0,True,0.0,False,True
4507036316_00010,2391.0,2391.0,2391.0,True,0.0,True,True
4507036336_00010,38908.0,38908.0,38908.0,True,0.0,False,True
4507036341_00010,38908.0,38908.0,38908.0,True,0.0,False,True
4507036344_00010,55557.0,55557.0,55557.0,True,0.0,False,True
4507036345_00010,45721.0,45721.0,45721.0,True,0.0,True,True
4507036349_00010,445.0,445.0,445.0,True,0.0,False,True
4507036349_00020,443.0,443.0,443.0,True,0.0,False,True
4507036349_00030,665.0,665.0,665.0,True,0.0,False,True
4507036349_00040,521.0,521.0,521.0,True,0.0,False,True
4507036349_00110,1112.0,1112.0,1112.0,True,0.0,False,True
4507036359_00010,290.0,290.0,290.0,True,0.0,False,True
4507036359_00020,165.0,165.0,165.0,True,0.0,False,True
4507036359_00030,104.0,104.0,104.0,True,0.0,False,True
4507036359_00040,104.0,104.0,104.0,True,0.0,False,True
4507036359_00050,85.0,85.0,85.0,True,0.0,False,True
4507036359_00060,85.0,85.0,85.0,True,0.0,False,True
4507036359_00070,85.0,85.0,85.0,True,0.0,False,True
4507036359_00080,170.0,170.0,170.0,True,0.0,False,True
4507036359_00090,209.0,209.0,209.0,True,0.0,False,True
4507036359_00100,331.0,331.0,331.0,True,0.0,False,True
4507036359_00110,413.0,413.0,413.0,True,0.0,False,True
4507036359_00120,209.0,209.0,209.0,True,0.0,False,True
4507036359_00210,676.0,676.0,676.0,True,0.0,False,True
4507036359_00220,413.0,413.0,413.0,True,0.0,False,True
4507036359_00230,1144.0,1144.0,1144.0,True,0.0,False,True
4507036359_00310,290.0,290.0,290.0,True,0.0,False,True
4507036361_00010,121.0,121.0,121.0,True,0.0,False,True
4507036362_00010,290.0,290.0,290.0,True,0.0,False,True
4507036362_00020,290.0,290.0,290.0,True,0.0,False,True
4507036362_00030,89.0,89.0,89.0,True,0.0,False,True
4507036362_00040,89.0,89.0,89.0,True,0.0,False,True
4507036362_00050,89.0,89.0,89.0,True,0.0,False,True
4507036362_00060,178.0,178.0,178.0,True,0.0,False,True
4507036362_00070,89.0,89.0,89.0,True,0.0,False,True
4507036362_00080,268.0,268.0,268.0,True,0.0,False,True
4507036362_00090,268.0,268.0,268.0,True,0.0,False,True
4507036362_00100,268.0,268.0,268.0,True,0.0,False,True
4507036362_00110,268.0,268.0,268.0,True,0.0,False,True
4507036362_00120,268.0,268.0,268.0,True,0.0,False,True
4507036368_00140,431.0,431.0,431.0,True,0.0,True,True
4507036368_00150,1723.0,1723.0,1723.0,True,0.0,True,True
4507036368_00170,2154.0,2154.0,2154.0,True,0.0,False,True
4507036368_00180,775.0,775.0,775.0,True,0.0,False,True
4507036368_00200,757.0,757.0,757.0,True,0.0,False,True
4507036369_00040,1308.0,1308.0,1308.0,True,0.0,False,True
4507036369_00060,1738.0,1738.0,1738.0,True,0.0,False,True
4507036369_00070,608.0,608.0,608.0,True,0.0,False,True
4507036369_00110,654.0,654.0,654.0,True,0.0,False,True
4507036369_00150,861.0,861.0,861.0,True,0.0,False,True
4507036370_00020,798.0,798.0,798.0,True,0.0,False,True
4507036370_00050,2518.0,2518.0,2518.0,True,0.0,False,True
4507036370_00070,1565.0,1565.0,1565.0,True,0.0,False,True
4507036372_00010,63.0,63.0,63.0,True,0.0,False,True
4507036372_00020,63.0,63.0,63.0,True,0.0,False,True
4507036372_00030,127.0,127.0,127.0,True,0.0,False,True
4507036372_00040,63.0,63.0,63.0,True,0.0,False,True
4507036372_00050,63.0,63.0,63.0,True,0.0,False,True
4507036373_00020,266.0,266.0,266.0,True,0.0,False,True
4507036373_00030,385.0,385.0,385.0,True,0.0,True,True
4507036373_00040,788.0,788.0,788.0,True,0.0,True,True
4507036374_00010,508.0,508.0,508.0,True,0.0,True,True
4507036374_00020,755.0,755.0,755.0,True,0.0,True,True
4507036374_00040,1663.0,1663.0,1663.0,True,0.0,False,True
4507036376_00010,308.0,308.0,308.0,True,0.0,True,True
4507036377_00010,238.0,238.0,238.0,True,0.0,True,True
4507036378_00010,214.0,214.0,214.0,True,0.0,False,True
4507036378_00020,150.0,150.0,150.0,True,0.0,False,True
4507036378_00030,12.0,12.0,12.0,True,0.0,False,True
4507036378_00040,220.0,220.0,220.0,True,0.0,True,True
4507036378_00050,84.0,84.0,84.0,True,0.0,False,True
4507036378_00060,178.0,178.0,178.0,True,0.0,False,True
4507036378_00070,6.0,6.0,6.0,True,0.0,False,True
4507036381_00010,104.0,104.0,104.0,True,0.0,False,True
4507036381_00020,29.0,29.0,29.0,True,0.0,False,True
4507036381_00030,203.0,203.0,203.0,True,0.0,False,True
4507036381_00040,2034.0,2034.0,2034.0,True,0.0,False,True
4507036385_00010,3315.0,3315.0,3315.0,True,0.0,False,True
4507036391_00010,5265.0,5265.0,5265.0,True,0.0,False,True
4507036409_00020,484.0,484.0,484.0,True,0.0,False,True
4507036425_00001,25.0,285.0,25.0,False,260.0,False,True
4507036456_00020,119.0,119.0,119.0,True,0.0,False,True
4507036466_00040,742.0,742.0,742.0,True,0.0,False,False
4507036468_00010,103.0,103.0,103.0,True,0.0,False,False
4507036468_00020,3.0,3.0,3.0,True,0.0,False,False
4507036469_00010,17.0,17.0,17.0,True,0.0,False,False
4507036470_00030,723.0,723.0,723.0,True,0.0,False,True
4507036472_00020,2035.0,2035.0,2035.0,True,0.0,False,True
4507036474_00040,431.0,431.0,431.0,True,0.0,True,True
4507036483_00030,95.0,95.0,95.0,True,0.0,False,True
4507036504_00001,744.0,134805.0,1489.0,False,134061.0,False,True
4507036506_00001,415.0,78981.0,831.0,False,78566.0,False,True
4507036543_00040,2532.0,2532.0,2532.0,True,0.0,False,True
4507036560_00020,28.0,28.0,28.0,True,0.0,True,True
4507036566_00080,59.0,59.0,59.0,True,0.0,True,True
4507036583_00020,1972.0,1972.0,1972.0,True,0.0,True,True
4507036604_00010,413.0,413.0,413.0,True,0.0,False,True
4507036625_00010,1362.0,1362.0,1362.0,True,0.0,False,True
4507036627_00010,9841.0,9841.0,9841.0,True,0.0,False,True
4507036665_00030,370.0,370.0,370.0,True,0.0,True,True
4507036688_00050,738.0,738.0,738.0,True,0.0,False,True
4507036712_00080,216.0,216.0,216.0,True,0.0,False,True
4507036712_00090,287.0,287.0,287.0,True,0.0,False,True
4507036712_00100,287.0,287.0,287.0,True,0.0,False,True
4507036712_00110,231.0,231.0,231.0,True,0.0,False,True
4507036715_00010,12469.0,12469.0,12469.0,True,0.0,True,True
4507036716_00010,6376.0,6376.0,6376.0,True,0.0,False,True
4507036717_00010,6376.0,6376.0,6376.0,True,0.0,False,True
4507036718_00010,6376.0,6376.0,6376.0,True,0.0,False,True
4507036719_00010,6376.0,6376.0,6376.0,True,0.0,False,True
4507036720_00010,6376.0,6376.0,6376.0,True,0.0,False,True
4507036724_00010,15867.0,15867.0,15867.0,True,0.0,True,True
4507036726_00010,6066.0,6066.0,6066.0,True,0.0,True,True
4507036727_00010,7970.0,7970.0,7970.0,True,0.0,True,True
4507036729_00010,7239.0,7239.0,7239.0,True,0.0,False,True
4507036736_00010,28034.0,28034.0,28034.0,True,0.0,False,True
4507036740_00010,6765.0,6765.0,6765.0,True,0.0,False,True
4507036751_00010,6765.0,6765.0,6765.0,True,0.0,False,True
4507036752_00010,6765.0,6765.0,6765.0,True,0.0,False,True
4507036753_00010,7892.0,7892.0,7892.0,True,0.0,True,True
4507036756_00010,6765.0,6765.0,6765.0,True,0.0,False,True
4507036758_00010,6765.0,6765.0,6765.0,True,0.0,False,True
4507036759_00010,9651.0,9651.0,9651.0,True,0.0,True,True
4507036762_00010,36169.0,36169.0,36169.0,True,0.0,True,True
4507036763_00010,34912.0,34912.0,34912.0,True,0.0,False,True
4507036765_00010,1089.0,1089.0,1089.0,True,0.0,False,True
4507036776_00040,249.0,249.0,249.0,True,0.0,False,True
4507036825_00010,362.0,362.0,362.0,True,0.0,False,True
4507036840_00010,19.0,19.0,19.0,True,0.0,False,False
4507036876_00010,591.0,591.0,591.0,True,0.0,False,False
4507037044_00010,801.0,801.0,801.0,True,0.0,False,True
4507037063_00010,19810.0,19810.0,19810.0,True,0.0,False,True
4507037076_00010,1362.0,1362.0,1362.0,True,0.0,False,True
4507037085_00040,1717.0,1717.0,1717.0,True,0.0,False,True
4507037095_00010,453.0,453.0,453.0,True,0.0,False,True
4507037095_00020,34.0,34.0,34.0,True,0.0,False,True
4507037095_00050,676.0,676.0,676.0,True,0.0,False,True
4507037095_00060,393.0,393.0,393.0,True,0.0,True,True
4507037096_00010,293.0,293.0,293.0,True,0.0,False,True
4507037097_00010,3878.0,3878.0,3878.0,True,0.0,False,True
4507037097_00120,869.0,869.0,869.0,True,0.0,True,True
4507037112_00001,536.0,536.0,536.0,True,0.0,False,True
4507037128_00120,116.0,116.0,116.0,True,0.0,False,True
4507037128_00130,174.0,174.0,174.0,True,0.0,False,True
4507037128_00140,66.0,66.0,66.0,True,0.0,True,True
4507037128_00150,256.0,256.0,256.0,True,0.0,True,True
4507037128_00160,245.0,245.0,245.0,True,0.0,True,True
4507037128_00180,161.0,161.0,161.0,True,0.0,True,True
4507037128_00220,60.0,60.0,60.0,True,0.0,True,True
4507037128_00230,898.0,898.0,898.0,True,0.0,False,True
4507037128_00310,42.0,42.0,42.0,True,0.0,False,True
4507037128_00450,8.0,8.0,8.0,True,0.0,False,True
4507037128_00460,29.0,29.0,29.0,True,0.0,False,True
4507037128_00470,79.0,79.0,79.0,True,0.0,False,True
4507037144_00090,39.0,39.0,39.0,True,0.0,False,True
4507037180_00020,382.0,382.0,382.0,True,0.0,False,True
4507037181_00040,225.0,225.0,225.0,True,0.0,False,True
4507037184_00010,355.0,355.0,355.0,True,0.0,True,True
4507037184_00020,1980.0,1980.0,1980.0,True,0.0,False,True
4507037184_00030,3348.0,3348.0,3348.0,True,0.0,False,True
4507037198_00020,4065.0,4065.0,4065.0,True,0.0,False,True
4507037198_00030,166.0,166.0,166.0,True,0.0,False,True
4507037222_00090,4739.0,4739.0,4739.0,True,0.0,False,True
4507037230_00010,1362.0,1362.0,1362.0,True,0.0,False,True
4507037234_00010,967.0,967.0,967.0,True,0.0,True,True
4507037234_00020,1451.0,1451.0,1451.0,True,0.0,False,True
4507037269_00010,2598.0,2598.0,2598.0,True,0.0,True,True
4507037271_00010,9663.0,9663.0,9663.0,True,0.0,True,True
4507037273_00020,3290.0,3290.0,3290.0,True,0.0,False,True
4507037275_00030,3008.0,3008.0,3008.0,True,0.0,False,True
4507037278_00010,270.0,270.0,270.0,True,0.0,False,True
4507037278_00020,2549.0,2549.0,2549.0,True,0.0,False,True
4507037280_00010,3000.0,3000.0,3000.0,True,0.0,True,True
4507037285_00010,5975.0,5975.0,5975.0,True,0.0,True,True
4507037285_00020,5438.0,5438.0,5438.0,True,0.0,True,True
4507037286_00010,8494.0,8494.0,8494.0,True,0.0,True,True
4507037298_00060,260.0,260.0,260.0,True,0.0,False,True
4507037298_00070,361.0,361.0,361.0,True,0.0,False,True
4507037298_00120,196.0,196.0,196.0,True,0.0,False,True
4507037329_00010,19.0,19.0,19.0,True,0.0,False,False
4507037335_00010,59.0,59.0,59.0,True,0.0,False,False
4507037349_00110,1922.0,1922.0,1922.0,True,0.0,True,True
4507037386_00010,1053.0,1053.0,1053.0,True,0.0,False,True
4507037470_00020,6428.0,6428.0,6428.0,True,0.0,True,True
4507037470_00040,494.0,494.0,494.0,True,0.0,False,True
4507037635_00010,38908.0,38908.0,38908.0,True,0.0,True,True
4507037637_00010,55557.0,55557.0,55557.0,True,0.0,False,True
4507037639_00010,55557.0,55557.0,55557.0,True,0.0,True,True
4507037640_00010,55557.0,55557.0,55557.0,True,0.0,True,True
4507037642_00010,2503.0,2503.0,2503.0,True,0.0,False,True
4507037656_00010,55557.0,55557.0,55557.0,True,0.0,True,True
4507037657_00010,55557.0,55557.0,55557.0,True,0.0,True,True
4507037671_00030,484.0,484.0,484.0,True,0.0,False,True
4507037673_00010,121.0,121.0,121.0,True,0.0,False,True
4507037699_00030,2070.0,2070.0,2070.0,True,0.0,True,True
4507037699_00040,763.0,763.0,763.0,True,0.0,True,True
4507037699_00050,680.0,680.0,680.0,True,0.0,True,True
4507037699_00060,571.0,571.0,571.0,True,0.0,True,True
4507037699_00070,415.0,415.0,415.0,True,0.0,True,True
4507037732_00010,38174.0,38174.0,38174.0,True,0.0,True,True
4507037740_00010,1668.0,1668.0,1668.0,True,0.0,False,True
4507037743_00030,6926.0,6926.0,6926.0,True,0.0,True,True
4507037743_00060,5092.0,5092.0,5092.0,True,0.0,False,True
4507037743_00070,368.0,368.0,368.0,True,0.0,True,True
4507037743_00080,1663.0,1663.0,1663.0,True,0.0,False,True
4507037743_00100,374.0,374.0,374.0,True,0.0,False,True
4507037747_00010,4003.0,4003.0,4003.0,True,0.0,False,True
4507037747_00020,37.0,37.0,37.0,True,0.0,False,True
4507037747_00030,57.0,57.0,57.0,True,0.0,False,True
4507037747_00040,41.0,41.0,41.0,True,0.0,False,True
4507037747_00050,2645.0,2645.0,2645.0,True,0.0,False,True
4507037748_00010,1542.0,1542.0,1542.0,True,0.0,False,True
4507037749_00040,788.0,788.0,788.0,True,0.0,True,True
4507037749_00050,713.0,713.0,713.0,True,0.0,True,True
4507037749_00060,755.0,755.0,755.0,True,0.0,True,True
4507037749_00070,352.0,352.0,352.0,True,0.0,True,True
4507037749_00080,1497.0,1497.0,1497.0,True,0.0,True,True
4507037749_00090,319.0,319.0,319.0,True,0.0,False,True
4507037749_00100,1782.0,1782.0,1782.0,True,0.0,True,True
4507037751_00060,413.0,413.0,413.0,True,0.0,False,True
4507037751_00070,413.0,413.0,413.0,True,0.0,False,True
4507037751_00080,676.0,676.0,676.0,True,0.0,False,True
4507037751_00090,676.0,676.0,676.0,True,0.0,False,True
4507037751_00100,181.0,181.0,181.0,True,0.0,False,True
4507037751_00110,181.0,181.0,181.0,True,0.0,False,True
4507037751_00120,181.0,181.0,181.0,True,0.0,False,True
4507037751_00140,234.0,234.0,234.0,True,0.0,False,True
4507037751_00210,827.0,827.0,827.0,True,0.0,False,True
4507037751_00220,676.0,676.0,676.0,True,0.0,False,True
4507037751_00230,676.0,676.0,676.0,True,0.0,False,True
4507037751_00240,506.0,506.0,506.0,True,0.0,False,True
4507037751_00270,63.0,63.0,63.0,True,0.0,False,True
4507037752_00070,1007.0,1007.0,1007.0,True,0.0,False,True
4507037752_00080,701.0,701.0,701.0,True,0.0,True,True
4507037752_00090,826.0,826.0,826.0,True,0.0,True,True
4507037752_00100,999.0,999.0,999.0,True,0.0,True,True
4507037752_00110,701.0,701.0,701.0,True,0.0,False,True
4507037752_00180,826.0,826.0,826.0,True,0.0,True,True
4507037753_00020,268.0,268.0,268.0,True,0.0,False,True
4507037754_00100,861.0,861.0,861.0,True,0.0,False,True
4507037754_00120,4865.0,4865.0,4865.0,True,0.0,False,True
4507037754_00130,11205.0,11205.0,11205.0,True,0.0,True,True
4507037754_00150,1292.0,1292.0,1292.0,True,0.0,False,True
4507037754_00170,1738.0,1738.0,1738.0,True,0.0,False,True
4507037755_00030,536.0,536.0,536.0,True,0.0,False,True
4507037755_00040,536.0,536.0,536.0,True,0.0,True,True
4507037758_00010,577.0,577.0,577.0,True,0.0,False,True
4507037787_00010,24.0,24.0,24.0,True,0.0,True,True
4507037787_00020,99.0,99.0,99.0,True,0.0,True,True
4507037787_00030,99.0,99.0,99.0,True,0.0,True,True
4507037787_00040,262.0,262.0,262.0,True,0.0,False,True
4507037787_00050,116.0,116.0,116.0,True,0.0,False,True
4507037787_00170,449.0,449.0,449.0,True,0.0,False,True
4507037787_00220,22.0,22.0,22.0,True,0.0,False,True
4507037787_00340,245.0,245.0,245.0,True,0.0,True,True
4507037787_00350,245.0,245.0,245.0,True,0.0,True,True
4507037787_00360,204.0,204.0,204.0,True,0.0,False,True
4507037796_00020,136.0,136.0,136.0,True,0.0,False,True
4507037855_00010,3290.0,3290.0,3290.0,True,0.0,False,True
4507037963_00020,59.0,59.0,59.0,True,0.0,False,False
4507037998_00010,519.0,519.0,519.0,True,0.0,False,True
4507038001_00010,16141.0,16141.0,16141.0,True,0.0,True,True
4507038025_00010,5265.0,5265.0,5265.0,True,0.0,False,True
4507038026_00010,1991.0,1991.0,1991.0,True,0.0,True,True
4507038038_00010,3016.0,3016.0,3016.0,True,0.0,True,True
4507038058_00001,806.0,661084.0,7255.0,False,660278.0,False,True
4507038092_00030,144.0,144.0,144.0,True,0.0,False,True
4507038093_00070,294.0,294.0,294.0,True,0.0,True,True
4507038094_00050,370.0,370.0,370.0,True,0.0,False,True
4507038103_00040,626.0,626.0,626.0,True,0.0,True,True
4507038123_00010,2624.0,2624.0,2624.0,True,0.0,False,True
4507038123_00020,856.0,856.0,856.0,True,0.0,False,True
4507038123_00030,266.0,266.0,266.0,True,0.0,False,True
4507038123_00040,1980.0,1980.0,1980.0,True,0.0,False,True
4507038124_00010,119.0,119.0,119.0,True,0.0,False,False
4507038125_00020,2861.0,2861.0,2861.0,True,0.0,False,True
4507038125_00030,1189.0,1189.0,1189.0,True,0.0,False,True
4507038125_00060,237.0,237.0,237.0,True,0.0,False,True
4507038125_00070,2972.0,2972.0,2972.0,True,0.0,False,True
4507038129_00030,1560.0,1560.0,1560.0,True,0.0,True,True
4507038140_00120,2662.0,2662.0,2662.0,True,0.0,True,True
4507038170_00120,3026.0,3026.0,3026.0,True,0.0,True,True
4507038173_00030,444.0,444.0,444.0,True,0.0,True,True
4507038180_00010,23122.0,23122.0,23122.0,True,0.0,False,True
4507038202_00050,547.0,547.0,547.0,True,0.0,False,True
4507038207_00010,10050.0,10050.0,10050.0,True,0.0,True,True
4507038223_00010,8495.0,8495.0,8495.0,True,0.0,False,True
4507038306_00010,3826.0,3826.0,3826.0,True,0.0,False,True
4507038314_00010,55557.0,55557.0,55557.0,True,0.0,True,True
4507038322_00020,2530.0,2530.0,2530.0,True,0.0,True,True
4507038323_00030,59.0,59.0,59.0,True,0.0,False,True
4507038324_00020,1862.0,1862.0,1862.0,True,0.0,False,True
4507038327_00050,413.0,413.0,413.0,True,0.0,False,True
4507038327_00060,676.0,676.0,676.0,True,0.0,False,True
4507038327_00100,413.0,413.0,413.0,True,0.0,False,True
4507038327_00120,580.0,580.0,580.0,True,0.0,False,True
4507038327_00130,290.0,290.0,290.0,True,0.0,False,True
4507038327_00140,165.0,165.0,165.0,True,0.0,False,True
4507038327_00150,144.0,144.0,144.0,True,0.0,False,True
4507038327_00160,63.0,63.0,63.0,True,0.0,False,True
4507038327_00170,63.0,63.0,63.0,True,0.0,False,True
4507038328_00080,826.0,826.0,826.0,True,0.0,False,True
4507038328_00090,848.0,848.0,848.0,True,0.0,False,True
4507038329_00090,431.0,431.0,431.0,True,0.0,False,True
4507038361_00040,528.0,528.0,528.0,True,0.0,True,True
4507038364_00010,116.0,116.0,116.0,True,0.0,False,True
4507038373_00001,124.0,372.0,124.0,False,248.0,False,True
4507038405_00010,362.0,362.0,362.0,True,0.0,False,True
4507038405_00020,177.0,177.0,177.0,True,0.0,False,True
4507038407_00010,449.0,449.0,449.0,True,0.0,False,True
4507038407_00020,29.0,29.0,29.0,True,0.0,False,True
4507038407_00030,26.0,26.0,26.0,True,0.0,False,True
4507038407_00040,49.0,49.0,49.0,True,0.0,False,True
4507038407_00050,47.0,47.0,47.0,True,0.0,False,True
4507038407_00060,47.0,47.0,47.0,True,0.0,False,True
4507038407_00070,47.0,47.0,47.0,True,0.0,False,True
4507038407_00080,47.0,47.0,47.0,True,0.0,False,True
4507038407_00090,47.0,47.0,47.0,True,0.0,False,True
4507038407_00100,47.0,47.0,47.0,True,0.0,False,True
4507038407_00110,47.0,47.0,47.0,True,0.0,False,True
4507038407_00120,47.0,47.0,47.0,True,0.0,False,True
4507038407_00130,21.0,21.0,21.0,True,0.0,False,True
4507038407_00140,42.0,42.0,42.0,True,0.0,False,True
4507038407_00150,44.0,44.0,44.0,True,0.0,True,True
4507038407_00160,73.0,73.0,73.0,True,0.0,True,True
4507038407_00180,245.0,245.0,245.0,True,0.0,True,True
4507038407_00200,673.0,673.0,673.0,True,0.0,False,True
4507038407_00210,449.0,449.0,449.0,True,0.0,False,True
4507038407_00220,386.0,386.0,386.0,True,0.0,False,True
4507038407_00230,143.0,143.0,143.0,True,0.0,False,True
4507038407_00260,271.0,271.0,271.0,True,0.0,False,True
4507038415_00010,317.0,317.0,317.0,True,0.0,True,True
4507038415_00020,407.0,407.0,407.0,True,0.0,False,True
4507038427_00010,45033.0,45033.0,45033.0,True,0.0,False,True
4507038429_00010,561.0,561.0,561.0,True,0.0,True,True
4507038521_00030,361.0,361.0,361.0,True,0.0,False,True
4507038521_00040,290.0,290.0,290.0,True,0.0,False,True
4507038521_00050,260.0,260.0,260.0,True,0.0,False,True
4507038521_00070,290.0,290.0,290.0,True,0.0,False,True
4507038521_00090,644.0,644.0,644.0,True,0.0,False,True
4507038521_00110,216.0,216.0,216.0,True,0.0,False,True
4507038550_00010,561.0,561.0,561.0,True,0.0,False,True
4507038595_00010,1362.0,1362.0,1362.0,True,0.0,False,True
4507038653_00010,3983.0,3983.0,3983.0,True,0.0,False,True
4507038653_00020,7794.0,7794.0,7794.0,True,0.0,False,True
4507038692_00010,89.0,89.0,89.0,True,0.0,False,True
4507038694_00070,70.0,70.0,70.0,True,0.0,True,True
4507038727_00040,805.0,805.0,805.0,True,0.0,False,True
4507038741_00040,240.0,240.0,240.0,True,0.0,True,True
4507038745_00020,1384.0,1384.0,1384.0,True,0.0,False,True
4507038746_00020,65.0,65.0,65.0,True,0.0,False,True
4507038749_00130,1891.0,1891.0,1891.0,True,0.0,False,True
4507038814_00020,361.0,361.0,361.0,True,0.0,False,True
4507038814_00030,260.0,260.0,260.0,True,0.0,False,True
4507038818_00010,2525.0,2525.0,2525.0,True,0.0,False,True
4507038878_00010,20639.0,20639.0,20639.0,True,0.0,True,True
4507038894_00010,228.0,228.0,228.0,True,0.0,False,True
4507038895_00010,9353.0,9353.0,9353.0,True,0.0,False,True
4507038995_00010,297.0,297.0,297.0,True,0.0,False,True
4507038995_00020,12747.0,12747.0,12747.0,True,0.0,False,True
4507038995_00030,1473.0,1473.0,1473.0,True,0.0,False,True
4507038995_00040,6386.0,6386.0,6386.0,True,0.0,False,True
4507038997_00010,659.0,659.0,659.0,True,0.0,False,True
4507038997_00020,592.0,592.0,592.0,True,0.0,False,True
4507038997_00030,2618.0,2618.0,2618.0,True,0.0,True,True
4507038997_00040,3031.0,3031.0,3031.0,True,0.0,True,True
4507039000_00020,193.0,193.0,193.0,True,0.0,True,True
4507039000_00050,138.0,138.0,138.0,True,0.0,True,True
4507039016_00140,413.0,413.0,413.0,True,0.0,False,True
4507039016_00150,676.0,676.0,676.0,True,0.0,False,True
4507039016_00160,413.0,413.0,413.0,True,0.0,False,True
4507039016_00340,75.0,75.0,75.0,True,0.0,False,True
4507039016_00350,104.0,104.0,104.0,True,0.0,False,True
4507039016_00360,59.0,59.0,59.0,True,0.0,False,True
4507039016_00370,144.0,144.0,144.0,True,0.0,False,True
4507039016_00380,85.0,85.0,85.0,True,0.0,False,True
4507039016_00390,34.0,34.0,34.0,True,0.0,False,True
4507039016_00400,34.0,34.0,34.0,True,0.0,False,True
4507039016_00410,34.0,34.0,34.0,True,0.0,False,True
4507039016_00420,34.0,34.0,34.0,True,0.0,False,True
4507039016_00430,34.0,34.0,34.0,True,0.0,False,True
4507039016_00440,34.0,34.0,34.0,True,0.0,False,True
4507039016_00450,34.0,34.0,34.0,True,0.0,False,True
4507039016_00460,34.0,34.0,34.0,True,0.0,True,True
4507039016_00470,69.0,69.0,69.0,True,0.0,False,True
4507039016_00480,34.0,34.0,34.0,True,0.0,False,True
4507039016_00490,34.0,34.0,34.0,True,0.0,False,True
4507039016_00500,34.0,34.0,34.0,True,0.0,True,True
4507039016_00510,34.0,34.0,34.0,True,0.0,True,True
4507039016_00520,34.0,34.0,34.0,True,0.0,False,True
4507039016_00530,63.0,63.0,63.0,True,0.0,False,True
4507039016_00540,10.0,10.0,10.0,True,0.0,False,True
4507039016_00550,63.0,63.0,63.0,True,0.0,False,True
4507039016_00560,63.0,63.0,63.0,True,0.0,False,True
4507039016_00620,676.0,676.0,676.0,True,0.0,True,True
4507039016_00650,415.0,415.0,415.0,True,0.0,True,True
4507039016_00680,85.0,85.0,85.0,True,0.0,False,True
4507039017_00270,431.0,431.0,431.0,True,0.0,True,True
4507039017_00480,608.0,608.0,608.0,True,0.0,True,True
4507039017_00500,431.0,431.0,431.0,True,0.0,True,True
4507039017_00510,21549.0,21549.0,21549.0,True,0.0,True,True
4507039017_00530,869.0,869.0,869.0,True,0.0,True,True
4507039019_00001,903.0,806831.0,9035.0,False,805928.0,False,True
4507039049_00080,126.0,126.0,126.0,True,0.0,False,True
4507039060_00050,126.0,126.0,126.0,True,0.0,False,True
4507039083_00010,1362.0,1362.0,1362.0,True,0.0,False,True
4507039168_00010,25616.0,25616.0,25616.0,True,0.0,False,True
4507039169_00010,25616.0,25616.0,25616.0,True,0.0,False,True
4507039174_00010,249.0,249.0,249.0,True,0.0,True,True
4507039177_00010,36040.0,36040.0,36040.0,True,0.0,True,True
4507039180_00010,55557.0,55557.0,55557.0,True,0.0,True,True
4507039181_00010,55557.0,55557.0,55557.0,True,0.0,True,True
4507039183_00010,55557.0,55557.0,55557.0,True,0.0,True,True
4507039185_00020,916.0,916.0,916.0,True,0.0,False,True
4507039185_00030,1673.0,1673.0,1673.0,True,0.0,False,True
4507039186_00010,238.0,238.0,238.0,True,0.0,True,True
4507039186_00020,196.0,196.0,196.0,True,0.0,True,True
4507039187_00010,4003.0,4003.0,4003.0,True,0.0,False,True
4507039188_00010,1833.0,1833.0,1833.0,True,0.0,False,True
4507039189_00010,266.0,266.0,266.0,True,0.0,False,True
4507039189_00020,755.0,755.0,755.0,True,0.0,True,True
4507039189_00040,364.0,364.0,364.0,True,0.0,False,True
4507039189_00050,1197.0,1197.0,1197.0,True,0.0,False,True
4507039191_00060,172.0,172.0,172.0,True,0.0,False,True
4507039191_00100,103.0,103.0,103.0,True,0.0,False,True
4507039191_00110,85.0,85.0,85.0,True,0.0,False,True
4507039196_00040,266.0,266.0,266.0,True,0.0,False,True
4507039196_00080,761.0,761.0,761.0,True,0.0,False,True
4507039196_00090,826.0,826.0,826.0,True,0.0,False,True
4507039196_00110,826.0,826.0,826.0,True,0.0,True,True
4507039196_00180,1377.0,1377.0,1377.0,True,0.0,False,True
4507039197_00010,89.0,89.0,89.0,True,0.0,False,True
4507039198_00050,775.0,775.0,775.0,True,0.0,True,True
4507039200_00010,430.0,430.0,430.0,True,0.0,False,True
4507039200_00020,5237.0,5237.0,5237.0,True,0.0,False,True
4507039200_00030,2584.0,2584.0,2584.0,True,0.0,False,True
4507039200_00040,3877.0,3877.0,3877.0,True,0.0,False,True
4507039200_00050,1047.0,1047.0,1047.0,True,0.0,False,True
4507039200_00060,1047.0,1047.0,1047.0,True,0.0,False,True
4507039201_00010,1837.0,1837.0,1837.0,True,0.0,False,True
4507039241_00030,1517.0,1517.0,1517.0,True,0.0,True,True
4507039254_00001,2876.0,353765.0,5752.0,False,350889.0,False,True
4507039283_00090,370.0,370.0,370.0,True,0.0,True,True
4507039283_00110,104.0,104.0,104.0,True,0.0,False,True
4507039283_00140,139.0,139.0,139.0,True,0.0,False,True
4507039283_00150,104.0,104.0,104.0,True,0.0,False,True
4507039283_00160,74.0,74.0,74.0,True,0.0,True,True
4507039283_00170,99.0,99.0,99.0,True,0.0,True,True
4507039283_00190,262.0,262.0,262.0,True,0.0,False,True
4507039283_00310,23.0,23.0,23.0,True,0.0,False,True
4507039296_00010,78.0,78.0,78.0,True,0.0,False,True
4507039296_00020,314.0,314.0,314.0,True,0.0,False,True
4507039296_00030,113.0,113.0,113.0,True,0.0,False,True
4507039296_00040,684.0,684.0,684.0,True,0.0,False,True
4507039308_00010,313.0,313.0,313.0,True,0.0,False,True
4507039436_00020,16640.0,16640.0,16640.0,True,0.0,True,True
4507039436_00030,6616.0,6616.0,6616.0,True,0.0,False,True
4507039436_00040,3879.0,3879.0,3879.0,True,0.0,False,True
4507039436_00050,4437.0,4437.0,4437.0,True,0.0,True,True
4507039440_00030,444.0,444.0,444.0,True,0.0,False,True
4507039440_00080,367.0,367.0,367.0,True,0.0,False,True
4507039440_00120,221.0,221.0,221.0,True,0.0,False,True
4507039440_00170,290.0,290.0,290.0,True,0.0,False,True
4507039440_00180,234.0,234.0,234.0,True,0.0,False,True
4507039440_00200,361.0,361.0,361.0,True,0.0,False,True
4507039479_00010,362.0,362.0,362.0,True,0.0,False,True
4507039481_00010,303.0,303.0,303.0,True,0.0,False,True
4507039594_00010,5923.0,5923.0,5923.0,True,0.0,False,True
4507039594_00030,3315.0,3315.0,3315.0,True,0.0,False,True
4507039594_00040,1529.0,1529.0,1529.0,True,0.0,False,True
4507039598_00010,2598.0,2598.0,2598.0,True,0.0,True,True
4507039599_00010,2987.0,2987.0,2987.0,True,0.0,False,True
4507039606_00010,4845.0,4845.0,4845.0,True,0.0,False,True
4507039607_00010,13596.0,13596.0,13596.0,True,0.0,False,True
4507039611_00001,332.0,95383.0,997.0,False,95051.0,False,True
4507039655_00050,1766.0,1766.0,1766.0,True,0.0,True,True
4507039660_00020,109.0,109.0,109.0,True,0.0,False,True
4507039665_00090,37.0,37.0,37.0,True,0.0,False,True
4507039667_00150,786.0,786.0,786.0,True,0.0,False,True
4507039679_00040,1286.0,1286.0,1286.0,True,0.0,False,True
4507039690_00040,1436.0,1436.0,1436.0,True,0.0,False,True
4507039691_00010,504.0,504.0,504.0,True,0.0,False,True
4507039691_00020,100.0,100.0,100.0,True,0.0,False,True
4507039691_00030,1367.0,1367.0,1367.0,True,0.0,False,True
4507039691_00040,104.0,104.0,104.0,True,0.0,False,True
4507039706_00020,2338.0,2338.0,2338.0,True,0.0,True,True
4507039707_00060,909.0,909.0,909.0,True,0.0,True,True
4507039716_00010,1199.0,1199.0,1199.0,True,0.0,False,True
4507039716_00020,1784.0,1784.0,1784.0,True,0.0,False,True
4507039765_00010,1569.0,1569.0,1569.0,True,0.0,False,True
4507039782_00020,1374.0,1374.0,1374.0,True,0.0,False,True
4507039783_00010,212.0,212.0,212.0,True,0.0,True,True
4507039783_00020,16.0,16.0,16.0,True,0.0,True,True
4507039785_00010,2034.0,2034.0,2034.0,True,0.0,False,True
4507039785_00020,20.0,20.0,20.0,True,0.0,False,True
4507039785_00030,122.0,122.0,122.0,True,0.0,False,True
4507039787_00020,3922.0,3922.0,3922.0,True,0.0,True,True
4507039787_00030,319.0,319.0,319.0,True,0.0,False,True
4507039787_00040,385.0,385.0,385.0,True,0.0,False,True
4507039788_00010,67.0,67.0,67.0,True,0.0,False,False
4507039789_00020,11.0,11.0,11.0,True,0.0,False,False
4507039792_00010,11.0,11.0,11.0,True,0.0,False,False
4507039798_00010,11.0,11.0,11.0,True,0.0,False,False
4507039798_00020,19.0,19.0,19.0,True,0.0,False,False
4507039808_00010,37.0,37.0,37.0,True,0.0,False,False
4507039812_00170,290.0,290.0,290.0,True,0.0,True,True
4507039812_00180,413.0,413.0,413.0,True,0.0,True,True
4507039812_00190,413.0,413.0,413.0,True,0.0,True,True
4507039812_00200,413.0,413.0,413.0,True,0.0,True,True
4507039812_00210,232.0,232.0,232.0,True,0.0,True,True
4507039812_00220,676.0,676.0,676.0,True,0.0,False,True
4507039812_00240,543.0,543.0,543.0,True,0.0,True,True
4507039812_00300,302.0,302.0,302.0,True,0.0,False,True
4507039812_00310,32.0,32.0,32.0,True,0.0,True,True
4507039812_00320,313.0,313.0,313.0,True,0.0,True,True
4507039812_00330,59.0,59.0,59.0,True,0.0,False,True
4507039812_00340,59.0,59.0,59.0,True,0.0,False,True
4507039812_00350,34.0,34.0,34.0,True,0.0,True,True
4507039812_00360,34.0,34.0,34.0,True,0.0,True,True
4507039812_00370,34.0,34.0,34.0,True,0.0,True,True
4507039812_00380,34.0,34.0,34.0,True,0.0,True,True
4507039812_00390,138.0,138.0,138.0,True,0.0,True,True
4507039812_00400,207.0,207.0,207.0,True,0.0,False,True
4507039812_00410,34.0,34.0,34.0,True,0.0,True,True
4507039812_00420,34.0,34.0,34.0,True,0.0,True,True
4507039812_00430,34.0,34.0,34.0,True,0.0,True,True
4507039812_00440,34.0,34.0,34.0,True,0.0,False,True
4507039812_00450,34.0,34.0,34.0,True,0.0,False,True
4507039812_00460,34.0,34.0,34.0,True,0.0,True,True
4507039812_00470,69.0,69.0,69.0,True,0.0,False,True
4507039812_00480,73.0,73.0,73.0,True,0.0,False,True
4507039812_00490,127.0,127.0,127.0,True,0.0,True,True
4507039812_00500,32.0,32.0,32.0,True,0.0,False,True
4507039812_00510,63.0,63.0,63.0,True,0.0,True,True
4507039812_00520,234.0,234.0,234.0,True,0.0,True,True
4507039812_00530,63.0,63.0,63.0,True,0.0,True,True
4507039812_00590,122.0,122.0,122.0,True,0.0,True,True
4507039812_00620,905.0,905.0,905.0,True,0.0,True,True
4507039812_00630,138.0,138.0,138.0,True,0.0,True,True
4507039812_00640,34.0,34.0,34.0,True,0.0,True,True
4507039812_00650,63.0,63.0,63.0,True,0.0,True,True
4507039812_00690,85.0,85.0,85.0,True,0.0,False,True
4507039812_00700,85.0,85.0,85.0,True,0.0,False,True
4507039813_00050,7094.0,7094.0,7094.0,True,0.0,False,True
4507039815_00010,39.0,39.0,39.0,True,0.0,False,False
4507039815_00040,37.0,37.0,37.0,True,0.0,False,False
4507039815_00050,69.0,69.0,69.0,True,0.0,False,False
4507039817_00100,1007.0,1007.0,1007.0,True,0.0,True,True
4507039817_00110,848.0,848.0,848.0,True,0.0,True,True
4507039817_00120,701.0,701.0,701.0,True,0.0,False,True
4507039817_00170,266.0,266.0,266.0,True,0.0,False,True
4507039817_00270,576.0,576.0,576.0,True,0.0,False,True
4507039818_00030,1701.0,1701.0,1701.0,True,0.0,False,True
4507039819_00010,89.0,89.0,89.0,True,0.0,False,True
4507039819_00020,89.0,89.0,89.0,True,0.0,False,True
4507039819_00030,89.0,89.0,89.0,True,0.0,False,True
4507039819_00040,89.0,89.0,89.0,True,0.0,False,True
4507039819_00050,268.0,268.0,268.0,True,0.0,False,True
4507039822_00080,861.0,861.0,861.0,True,0.0,True,True
4507039822_00100,415.0,415.0,415.0,True,0.0,True,True
4507039822_00120,492.0,492.0,492.0,True,0.0,True,True
4507039822_00210,775.0,775.0,775.0,True,0.0,False,False
4507039822_00220,869.0,869.0,869.0,True,0.0,True,True
4507039828_00010,526.0,526.0,526.0,True,0.0,True,True
4507039828_00020,526.0,526.0,526.0,True,0.0,True,True
4507039828_00030,571.0,571.0,571.0,True,0.0,True,True
4507039828_00040,510.0,510.0,510.0,True,0.0,True,True
4507039828_00050,510.0,510.0,510.0,True,0.0,True,True
4507039828_00060,415.0,415.0,415.0,True,0.0,True,True
4507039861_00030,211.0,211.0,211.0,True,0.0,False,True
4507039861_00040,367.0,367.0,367.0,True,0.0,False,True
4507039861_00050,260.0,260.0,260.0,True,0.0,False,True
4507039861_00070,606.0,606.0,606.0,True,0.0,False,True
4507039861_00080,760.0,760.0,760.0,True,0.0,False,True
4507039861_00090,443.0,443.0,443.0,True,0.0,False,True
4507039861_00100,760.0,760.0,760.0,True,0.0,False,True
4507039861_00110,260.0,260.0,260.0,True,0.0,False,True
4507039861_00130,391.0,391.0,391.0,True,0.0,False,True
4507039937_00001,907.0,654388.0,7260.0,False,653481.0,False,True
4507039960_00010,218.0,218.0,218.0,True,0.0,False,True
4507039969_00070,39.0,39.0,39.0,True,0.0,False,False
4507039969_00100,3.0,3.0,3.0,True,0.0,False,False
4507039972_00010,201.0,201.0,201.0,True,0.0,True,True
4507039972_00020,201.0,201.0,201.0,True,0.0,True,True
4507039972_00030,449.0,449.0,449.0,True,0.0,True,True
4507039972_00230,29.0,29.0,29.0,True,0.0,True,True
4507039972_00310,22.0,22.0,22.0,True,0.0,True,True
4507039972_00320,256.0,256.0,256.0,True,0.0,True,True
4507039972_00350,166.0,166.0,166.0,True,0.0,True,True
4507040000_00010,1362.0,1362.0,1362.0,True,0.0,False,True
4507040070_00010,808.0,808.0,808.0,True,0.0,False,True
4507040122_00010,801.0,801.0,801.0,True,0.0,False,True
4507040124_00020,834.0,834.0,834.0,True,0.0,False,True
4507040133_00040,361.0,361.0,361.0,True,0.0,False,True
4507040133_00050,231.0,231.0,231.0,True,0.0,False,True
4507040247_00010,450.0,450.0,450.0,True,0.0,False,True
4507040275_00030,449.0,449.0,449.0,True,0.0,False,True
4507040275_00090,51.0,51.0,51.0,True,0.0,False,True
4507040275_00100,77.0,77.0,77.0,True,0.0,False,True
4507040296_00020,114.0,114.0,114.0,True,0.0,True,True
4507040304_00060,825.0,825.0,825.0,True,0.0,False,True
4507040305_00010,39.0,39.0,39.0,True,0.0,False,False
4507040324_00040,31.0,31.0,31.0,True,0.0,False,False
4507040326_00080,319.0,319.0,319.0,True,0.0,False,True
4507040365_00050,715.0,715.0,715.0,True,0.0,False,True
4507040366_00020,212.0,212.0,212.0,True,0.0,False,True
4507040367_00020,6616.0,6616.0,6616.0,True,0.0,False,True
4507040367_00030,4437.0,4437.0,4437.0,True,0.0,False,True
4507040367_00040,21217.0,21217.0,21217.0,True,0.0,False,True
4507040368_00030,149.0,149.0,149.0,True,0.0,True,True
4507040369_00040,8591.0,8591.0,8591.0,True,0.0,False,True
4507040378_00010,23122.0,23122.0,23122.0,True,0.0,False,True
4507040383_00010,4905.0,4905.0,4905.0,True,0.0,False,True
4507040388_00010,824.0,824.0,824.0,True,0.0,False,True
4507040388_00020,1138.0,1138.0,1138.0,True,0.0,False,True
4507040388_00030,1125.0,1125.0,1125.0,True,0.0,False,True
4507040446_00010,51827.0,51827.0,51827.0,True,0.0,False,True
4507040484_00010,400.0,400.0,400.0,True,0.0,False,True
4507040486_00040,39.0,39.0,39.0,True,0.0,False,True
4507040486_00050,151.0,151.0,151.0,True,0.0,False,True
4507040486_00060,101.0,101.0,101.0,True,0.0,False,True
4507040486_00070,78.0,78.0,78.0,True,0.0,False,True
4507040486_00080,40.0,40.0,40.0,True,0.0,False,True
4507040486_00110,221.0,221.0,221.0,True,0.0,False,True
4507040574_00020,362.0,362.0,362.0,True,0.0,False,True
4507040604_00050,61.0,61.0,61.0,True,0.0,True,True
4507040654_00010,34.0,34.0,34.0,True,0.0,False,False
4507040667_00010,766.0,766.0,766.0,True,0.0,False,True
4507040670_00010,2701.0,2701.0,2701.0,True,0.0,False,True
4507040672_00010,71970.0,71970.0,71970.0,True,0.0,False,False
4507040675_00010,2987.0,2987.0,2987.0,True,0.0,False,True
4507040687_00010,1991.0,1991.0,1991.0,True,0.0,True,True
4507040748_00020,2901.0,2901.0,2901.0,True,0.0,True,True
4507040765_00010,1495.0,1495.0,1495.0,True,0.0,False,True
4507040780_00010,26500.0,26500.0,26500.0,True,0.0,False,True
4507040823_00010,36871.0,36871.0,36871.0,True,0.0,False,True
4507040842_00010,1499.0,1499.0,1499.0,True,0.0,False,True
4507040844_00010,2893.0,2893.0,2893.0,True,0.0,False,True
4507040844_00020,3141.0,3141.0,3141.0,True,0.0,False,True
4507040844_00030,2627.0,2627.0,2627.0,True,0.0,False,True
4507040846_00130,181.0,181.0,181.0,True,0.0,False,True
4507040846_00190,413.0,413.0,413.0,True,0.0,False,True
4507040846_00200,364.0,364.0,364.0,True,0.0,True,True
4507040846_00210,63.0,63.0,63.0,True,0.0,False,True
4507040846_00230,85.0,85.0,85.0,True,0.0,False,True
4507040848_00080,680.0,680.0,680.0,True,0.0,False,True
4507040848_00110,761.0,761.0,761.0,True,0.0,False,True
4507040850_00190,985.0,985.0,985.0,True,0.0,True,True
4507040850_00200,4569.0,4569.0,4569.0,True,0.0,True,True
4507040850_00220,1292.0,1292.0,1292.0,True,0.0,True,True
4507040850_00230,431.0,431.0,431.0,True,0.0,True,True
4507040850_00250,869.0,869.0,869.0,True,0.0,True,True
4507040851_00010,7327.0,7327.0,7327.0,True,0.0,False,True
4507040852_00020,582.0,582.0,582.0,True,0.0,False,True
4507040853_00010,554.0,554.0,554.0,True,0.0,False,True
4507040864_00030,391.0,391.0,391.0,True,0.0,False,True
4507040864_00050,211.0,211.0,211.0,True,0.0,False,True
4507040864_00060,290.0,290.0,290.0,True,0.0,False,True
4507040864_00070,391.0,391.0,391.0,True,0.0,False,True
4507040864_00080,443.0,443.0,443.0,True,0.0,False,True
4507040886_00010,54877.0,54877.0,54877.0,True,0.0,True,True
4507040889_00010,55744.0,55744.0,55744.0,True,0.0,False,True
4507040890_00010,55744.0,55744.0,55744.0,True,0.0,True,True
4507040895_00010,38174.0,38174.0,38174.0,True,0.0,True,True
4507040964_00010,412.0,412.0,412.0,True,0.0,False,True
4507040964_00020,143.0,143.0,143.0,True,0.0,False,True
4507040964_00080,898.0,898.0,898.0,True,0.0,False,True
4507040964_00100,168.0,168.0,168.0,True,0.0,False,True
4507040964_00110,84.0,84.0,84.0,True,0.0,False,True
4507040985_00010,57729.0,57729.0,57729.0,True,0.0,True,True
4507041027_00010,120.0,120.0,120.0,True,0.0,False,False
4507041072_00010,1707.0,1707.0,1707.0,True,0.0,True,True
4507041076_00010,121.0,121.0,121.0,True,0.0,False,True
4507041093_00010,417.0,417.0,417.0,True,0.0,False,True
4507041122_00040,109.0,109.0,109.0,True,0.0,True,True
4507041143_00010,2987.0,2987.0,2987.0,True,0.0,False,True
4507041159_00010,93.0,93.0,93.0,True,0.0,False,True
4507041160_00010,5884.0,5884.0,5884.0,True,0.0,False,True
4507041232_00010,70.0,70.0,70.0,True,0.0,False,True
4507041258_00060,1212.0,1212.0,1212.0,True,0.0,True,True
4507041258_00070,290.0,290.0,290.0,True,0.0,True,True
4507041258_00080,218.0,218.0,218.0,True,0.0,True,True
4507041260_00110,5477.0,5477.0,5477.0,True,0.0,False,True
4507041273_00010,9959.0,9959.0,9959.0,True,0.0,True,True
4507041273_00030,52611.0,52611.0,52611.0,True,0.0,True,True
4507041299_00020,512.0,512.0,512.0,True,0.0,True,True
4507041354_00040,646.0,646.0,646.0,True,0.0,False,True
4507041362_00010,800.0,800.0,800.0,True,0.0,True,True
4507041368_00010,3983.0,3983.0,3983.0,True,0.0,True,True
4507041368_00020,6219.0,6219.0,6219.0,True,0.0,False,True
4507041370_00010,6495.0,6495.0,6495.0,True,0.0,False,True
4507041372_00020,805.0,805.0,805.0,True,0.0,False,True
4507041376_00010,417.0,417.0,417.0,True,0.0,False,True
4507041392_00010,827.0,827.0,827.0,True,0.0,False,True
4507041402_00010,1097.0,1097.0,1097.0,True,0.0,False,True
4507041471_00010,975.0,975.0,975.0,True,0.0,False,False
4507041471_00020,886.0,886.0,886.0,True,0.0,True,True
4507041472_00020,3547.0,3547.0,3547.0,True,0.0,False,True
4507041472_00050,2593.0,2593.0,2593.0,True,0.0,False,True
4507041473_00020,6069.0,6069.0,6069.0,True,0.0,True,True
4507041473_00040,975.0,975.0,975.0,True,0.0,False,True
4507041473_00050,3890.0,3890.0,3890.0,True,0.0,False,True
4507041476_00020,9353.0,9353.0,9353.0,True,0.0,False,True
4507041478_00010,676.0,676.0,676.0,True,0.0,False,True
4507041508_00001,974.0,801284.0,8773.0,False,800310.0,False,True
4507041510_00001,26.0,343.0,26.0,False,317.0,False,True
4507041580_00010,2405.0,2405.0,2405.0,True,0.0,False,True
4507041580_00020,1251.0,1251.0,1251.0,True,0.0,False,True
4507041658_00020,211.0,211.0,211.0,True,0.0,False,True
4507041658_00090,260.0,260.0,260.0,True,0.0,False,True
4507041658_00100,260.0,260.0,260.0,True,0.0,False,True
4507041658_00110,521.0,521.0,521.0,True,0.0,False,True
4507041658_00150,361.0,361.0,361.0,True,0.0,False,True
4507041713_00030,11248.0,11248.0,11248.0,True,0.0,False,True
4507041713_00050,1197.0,1197.0,1197.0,True,0.0,True,True
4507041714_00050,41.0,41.0,41.0,True,0.0,False,True
4507041714_00060,20.0,20.0,20.0,True,0.0,False,True
4507041714_00070,20.0,20.0,20.0,True,0.0,False,True
4507041714_00080,57.0,57.0,57.0,True,0.0,False,True
4507041715_00090,413.0,413.0,413.0,True,0.0,False,True
4507041715_00100,181.0,181.0,181.0,True,0.0,True,True
4507041715_00140,63.0,63.0,63.0,True,0.0,False,True
4507041715_00170,413.0,413.0,413.0,True,0.0,False,True
4507041715_00180,413.0,413.0,413.0,True,0.0,False,True
4507041715_00190,181.0,181.0,181.0,True,0.0,False,True
4507041715_00200,165.0,165.0,165.0,True,0.0,False,True
4507041716_00040,424.0,424.0,424.0,True,0.0,True,True
4507041716_00050,576.0,576.0,576.0,True,0.0,False,True
4507041719_00010,3827.0,3827.0,3827.0,True,0.0,False,True
4507041720_00180,431.0,431.0,431.0,True,0.0,False,False
4507041720_00210,6895.0,6895.0,6895.0,True,0.0,True,True
4507041722_00020,2645.0,2645.0,2645.0,True,0.0,False,True
4507041723_00010,288.0,288.0,288.0,True,0.0,False,True
4507041796_00010,34.0,34.0,34.0,True,0.0,False,False
4507041806_00050,78.0,78.0,78.0,True,0.0,False,True
4507041809_00060,160.0,160.0,160.0,True,0.0,False,True
4507041809_00070,502.0,502.0,502.0,True,0.0,False,True
4507041809_00130,22.0,22.0,22.0,True,0.0,True,True
4507041809_00140,123.0,123.0,123.0,True,0.0,True,True
4507041809_00150,49.0,49.0,49.0,True,0.0,False,True
4507041809_00180,104.0,104.0,104.0,True,0.0,False,True
4507041809_00210,84.0,84.0,84.0,True,0.0,False,True
4507041809_00240,1069.0,1069.0,1069.0,True,0.0,False,True
4507041809_00250,634.0,634.0,634.0,True,0.0,False,True
4507041809_00260,449.0,449.0,449.0,True,0.0,False,True
4507041809_00270,98.0,98.0,98.0,True,0.0,True,True
4507041809_00280,32.0,32.0,32.0,True,0.0,False,True
4507041809_00290,58.0,58.0,58.0,True,0.0,False,True
4507041809_00310,1347.0,1347.0,1347.0,True,0.0,False,True
4507041852_00020,2286.0,2286.0,2286.0,True,0.0,True,True
4507041867_00010,310.0,310.0,310.0,True,0.0,False,True
4507041868_00010,310.0,310.0,310.0,True,0.0,False,True
4507041894_00030,36.0,36.0,36.0,True,0.0,False,False
4507041928_00010,16141.0,16141.0,16141.0,True,0.0,True,True
4507041932_00010,11691.0,11691.0,11691.0,True,0.0,False,True
4507041932_00020,7534.0,7534.0,7534.0,True,0.0,False,True
4507041959_00010,39.0,39.0,39.0,True,0.0,False,False
4507041962_00010,45.0,45.0,45.0,True,0.0,False,False
4507041997_00030,834.0,834.0,834.0,True,0.0,False,True
4507042011_00010,260.0,260.0,260.0,True,0.0,False,True
4507042013_00010,641.0,641.0,641.0,True,0.0,True,True
4508042076_00020,362.0,362.0,362.0,True,0.0,False,True
4508042112_00010,7.0,7.0,7.0,True,0.0,False,False
4508042116_00010,776.0,776.0,776.0,True,0.0,False,True
4508042138_00200,376.0,376.0,376.0,True,0.0,False,True
4508042180_00010,8660.0,8660.0,8660.0,True,0.0,True,True
4508042186_00010,36871.0,36871.0,36871.0,True,0.0,True,True
4508042206_00010,39449.0,39449.0,39449.0,True,0.0,False,True
4508042207_00010,39449.0,39449.0,39449.0,True,0.0,False,True
4508042214_00010,55744.0,55744.0,55744.0,True,0.0,True,True
4508042218_00010,55744.0,55744.0,55744.0,True,0.0,False,True
4508042219_00010,55744.0,55744.0,55744.0,True,0.0,False,True
4508042220_00010,52028.0,52028.0,52028.0,True,0.0,True,True
4508042276_00010,39108.0,39108.0,39108.0,True,0.0,True,True
4508042281_00010,90.0,90.0,90.0,True,0.0,False,True
4508042304_00020,197.0,197.0,197.0,True,0.0,True,True
4508042304_00030,1499.0,1499.0,1499.0,True,0.0,False,True
4508042305_00010,212.0,212.0,212.0,True,0.0,True,True
4508042306_00010,683.0,683.0,683.0,True,0.0,True,True
4508042306_00030,801.0,801.0,801.0,True,0.0,True,True
4508042306_00040,377.0,377.0,377.0,True,0.0,True,True
4508042307_00030,413.0,413.0,413.0,True,0.0,False,True
4508042307_00060,111.0,111.0,111.0,True,0.0,False,True
4508042307_00120,413.0,413.0,413.0,True,0.0,False,True
4508042307_00130,181.0,181.0,181.0,True,0.0,False,True
4508042307_00150,223.0,223.0,223.0,True,0.0,True,True
4508042307_00170,34.0,34.0,34.0,True,0.0,False,True
4508042307_00180,103.0,103.0,103.0,True,0.0,False,True
4508042307_00190,73.0,73.0,73.0,True,0.0,False,True
4508042308_00070,723.0,723.0,723.0,True,0.0,True,True
4508042308_00080,680.0,680.0,680.0,True,0.0,False,True
4508042308_00140,991.0,991.0,991.0,True,0.0,True,True
4508042309_00010,552.0,552.0,552.0,True,0.0,False,True
4508042309_00030,1252.0,1252.0,1252.0,True,0.0,False,True
4508042311_00200,431.0,431.0,431.0,True,0.0,True,True
4508042311_00210,2607.0,2607.0,2607.0,True,0.0,True,True
4508042313_00010,2443.0,2443.0,2443.0,True,0.0,False,True
4508042314_00010,290.0,290.0,290.0,True,0.0,False,True
4508042314_00020,581.0,581.0,581.0,True,0.0,False,True
4508042321_00010,38174.0,38174.0,38174.0,True,0.0,True,True
4508042322_00010,38174.0,38174.0,38174.0,True,0.0,True,True
4508042333_00010,3000.0,3000.0,3000.0,True,0.0,True,True
4508042350_00001,73.0,73.0,73.0,True,0.0,False,True
4508042383_00030,92.0,92.0,92.0,True,0.0,False,True
4508042383_00050,42.0,42.0,42.0,True,0.0,True,True
4508042383_00060,245.0,245.0,245.0,True,0.0,True,True
4508042383_00070,490.0,490.0,490.0,True,0.0,True,True
4508042383_00080,204.0,204.0,204.0,True,0.0,False,True
4508042383_00190,139.0,139.0,139.0,True,0.0,False,True
4508042383_00200,16.0,16.0,16.0,True,0.0,False,True
4508042383_00210,8.0,8.0,8.0,True,0.0,False,True
4508042383_00220,16.0,16.0,16.0,True,0.0,False,True
4508042383_00230,8.0,8.0,8.0,True,0.0,False,True
4508042383_00240,98.0,98.0,98.0,True,0.0,True,True
4508042383_00250,44.0,44.0,44.0,True,0.0,False,True
4508042383_00260,26.0,26.0,26.0,True,0.0,False,True
4508042383_00270,24.0,24.0,24.0,True,0.0,True,True
4508042519_00040,182.0,182.0,182.0,True,0.0,False,True
4508042522_00010,23122.0,23122.0,23122.0,True,0.0,False,True
4508042545_00010,16640.0,33281.0,33281.0,False,16641.0,False,True
4508042545_00020,8584.0,8584.0,8584.0,True,0.0,False,True
4508042545_00030,21217.0,42435.0,42435.0,False,21218.0,False,True
4508042546_00010,55744.0,55744.0,55744.0,True,0.0,False,True
4508042577_00070,672.0,672.0,672.0,True,0.0,True,True
4508042585_00010,9.0,9.0,9.0,True,0.0,False,False
4508042585_00020,59.0,59.0,59.0,True,0.0,False,False
4508042585_00030,9.0,9.0,9.0,True,0.0,False,False
4508042596_00010,4780.0,4780.0,4780.0,True,0.0,False,True
4508042609_00010,1803.0,1803.0,1803.0,True,0.0,True,True
4508042616_00010,2452.0,2452.0,2452.0,True,0.0,True,True
4508042616_00020,422.0,422.0,422.0,True,0.0,True,True
4508042661_00001,770.0,456240.0,4624.0,False,455470.0,False,True
4508042745_00020,695.0,695.0,695.0,True,0.0,False,True
4508042745_00030,2494.0,2494.0,2494.0,True,0.0,False,True
4508042781_00080,375.0,375.0,375.0,True,0.0,False,True
4508042789_00040,408.0,408.0,408.0,True,0.0,True,True
4508042840_00010,576.0,576.0,576.0,True,0.0,True,True
4508042842_00010,47.0,47.0,47.0,True,0.0,False,True
4508042842_00020,47.0,47.0,47.0,True,0.0,False,True
4508042842_00030,47.0,47.0,47.0,True,0.0,False,True
4508042860_00010,310.0,310.0,310.0,True,0.0,False,True
4508042893_00010,171.0,171.0,171.0,True,0.0,False,True
4508042902_00020,424.0,424.0,424.0,True,0.0,False,True
4508042902_00050,66.0,66.0,66.0,True,0.0,False,True
4508042909_00010,39.0,39.0,39.0,True,0.0,False,False
4508042909_00020,9.0,9.0,9.0,True,0.0,False,False
4508042930_00010,4431.0,4431.0,4431.0,True,0.0,False,True
4508042949_00060,727.0,727.0,727.0,True,0.0,False,True
4508042949_00070,969.0,969.0,969.0,True,0.0,False,True
4508042949_00090,969.0,969.0,969.0,True,0.0,False,True
4508042949_00100,969.0,969.0,969.0,True,0.0,False,True
4508042961_00010,1693.0,1693.0,1693.0,True,0.0,False,True
4508042967_00001,3346.0,220857.0,3346.0,False,217511.0,False,True
4508042999_00080,724.0,724.0,724.0,True,0.0,False,True
4508042999_00090,177.0,177.0,177.0,True,0.0,True,True
4508043014_00070,113.0,113.0,113.0,True,0.0,False,True
4508043014_00080,342.0,342.0,342.0,True,0.0,False,True
4508043014_00090,684.0,684.0,684.0,True,0.0,False,True
4508043034_00020,988.0,988.0,988.0,True,0.0,False,True
4508043034_00030,475.0,475.0,475.0,True,0.0,False,True
4508043034_00040,1031.0,1031.0,1031.0,True,0.0,True,True
4508043034_00050,1124.0,1124.0,1124.0,True,0.0,False,True
4508043036_00010,1847.0,1847.0,1847.0,True,0.0,False,True
4508043036_00040,208.0,208.0,208.0,True,0.0,False,True
4508043036_00050,41.0,41.0,41.0,True,0.0,False,True
4508043036_00060,28.0,28.0,28.0,True,0.0,False,True
4508043036_00070,2645.0,2645.0,2645.0,True,0.0,False,True
4508043036_00080,809.0,809.0,809.0,True,0.0,False,True
4508043037_00010,959.0,959.0,959.0,True,0.0,True,True
4508043037_00020,1188.0,1188.0,1188.0,True,0.0,False,True
4508043040_00120,827.0,827.0,827.0,True,0.0,False,True
4508043040_00130,413.0,413.0,413.0,True,0.0,False,True
4508043040_00140,413.0,413.0,413.0,True,0.0,False,True
4508043040_00150,290.0,290.0,290.0,True,0.0,False,True
4508043040_00160,104.0,104.0,104.0,True,0.0,False,True
4508043040_00170,59.0,59.0,59.0,True,0.0,False,True
4508043040_00180,138.0,138.0,138.0,True,0.0,False,True
4508043040_00190,34.0,34.0,34.0,True,0.0,False,True
4508043040_00230,290.0,290.0,290.0,True,0.0,False,True
4508043040_00240,676.0,676.0,676.0,True,0.0,False,True
4508043040_00250,181.0,181.0,181.0,True,0.0,False,True
4508043040_00260,172.0,172.0,172.0,True,0.0,False,True
4508043040_00270,172.0,172.0,172.0,True,0.0,False,True
4508043041_00050,1402.0,1402.0,1402.0,True,0.0,False,True
4508043041_00060,661.0,661.0,661.0,True,0.0,False,True
4508043042_00010,89.0,89.0,89.0,True,0.0,False,True
4508043046_00070,775.0,775.0,775.0,True,0.0,True,True
4508043046_00080,2617.0,2617.0,2617.0,True,0.0,True,True
4508043046_00210,608.0,608.0,608.0,True,0.0,True,True
4508043046_00220,861.0,861.0,861.0,True,0.0,True,True
4508043046_00230,14653.0,14653.0,14653.0,True,0.0,True,True
4508043046_00250,775.0,775.0,775.0,True,0.0,True,True
4508043046_00260,1738.0,1738.0,1738.0,True,0.0,True,True
4508043046_00280,869.0,869.0,869.0,True,0.0,True,True
4508043046_00310,757.0,757.0,757.0,True,0.0,True,True
4508043046_00320,869.0,869.0,869.0,True,0.0,True,True
4508043046_00410,1723.0,1723.0,1723.0,True,0.0,True,True
4508043046_00430,654.0,654.0,654.0,True,0.0,True,True
4508043085_00010,10429.0,10429.0,10429.0,True,0.0,False,True
4508043090_00010,660.0,660.0,660.0,True,0.0,False,True
4508043109_00010,4905.0,4905.0,4905.0,True,0.0,False,True
4508043112_00020,1603.0,1603.0,1603.0,True,0.0,False,True
4508043191_00010,313.0,313.0,313.0,True,0.0,False,True
4508043200_00010,1784.0,1784.0,1784.0,True,0.0,False,True
4508043210_00010,5343.0,5343.0,5343.0,True,0.0,True,True
4508043221_00010,9774.0,9774.0,9774.0,True,0.0,False,True
4508043256_00250,256.0,256.0,256.0,True,0.0,True,True
4508043256_00540,245.0,245.0,245.0,True,0.0,True,True
4508043264_00020,5.0,5.0,5.0,True,0.0,False,True
4508043267_00020,267.0,267.0,267.0,True,0.0,False,True
4508043299_00040,442.0,442.0,442.0,True,0.0,True,True
4508043308_00010,571.0,571.0,571.0,True,0.0,False,True
4508043316_00010,345.0,345.0,345.0,True,0.0,False,True
4508043316_00020,1347.0,1347.0,1347.0,True,0.0,False,True
4508043316_00030,497.0,497.0,497.0,True,0.0,False,True
4508043316_00040,898.0,898.0,898.0,True,0.0,False,True
4508043316_00050,4067.0,4067.0,4067.0,True,0.0,False,True
4508043316_00080,1068.0,1068.0,1068.0,True,0.0,False,True
4508043319_00030,27.0,27.0,27.0,True,0.0,False,True
4508043319_00040,148.0,148.0,148.0,True,0.0,False,True
4508043319_00050,393.0,393.0,393.0,True,0.0,False,True
4508043319_00060,39.0,39.0,39.0,True,0.0,False,True
4508043319_00070,122.0,122.0,122.0,True,0.0,False,True
4508043319_00100,59.0,59.0,59.0,True,0.0,False,True
4508043319_00110,58.0,58.0,58.0,True,0.0,False,True
4508043319_00380,63.0,63.0,63.0,True,0.0,False,True
4508043321_00040,316.0,316.0,316.0,True,0.0,True,True
4508043340_00100,1130.0,1130.0,1130.0,True,0.0,True,True
4508043357_00010,12470.0,12470.0,12470.0,True,0.0,False,True
4508043387_00010,121.0,121.0,121.0,True,0.0,False,True
4508043387_00020,121.0,121.0,121.0,True,0.0,False,True
4508043410_00010,3008.0,3008.0,3008.0,True,0.0,False,True
4508043414_00010,90.0,90.0,90.0,True,0.0,False,True
4508043422_00020,2073.0,2073.0,2073.0,True,0.0,False,True
4508043473_00010,79.0,79.0,79.0,True,0.0,False,False
4508043496_00010,2203.0,2203.0,2203.0,True,0.0,True,True
4508043511_00020,21329.0,21329.0,21329.0,True,0.0,False,True
4508043512_00010,33516.0,33516.0,33516.0,True,0.0,True,True
4508043533_00001,755.0,495621.0,5288.0,False,494866.0,False,True
4508043564_00010,19.0,19.0,19.0,True,0.0,False,False
4508043579_00020,103.0,103.0,103.0,True,0.0,False,False
4508043623_00010,5718.0,5718.0,5718.0,True,0.0,True,True
4508043624_00010,15274.0,15274.0,15274.0,True,0.0,True,True
4508043627_00010,15274.0,15274.0,15274.0,True,0.0,True,True
4508043702_00070,130.0,130.0,130.0,True,0.0,False,True
4508043702_00080,179.0,179.0,179.0,True,0.0,False,True
4508043702_00090,386.0,386.0,386.0,True,0.0,False,True
4508043702_00100,386.0,386.0,386.0,True,0.0,False,True
4508043702_00110,361.0,361.0,361.0,True,0.0,False,True
4508043702_00120,775.0,775.0,775.0,True,0.0,False,True
4508043702_00190,260.0,260.0,260.0,True,0.0,False,True
4508043702_00200,179.0,179.0,179.0,True,0.0,False,True
4508043702_00210,260.0,260.0,260.0,True,0.0,False,True
4508043702_00220,1085.0,1085.0,1085.0,True,0.0,False,True
4508043729_00010,10413.0,10413.0,10413.0,True,0.0,True,True
4508043786_00001,75.0,75.0,75.0,True,0.0,False,True
4508043815_00010,44.0,44.0,44.0,True,0.0,True,True
4508043815_00020,70.0,70.0,70.0,True,0.0,True,True
4508043815_00030,174.0,174.0,174.0,True,0.0,True,True
4508043815_00070,54.0,54.0,54.0,True,0.0,True,True
4508043815_00090,62.0,62.0,62.0,True,0.0,True,True
4508043815_00170,22.0,22.0,22.0,True,0.0,True,True
4508043815_00180,66.0,66.0,66.0,True,0.0,True,True
4508043815_00190,99.0,99.0,99.0,True,0.0,True,True
4508043815_00210,84.0,84.0,84.0,True,0.0,True,True
4508043817_00040,2503.0,2503.0,2503.0,True,0.0,False,True
4508043819_00010,27678.0,27678.0,27678.0,True,0.0,False,True
4508043895_00020,417.0,417.0,417.0,True,0.0,False,True
4508043896_00010,4009.0,4009.0,4009.0,True,0.0,False,True
4508043930_00050,182.0,182.0,182.0,True,0.0,False,True
4508043959_00010,36871.0,36871.0,36871.0,True,0.0,False,True
4508043961_00010,39449.0,39449.0,39449.0,True,0.0,False,True
4508043962_00010,39449.0,39449.0,39449.0,True,0.0,True,True
4508043965_00010,55744.0,55744.0,55744.0,True,0.0,False,True
4508043967_00010,55744.0,55744.0,55744.0,True,0.0,False,True
4508043970_00080,211.0,211.0,211.0,True,0.0,False,True
4508043970_00090,260.0,260.0,260.0,True,0.0,False,True
4508043970_00100,179.0,179.0,179.0,True,0.0,False,True
4508043970_00110,179.0,179.0,179.0,True,0.0,False,True
4508043970_00160,601.0,601.0,601.0,True,0.0,False,True
4508043974_00010,38174.0,38174.0,38174.0,True,0.0,True,True
4508044022_00010,228.0,228.0,228.0,True,0.0,False,True
4508044037_00010,997.0,997.0,997.0,True,0.0,False,True
4508044038_00010,988.0,988.0,988.0,True,0.0,False,True
4508044038_00020,7873.0,7873.0,7873.0,True,0.0,False,True
4508044038_00030,955.0,955.0,955.0,True,0.0,False,True
4508044039_00010,1068.0,1068.0,1068.0,True,0.0,False,True
4508044040_00020,1887.0,1887.0,1887.0,True,0.0,True,True
4508044040_00030,572.0,572.0,572.0,True,0.0,True,True
4508044041_00010,923.0,923.0,923.0,True,0.0,False,True
4508044041_00030,41.0,41.0,41.0,True,0.0,False,True
4508044041_00040,62.0,62.0,62.0,True,0.0,False,True
4508044041_00050,1454.0,1454.0,1454.0,True,0.0,True,True
4508044042_00010,1033.0,1033.0,1033.0,True,0.0,True,True
4508044043_00080,413.0,413.0,413.0,True,0.0,True,True
4508044043_00150,181.0,181.0,181.0,True,0.0,False,True
4508044043_00160,506.0,506.0,506.0,True,0.0,True,True
4508044043_00170,181.0,181.0,181.0,True,0.0,True,True
4508044043_00180,165.0,165.0,165.0,True,0.0,False,True
4508044043_00200,172.0,172.0,172.0,True,0.0,True,True
4508044043_00210,172.0,172.0,172.0,True,0.0,True,True
4508044043_00220,85.0,85.0,85.0,True,0.0,False,True
4508044043_00230,85.0,85.0,85.0,True,0.0,False,True
4508044044_00040,701.0,701.0,701.0,True,0.0,False,True
4508044044_00080,826.0,826.0,826.0,True,0.0,False,True
4508044045_00050,431.0,431.0,431.0,True,0.0,True,True
4508044062_00001,629.0,441967.0,5036.0,False,441338.0,False,True
4508044066_00001,159.0,159.0,159.0,True,0.0,False,True
4508044094_00120,39.0,39.0,39.0,True,0.0,False,True
4508044113_00010,16872.0,16872.0,16872.0,True,0.0,True,True
4508044117_00020,99.0,99.0,99.0,True,0.0,False,True
4508044118_00030,121.0,121.0,121.0,True,0.0,False,True
4508044137_00020,40.0,40.0,40.0,True,0.0,False,True
4508044166_00010,2992.0,2992.0,2992.0,True,0.0,False,True
4508044166_00020,140.0,140.0,140.0,True,0.0,False,True
4508044166_00030,400.0,400.0,400.0,True,0.0,False,True
4508044166_00040,61.0,61.0,61.0,True,0.0,False,True
4508044171_00050,15.0,15.0,15.0,True,0.0,False,True
4508044177_00040,938.0,938.0,938.0,True,0.0,True,True
4508044184_00080,7.0,7.0,7.0,True,0.0,True,True
4508044196_00010,340.0,340.0,340.0,True,0.0,False,True
4508044196_00020,283.0,283.0,283.0,True,0.0,False,True
4508044196_00030,339.0,339.0,339.0,True,0.0,False,True
4508044196_00040,818.0,818.0,818.0,True,0.0,False,True
4508044196_00050,100.0,100.0,100.0,True,0.0,False,True
4508044196_00060,660.0,660.0,660.0,True,0.0,False,True
4508044201_00020,57.0,57.0,57.0,True,0.0,True,True
4508044218_00160,5218.0,5218.0,5218.0,True,0.0,True,True
4508044262_00010,174.0,174.0,174.0,True,0.0,True,True
4508044332_00080,391.0,391.0,391.0,True,0.0,False,True
4508044343_00010,3008.0,3008.0,3008.0,True,0.0,False,True
4508044352_00020,7794.0,7794.0,7794.0,True,0.0,False,True
4508044352_00030,8293.0,8293.0,8293.0,True,0.0,False,True
4508044352_00050,2719.0,2719.0,2719.0,True,0.0,False,True
4508044367_00030,1375.0,1375.0,1375.0,True,0.0,True,True
4508044368_00020,969.0,969.0,969.0,True,0.0,False,True
4508044390_00010,420.0,420.0,420.0,True,0.0,False,True
4508044407_00001,2851.0,918080.0,11404.0,False,915229.0,False,True
4508044413_00001,249.0,249.0,249.0,True,0.0,False,True
4508044432_00050,1087.0,1087.0,1087.0,True,0.0,False,True
4508044435_00020,136.0,136.0,136.0,True,0.0,False,True
4508044465_00020,417.0,417.0,417.0,True,0.0,False,True
4508044466_00010,2920.0,2920.0,2920.0,True,0.0,False,True
4508044485_00010,39937.0,39937.0,39937.0,True,0.0,False,True
4508044530_00010,1275.0,1275.0,1275.0,True,0.0,False,True
4508044573_00010,834.0,834.0,834.0,True,0.0,False,True
4508044574_00010,19724.0,19724.0,19724.0,True,0.0,False,True
4508044608_00100,21.0,21.0,21.0,True,0.0,False,True
4508044608_00140,98.0,98.0,98.0,True,0.0,True,True
4508044608_00150,99.0,99.0,99.0,True,0.0,True,True
4508044608_00160,335.0,335.0,335.0,True,0.0,True,True
4508044608_00170,32.0,32.0,32.0,True,0.0,False,True
4508044608_00180,29.0,29.0,29.0,True,0.0,False,True
4508044608_00190,233.0,233.0,233.0,True,0.0,False,True
4508044608_00200,412.0,412.0,412.0,True,0.0,False,True
4508044608_00470,33.0,33.0,33.0,True,0.0,False,True
4508044628_00020,680.0,680.0,680.0,True,0.0,False,True
4508044628_00030,5.0,5.0,5.0,True,0.0,False,True
4508044629_00040,238.0,238.0,238.0,True,0.0,True,True
4508044631_00030,513.0,513.0,513.0,True,0.0,True,True
4508044632_00020,71.0,71.0,71.0,True,0.0,False,True
4508044636_00010,8660.0,8660.0,8660.0,True,0.0,False,True
4508044680_00010,400.0,400.0,400.0,True,0.0,False,True
4508044681_00010,997.0,997.0,997.0,True,0.0,False,True
4508044766_00001,956.0,829307.0,8608.0,False,828351.0,False,True
4508044798_00210,183.0,183.0,183.0,True,0.0,False,True
4508044798_00220,59.0,59.0,59.0,True,0.0,False,True
4508044798_00230,126.0,126.0,126.0,True,0.0,False,True
4508044940_00010,1717.0,1717.0,1717.0,True,0.0,False,True
4508044943_00020,1297.0,1297.0,1297.0,True,0.0,True,True
4508044958_00040,377.0,377.0,377.0,True,0.0,True,True
4508044958_00050,1943.0,1943.0,1943.0,True,0.0,True,True
4508044958_00080,1018.0,1018.0,1018.0,True,0.0,True,True
4508044958_00090,145.0,145.0,145.0,True,0.0,True,True
4508044981_00010,42736.0,42736.0,42736.0,True,0.0,False,True
4508044985_00010,55744.0,55744.0,55744.0,True,0.0,False,True
4508045002_00010,38174.0,38174.0,38174.0,True,0.0,True,True
4508045013_00010,938.0,938.0,938.0,True,0.0,True,True
4508045017_00010,58273.0,58273.0,58273.0,True,0.0,True,True
4508045018_00010,1057.0,1057.0,1057.0,True,0.0,False,True
4508045033_00020,6373.0,6373.0,6373.0,True,0.0,False,True
4508045033_00030,1502.0,1502.0,1502.0,True,0.0,False,True
4508045033_00040,964.0,964.0,964.0,True,0.0,True,True
4508045035_00010,953.0,953.0,953.0,True,0.0,False,True
4508045036_00010,4363.0,4363.0,4363.0,True,0.0,False,True
4508045036_00020,5051.0,5051.0,5051.0,True,0.0,False,False
4508045037_00010,288.0,288.0,288.0,True,0.0,False,True
4508045037_00020,1898.0,1898.0,1898.0,True,0.0,False,True
4508045039_00070,413.0,413.0,413.0,True,0.0,False,True
4508045039_00110,85.0,85.0,85.0,True,0.0,False,True
4508045039_00120,34.0,34.0,34.0,True,0.0,False,True
4508045039_00130,172.0,172.0,172.0,True,0.0,False,True
4508045039_00140,172.0,172.0,172.0,True,0.0,False,True
4508045039_00150,110.0,110.0,110.0,True,0.0,False,True
4508045039_00190,172.0,172.0,172.0,True,0.0,False,True
4508045039_00200,138.0,138.0,138.0,True,0.0,False,True
4508045039_00210,138.0,138.0,138.0,True,0.0,False,True
4508045039_00220,172.0,172.0,172.0,True,0.0,False,True
4508045039_00230,63.0,63.0,63.0,True,0.0,False,True
4508045039_00240,63.0,63.0,63.0,True,0.0,False,True
4508045039_00270,85.0,85.0,85.0,True,0.0,False,True
4508045040_00010,7094.0,7094.0,7094.0,True,0.0,False,True
4508045040_00020,1296.0,1296.0,1296.0,True,0.0,False,True
4508045041_00080,1437.0,1437.0,1437.0,True,0.0,True,True
4508045042_00020,358.0,358.0,358.0,True,0.0,False,True
4508045044_00150,1292.0,1292.0,1292.0,True,0.0,True,True
4508045044_00160,861.0,861.0,861.0,True,0.0,True,True
4508045046_00010,8149.0,8149.0,8149.0,True,0.0,True,True
4508045046_00020,301.0,301.0,301.0,True,0.0,True,True
4508045046_00030,267.0,267.0,267.0,True,0.0,True,True
4508045047_00010,692.0,692.0,692.0,True,0.0,True,False
4508045054_00020,180.0,180.0,180.0,True,0.0,True,True
4508045056_00010,3000.0,3000.0,3000.0,True,0.0,True,True
4508045056_00020,6276.0,6276.0,6276.0,True,0.0,True,True
4508045058_00010,9266.0,9266.0,9266.0,True,0.0,False,True
4508045059_00010,9663.0,9663.0,9663.0,True,0.0,True,True
4508045070_00001,79.0,79.0,79.0,True,0.0,False,True
4508045094_00010,44.0,44.0,44.0,True,0.0,True,True
4508045094_00020,22.0,22.0,22.0,True,0.0,True,True
4508045094_00060,898.0,898.0,898.0,True,0.0,False,True
4508045094_00090,66.0,66.0,66.0,True,0.0,True,True
4508045094_00100,245.0,245.0,245.0,True,0.0,True,True
4508045094_00170,161.0,161.0,161.0,True,0.0,True,True
4508045094_00180,335.0,335.0,335.0,True,0.0,True,True
4508045174_00010,23122.0,23122.0,23122.0,True,0.0,False,True
4508045198_00010,242.0,242.0,242.0,True,0.0,True,True
4508045198_00020,96.0,96.0,96.0,True,0.0,True,True
4508045198_00030,259.0,259.0,259.0,True,0.0,True,True
4508045264_00080,130.0,130.0,130.0,True,0.0,False,True
4508045264_00090,410.0,410.0,410.0,True,0.0,False,True
4508045264_00100,361.0,361.0,361.0,True,0.0,False,True
4508045264_00170,211.0,211.0,211.0,True,0.0,False,True
4508045264_00180,130.0,130.0,130.0,True,0.0,False,True
4508045289_00120,182.0,182.0,182.0,True,0.0,False,True
4508045296_00010,26.0,26.0,26.0,True,0.0,False,True
4508045296_00020,171.0,171.0,171.0,True,0.0,False,True
4508045313_00030,2641.0,2641.0,2641.0,True,0.0,True,True
4508045313_00060,6282.0,6282.0,6282.0,True,0.0,True,True
4508045324_00020,2883.0,2883.0,2883.0,True,0.0,False,True
4508045330_00010,8584.0,8584.0,8584.0,True,0.0,False,True
4508045346_00010,20195.0,20195.0,20195.0,True,0.0,True,True
4508045381_00001,728.0,560585.0,5824.0,False,559857.0,False,True
4508045385_00001,87.0,87.0,87.0,True,0.0,False,True
4508045421_00220,27.0,27.0,27.0,True,0.0,False,True
4508045428_00050,203.0,203.0,203.0,True,0.0,True,True
4508045429_00030,340.0,340.0,340.0,True,0.0,True,True
4508045432_00030,762.0,762.0,762.0,True,0.0,True,True
4508045433_00010,2837.0,2837.0,2837.0,True,0.0,False,True
4508045433_00020,849.0,849.0,849.0,True,0.0,False,True
4508045435_00010,2624.0,2624.0,2624.0,True,0.0,False,True
4508045435_00020,5137.0,5137.0,5137.0,True,0.0,False,True
4508045435_00030,5940.0,5940.0,5940.0,True,0.0,False,True
4508045435_00040,5023.0,5023.0,5023.0,True,0.0,False,True
4508045452_00130,2808.0,2808.0,2808.0,True,0.0,False,True
4508045542_00010,7101.0,7101.0,7101.0,True,0.0,True,True
4508045553_00010,6376.0,6376.0,6376.0,True,0.0,True,True
4508045554_00010,6523.0,6523.0,6523.0,True,0.0,True,True
4508045555_00010,5611.0,5611.0,5611.0,True,0.0,True,True
4508045556_00010,6376.0,6376.0,6376.0,True,0.0,False,True
4508045557_00010,6376.0,6376.0,6376.0,True,0.0,False,True
4508045563_00010,17929.0,17929.0,17929.0,True,0.0,True,True
4508045565_00010,34912.0,34912.0,34912.0,True,0.0,True,True
4508045569_00010,24159.0,24159.0,24159.0,True,0.0,True,True
4508045579_00010,1057.0,1057.0,1057.0,True,0.0,False,True
4508045594_00010,221.0,221.0,221.0,True,0.0,False,True
4508045607_00070,647.0,647.0,647.0,True,0.0,True,True
4508045629_00010,592.0,592.0,592.0,True,0.0,False,True
4508045657_00010,9739.0,9739.0,9739.0,True,0.0,False,True
4508045711_00090,594.0,594.0,594.0,True,0.0,False,True
4508045711_00100,130.0,130.0,130.0,True,0.0,False,True
4508045711_00110,260.0,260.0,260.0,True,0.0,False,True
4508045711_00120,130.0,130.0,130.0,True,0.0,False,True
4508045711_00130,361.0,361.0,361.0,True,0.0,False,True
4508045712_00010,138.0,138.0,138.0,True,0.0,False,True
4508045712_00020,44.0,44.0,44.0,True,0.0,False,True
4508045724_00001,286.0,286.0,286.0,True,0.0,False,True
4508045752_00050,724.0,724.0,724.0,True,0.0,False,True
4508045754_00010,26.0,26.0,26.0,True,0.0,True,True
4508045754_00020,26.0,26.0,26.0,True,0.0,True,True
4508045754_00030,2182.0,2182.0,2182.0,True,0.0,False,True
4508045754_00040,8.0,8.0,8.0,True,0.0,True,True
4508045754_00060,77.0,77.0,77.0,True,0.0,True,True
4508045754_00070,123.0,123.0,123.0,True,0.0,True,True
4508045754_00080,99.0,99.0,99.0,True,0.0,True,True
4508045754_00090,245.0,245.0,245.0,True,0.0,True,True
4508045754_00120,518.0,518.0,518.0,True,0.0,True,True
4508045754_00170,555.0,555.0,555.0,True,0.0,True,True
4508045777_00010,10911.0,10911.0,10911.0,True,0.0,False,True
4508045796_00010,681.0,681.0,681.0,True,0.0,False,True
4508045888_00050,883.0,883.0,883.0,True,0.0,True,True
4508045888_00060,1496.0,1496.0,1496.0,True,0.0,True,True
4508045943_00020,988.0,988.0,988.0,True,0.0,False,True
4508045943_00030,507.0,507.0,507.0,True,0.0,False,True
4508045943_00040,16411.0,16411.0,16411.0,True,0.0,False,True
4508045943_00050,3165.0,3165.0,3165.0,True,0.0,False,True
4508045943_00060,1663.0,1663.0,1663.0,True,0.0,False,True
4508045943_00070,3193.0,3193.0,3193.0,True,0.0,True,True
4508045943_00080,493.0,493.0,493.0,True,0.0,True,True
4508045945_00010,4003.0,4003.0,4003.0,True,0.0,True,True
4508045945_00020,1025.0,1025.0,1025.0,True,0.0,False,True
4508045945_00030,2792.0,2792.0,2792.0,True,0.0,True,True
4508045946_00020,1862.0,1862.0,1862.0,True,0.0,False,True
4508045946_00030,288.0,288.0,288.0,True,0.0,False,True
4508045947_00020,377.0,377.0,377.0,True,0.0,True,True
4508045947_00030,2785.0,2785.0,2785.0,True,0.0,True,True
4508045951_00220,413.0,413.0,413.0,True,0.0,True,True
4508045951_00230,413.0,413.0,413.0,True,0.0,True,True
4508045951_00350,870.0,870.0,870.0,True,0.0,False,True
4508045951_00360,34.0,34.0,34.0,True,0.0,False,True
4508045951_00370,63.0,63.0,63.0,True,0.0,False,True
4508045951_00380,63.0,63.0,63.0,True,0.0,False,True
4508045951_00450,676.0,676.0,676.0,True,0.0,False,True
4508045951_00460,806.0,806.0,806.0,True,0.0,True,True
4508045951_00470,181.0,181.0,181.0,True,0.0,False,True
4508045951_00480,331.0,331.0,331.0,True,0.0,False,True
4508045951_00490,119.0,119.0,119.0,True,0.0,False,True
4508045951_00500,578.0,578.0,578.0,True,0.0,False,True
4508045951_00510,207.0,207.0,207.0,True,0.0,False,True
4508045951_00520,63.0,63.0,63.0,True,0.0,False,True
4508045953_00020,552.0,552.0,552.0,True,0.0,False,True
4508045953_00030,1252.0,1252.0,1252.0,True,0.0,False,True
4508045953_00040,3402.0,3402.0,3402.0,True,0.0,False,True
4508045954_00020,89.0,89.0,89.0,True,0.0,False,True
4508045954_00030,268.0,268.0,268.0,True,0.0,False,True
4508045955_00010,532.0,532.0,532.0,True,0.0,False,True
4508045955_00180,680.0,680.0,680.0,True,0.0,False,True
4508045957_00060,627.0,627.0,627.0,True,0.0,True,True
4508045958_00020,4308.0,4308.0,4308.0,True,0.0,False,True
4508045958_00030,1292.0,1292.0,1292.0,True,0.0,False,True
4508045958_00040,2095.0,2095.0,2095.0,True,0.0,False,True
4508045959_00080,431.0,431.0,431.0,True,0.0,True,True
4508045959_00120,11205.0,11205.0,11205.0,True,0.0,True,True
4508045960_00150,1477.0,1477.0,1477.0,True,0.0,True,True
4508045960_00160,5816.0,5816.0,5816.0,True,0.0,True,True
4508045960_00170,861.0,861.0,861.0,True,0.0,True,True
4508045960_00180,861.0,861.0,861.0,True,0.0,True,True
4508045960_00190,1723.0,1723.0,1723.0,True,0.0,True,True
4508045961_00010,2020.0,2020.0,2020.0,True,0.0,False,True
4508045966_00010,8494.0,8494.0,8494.0,True,0.0,True,True
4508045969_00010,270.0,270.0,270.0,True,0.0,False,True
4508045969_00020,766.0,766.0,766.0,True,0.0,False,True
4508045970_00020,837.0,837.0,837.0,True,0.0,True,True
4508045974_00010,3983.0,3983.0,3983.0,True,0.0,True,True
4508046013_00020,204.0,204.0,204.0,True,0.0,False,True
4508046024_00040,50.0,50.0,50.0,True,0.0,True,True
4508046028_00130,4023.0,4023.0,4023.0,True,0.0,True,True
4508046066_00020,457.0,457.0,457.0,True,0.0,False,True
4508046068_00030,1467.0,1467.0,1467.0,True,0.0,False,True
4508046081_00040,183.0,183.0,183.0,True,0.0,True,True
4508046089_00010,1773.0,1773.0,1773.0,True,0.0,False,True
4508046089_00020,2069.0,2069.0,2069.0,True,0.0,False,True
4508046089_00030,495.0,495.0,495.0,True,0.0,False,True
4508046160_00010,13232.0,13232.0,13232.0,True,0.0,False,True
4508046160_00020,8584.0,8584.0,8584.0,True,0.0,True,True
4508046177_00010,7485.0,7485.0,7485.0,True,0.0,True,True
4508046186_00010,2920.0,2920.0,2920.0,True,0.0,False,True
4508046188_00010,399.0,399.0,399.0,True,0.0,False,True
4508046231_00010,16141.0,16141.0,16141.0,True,0.0,True,True
4508046300_00010,498.0,498.0,498.0,True,0.0,False,True
4508046315_00001,841.0,630799.0,6728.0,False,629958.0,False,True
4508046317_00001,45.0,90.0,45.0,False,45.0,False,True
4508046359_00010,57881.0,57881.0,57881.0,True,0.0,True,True
4508046371_00030,207.0,207.0,207.0,True,0.0,False,True
4508046371_00050,590.0,590.0,590.0,True,0.0,False,True
4508046385_00010,7601.0,7601.0,7601.0,True,0.0,False,True
4508046396_00020,66.0,66.0,66.0,True,0.0,False,True
4508046447_00010,23122.0,23122.0,23122.0,True,0.0,False,True
4508046464_00010,36871.0,36871.0,36871.0,True,0.0,False,True
4508046465_00010,1942.0,1942.0,1942.0,True,0.0,False,True
4508046482_00010,6910.0,6910.0,6910.0,True,0.0,False,True
4508046482_00030,2764.0,2764.0,2764.0,True,0.0,False,True
4508046482_00040,1382.0,1382.0,1382.0,True,0.0,False,True
4508046482_00050,7601.0,7601.0,7601.0,True,0.0,False,True
4508046482_00060,6910.0,6910.0,6910.0,True,0.0,False,True
4508046482_00070,2764.0,2764.0,2764.0,True,0.0,False,True
4508046618_00010,4836.0,4836.0,4836.0,True,0.0,True,True
4508046625_00020,60.0,60.0,60.0,True,0.0,True,True
4508046625_00030,38.0,38.0,38.0,True,0.0,True,True
4508046625_00040,74.0,74.0,74.0,True,0.0,True,True
4508046625_00100,49.0,49.0,49.0,True,0.0,False,True
4508046625_00110,49.0,49.0,49.0,True,0.0,False,True
4508046625_00130,49.0,49.0,49.0,True,0.0,False,True
4508046625_00230,47.0,47.0,47.0,True,0.0,False,True
4508046625_00240,204.0,204.0,204.0,True,0.0,True,True
4508046625_00250,245.0,245.0,245.0,True,0.0,True,True
4508046632_00010,50.0,50.0,50.0,True,0.0,False,True
4508046710_00050,535.0,535.0,535.0,True,0.0,False,True
4508046745_00010,498.0,498.0,498.0,True,0.0,False,True
4508046756_00010,55744.0,55744.0,55744.0,True,0.0,True,True
4508046761_00010,39449.0,39449.0,39449.0,True,0.0,False,True
4508046764_00010,38174.0,38174.0,38174.0,True,0.0,True,True
4508046783_00010,277.0,277.0,277.0,True,0.0,False,True
4508046795_00001,833.0,644751.0,6664.0,False,643918.0,False,True
4508046824_00070,524.0,524.0,524.0,True,0.0,False,True
4508046827_00040,4286.0,4286.0,4286.0,True,0.0,True,True
4508046834_00010,22.0,22.0,22.0,True,0.0,False,True
4508046886_00030,62.0,62.0,62.0,True,0.0,True,True
4508046910_00010,828.0,828.0,828.0,True,0.0,True,True
4508046910_00020,602.0,602.0,602.0,True,0.0,True,True
4508046910_00030,2147.0,2147.0,2147.0,True,0.0,True,True
4508046926_00010,42736.0,42736.0,42736.0,True,0.0,False,True
4508046930_00010,70148.0,280592.0,280592.0,False,210444.0,True,True
4508046940_00030,211.0,211.0,211.0,True,0.0,False,True
4508046940_00040,361.0,361.0,361.0,True,0.0,False,True
4508046940_00050,260.0,260.0,260.0,True,0.0,False,True
4508046940_00140,290.0,290.0,290.0,True,0.0,False,True
4508046940_00190,263.0,263.0,263.0,True,0.0,False,True
4508046940_00230,263.0,263.0,263.0,True,0.0,False,True
4508046940_00240,221.0,221.0,221.0,True,0.0,False,True
4508046940_00250,260.0,260.0,260.0,True,0.0,False,True
4508046940_00260,521.0,521.0,521.0,True,0.0,False,True
4508046940_00330,260.0,260.0,260.0,True,0.0,False,True
4508046940_00340,260.0,260.0,260.0,True,0.0,False,True
4508046940_00350,260.0,260.0,260.0,True,0.0,False,True
4508046943_00010,543.0,543.0,543.0,True,0.0,False,True
4508046991_00010,2502.0,2502.0,2502.0,True,0.0,False,True
4508046992_00020,417.0,417.0,417.0,True,0.0,False,True
4508047003_00010,1039.0,1039.0,1039.0,True,0.0,False,True
4508047005_00010,308.0,308.0,308.0,True,0.0,False,True
4508047008_00001,25.0,233.0,25.0,False,208.0,False,True
4508047030_00010,898.0,898.0,898.0,True,0.0,False,True
4508047030_00060,114.0,114.0,114.0,True,0.0,True,True
4508047030_00080,293.0,293.0,293.0,True,0.0,False,True
4508047030_00090,174.0,174.0,174.0,True,0.0,False,True
4508047030_00100,174.0,174.0,174.0,True,0.0,False,True
4508047030_00110,8.0,8.0,8.0,True,0.0,False,True
4508047030_00120,83.0,83.0,83.0,True,0.0,False,True
4508047030_00130,66.0,66.0,66.0,True,0.0,True,True
4508047030_00150,449.0,449.0,449.0,True,0.0,False,True
4508047115_00010,400.0,400.0,400.0,True,0.0,False,True
4508047143_00040,263.0,263.0,263.0,True,0.0,False,True
4508047143_00050,260.0,260.0,260.0,True,0.0,False,True
4508047143_00060,263.0,263.0,263.0,True,0.0,False,True
4508047143_00070,521.0,521.0,521.0,True,0.0,False,True
4508047148_00010,3372.0,3372.0,3372.0,True,0.0,True,True
4508047148_00020,1067.0,1067.0,1067.0,True,0.0,True,True
4508047148_00030,234.0,234.0,234.0,True,0.0,True,True
4508047148_00040,234.0,234.0,234.0,True,0.0,True,True
4508047174_00020,4330.0,4330.0,4330.0,True,0.0,False,True
4508047176_00030,9872.0,9872.0,9872.0,True,0.0,False,False
4508047181_00010,3008.0,3008.0,3008.0,True,0.0,False,True
4508047182_00030,3430.0,3430.0,3430.0,True,0.0,False,True
4508047187_00010,9002.0,9002.0,9002.0,True,0.0,True,True
4508047191_00010,107955.0,107955.0,107955.0,True,0.0,True,True
4508047193_00010,2837.0,2837.0,2837.0,True,0.0,False,True
4508047202_00010,8293.0,8293.0,8293.0,True,0.0,False,True
4508047248_00001,34.0,68.0,34.0,False,34.0,False,True
4508047266_00030,88.0,88.0,88.0,True,0.0,True,True
4508047266_00040,99.0,99.0,99.0,True,0.0,True,True
4508047266_00050,65.0,65.0,65.0,True,0.0,False,True
4508047266_00060,32.0,32.0,32.0,True,0.0,False,True
4508047278_00030,863.0,863.0,863.0,True,0.0,False,True
4508047280_00080,394.0,394.0,394.0,True,0.0,True,True
4508047281_00020,196.0,196.0,196.0,True,0.0,True,True
4508047282_00030,26.0,26.0,26.0,True,0.0,True,True
4508047389_00020,662.0,662.0,662.0,True,0.0,True,True
4508047389_00030,1754.0,1754.0,1754.0,True,0.0,False,True
4508047414_00030,361.0,361.0,361.0,True,0.0,False,True
4508047414_00040,260.0,260.0,260.0,True,0.0,False,True
4508047414_00050,443.0,443.0,443.0,True,0.0,False,True
4508047414_00060,445.0,445.0,445.0,True,0.0,False,True
4508047526_00040,1047.0,1047.0,1047.0,True,0.0,False,True
4508047536_00020,169.0,169.0,169.0,True,0.0,True,True
4508047536_00030,8998.0,8998.0,8998.0,True,0.0,False,True
4508047536_00040,3193.0,3193.0,3193.0,True,0.0,True,True
4508047537_00010,14655.0,14655.0,14655.0,True,0.0,True,True
4508047537_00020,301.0,301.0,301.0,True,0.0,True,True
4508047538_00010,9382.0,9382.0,9382.0,True,0.0,True,True
4508047539_00030,144.0,144.0,144.0,True,0.0,False,True
4508047539_00040,86.0,86.0,86.0,True,0.0,False,True
4508047539_00050,4946.0,4946.0,4946.0,True,0.0,True,True
4508047539_00060,294.0,294.0,294.0,True,0.0,True,True
4508047539_00070,2792.0,2792.0,2792.0,True,0.0,True,True
4508047539_00080,7274.0,7274.0,7274.0,True,0.0,True,True
4508047539_00090,88.0,88.0,88.0,True,0.0,False,True
4508047540_00010,4837.0,4837.0,4837.0,True,0.0,False,True
4508047542_00020,1577.0,1577.0,1577.0,True,0.0,True,False
4508047542_00030,340.0,340.0,340.0,True,0.0,True,True
4508047542_00040,1197.0,1197.0,1197.0,True,0.0,False,True
4508047554_00280,290.0,290.0,290.0,True,0.0,False,True
4508047554_00290,413.0,413.0,413.0,True,0.0,False,True
4508047554_00300,413.0,413.0,413.0,True,0.0,False,True
4508047554_00310,413.0,413.0,413.0,True,0.0,False,True
4508047554_00320,676.0,676.0,676.0,True,0.0,False,True
4508047554_00380,252.0,252.0,252.0,True,0.0,False,True
4508047554_00390,97.0,97.0,97.0,True,0.0,False,True
4508047554_00400,138.0,138.0,138.0,True,0.0,False,True
4508047554_00410,242.0,242.0,242.0,True,0.0,False,True
4508047554_00420,172.0,172.0,172.0,True,0.0,False,True
4508047554_00430,172.0,172.0,172.0,True,0.0,False,True
4508047554_00440,138.0,138.0,138.0,True,0.0,False,True
4508047554_00450,138.0,138.0,138.0,True,0.0,False,True
4508047554_00460,138.0,138.0,138.0,True,0.0,False,True
4508047554_00470,61.0,61.0,61.0,True,0.0,False,True
4508047554_00480,63.0,63.0,63.0,True,0.0,False,True
4508047554_00490,63.0,63.0,63.0,True,0.0,False,True
4508047554_00500,63.0,63.0,63.0,True,0.0,False,True
4508047554_00510,63.0,63.0,63.0,True,0.0,False,True
4508047554_00520,234.0,234.0,234.0,True,0.0,False,True
4508047554_00530,127.0,127.0,127.0,True,0.0,False,True
4508047554_00640,413.0,413.0,413.0,True,0.0,False,True
4508047554_00670,138.0,138.0,138.0,True,0.0,False,True
4508047554_00680,103.0,103.0,103.0,True,0.0,False,True
4508047554_00690,69.0,69.0,69.0,True,0.0,False,True
4508047555_00020,7094.0,7094.0,7094.0,True,0.0,False,True
4508047561_00100,2510.0,2510.0,2510.0,True,0.0,False,True
4508047561_00160,1565.0,1565.0,1565.0,True,0.0,False,True
4508047561_00230,1377.0,1377.0,1377.0,True,0.0,False,True
4508047571_00010,1501.0,1501.0,1501.0,True,0.0,True,True
4508047572_00010,358.0,358.0,358.0,True,0.0,False,True
4508047587_00080,861.0,861.0,861.0,True,0.0,True,True
4508047587_00090,861.0,861.0,861.0,True,0.0,True,True
4508047587_00100,431.0,431.0,431.0,True,0.0,True,True
4508047587_00110,869.0,869.0,869.0,True,0.0,True,True
4508047587_00210,1292.0,1292.0,1292.0,True,0.0,True,True
4508047587_00230,869.0,869.0,869.0,True,0.0,True,True
4508047589_00010,925.0,925.0,925.0,True,0.0,False,True
4508047601_00001,858.0,858.0,858.0,True,0.0,False,True
4508047639_00020,1533.0,1533.0,1533.0,True,0.0,False,True
4508047770_00010,122.0,122.0,122.0,True,0.0,False,True
4508047789_00010,1668.0,1668.0,1668.0,True,0.0,False,True
4508047859_00010,50.0,50.0,50.0,True,0.0,True,True
4508047860_00010,294.0,294.0,294.0,True,0.0,False,True
4508047860_00020,294.0,294.0,294.0,True,0.0,False,True
4508047868_00090,70.0,70.0,70.0,True,0.0,True,True
4508047868_00100,74.0,74.0,74.0,True,0.0,True,True
4508047868_00110,256.0,256.0,256.0,True,0.0,True,True
4508047868_00120,98.0,98.0,98.0,True,0.0,True,True
4508047868_00130,49.0,49.0,49.0,True,0.0,True,True
4508047868_00150,134.0,134.0,134.0,True,0.0,True,True
4508047933_00010,40356.0,40356.0,40356.0,True,0.0,False,True
4508047962_00010,45033.0,45033.0,45033.0,True,0.0,False,True
4508048053_00010,362.0,362.0,362.0,True,0.0,False,True
4508048073_00010,53780.0,53780.0,53780.0,True,0.0,True,True
4508048076_00010,12990.0,12990.0,12990.0,True,0.0,False,True
4508048080_00010,6017.0,6017.0,6017.0,True,0.0,False,True
4508048082_00010,1183.0,1183.0,1183.0,True,0.0,False,True
4508048097_00020,988.0,988.0,988.0,True,0.0,False,True
4508048097_00030,648.0,648.0,648.0,True,0.0,False,True
4508048098_00010,16299.0,16299.0,16299.0,True,0.0,False,True
4508048098_00020,22.0,22.0,22.0,True,0.0,False,True
4508048099_00010,238.0,238.0,238.0,True,0.0,False,True
4508048099_00030,754.0,754.0,754.0,True,0.0,False,True
4508048099_00040,443.0,443.0,443.0,True,0.0,False,True
4508048099_00050,1041.0,1041.0,1041.0,True,0.0,False,True
4508048100_00010,4003.0,4003.0,4003.0,True,0.0,False,True
4508048100_00030,83.0,83.0,83.0,True,0.0,False,True
4508048101_00010,6356.0,6356.0,6356.0,True,0.0,False,True
4508048102_00010,644.0,644.0,644.0,True,0.0,True,False
4508048102_00020,2284.0,2284.0,2284.0,True,0.0,True,False
4508048102_00030,1067.0,1067.0,1067.0,True,0.0,True,True
4508048102_00040,2786.0,2786.0,2786.0,True,0.0,True,True
4508048102_00050,2424.0,2424.0,2424.0,True,0.0,True,True
4508048102_00060,655.0,655.0,655.0,True,0.0,True,True
4508048104_00040,1811.0,1811.0,1811.0,True,0.0,False,True
4508048104_00070,907.0,907.0,907.0,True,0.0,False,True
4508048104_00080,415.0,415.0,415.0,True,0.0,False,True
4508048104_00180,104.0,104.0,104.0,True,0.0,False,True
4508048104_00190,119.0,119.0,119.0,True,0.0,False,True
4508048105_00040,576.0,576.0,576.0,True,0.0,False,True
4508048107_00070,431.0,431.0,431.0,True,0.0,True,True
4508048107_00080,2154.0,2154.0,2154.0,True,0.0,True,True
4508048159_00020,9.0,9.0,9.0,True,0.0,False,True
4508048162_00050,400.0,400.0,400.0,True,0.0,True,True
4508048174_00020,138.0,138.0,138.0,True,0.0,True,True
4508048177_00010,849.0,849.0,849.0,True,0.0,False,True
4508048177_00020,1517.0,1517.0,1517.0,True,0.0,False,True
4508048177_00030,2241.0,2241.0,2241.0,True,0.0,False,True
4508048186_00050,1189.0,1189.0,1189.0,True,0.0,False,True
4508048190_00060,865.0,865.0,865.0,True,0.0,True,True
4508048269_00010,260.0,260.0,260.0,True,0.0,False,True
4508048269_00020,367.0,367.0,367.0,True,0.0,False,True
4508048269_00110,1112.0,1112.0,1112.0,True,0.0,False,True
4508048269_00120,260.0,260.0,260.0,True,0.0,False,True
4508048285_00010,26103.0,26103.0,26103.0,True,0.0,True,True
4508048287_00010,6376.0,6376.0,6376.0,True,0.0,False,True
4508048288_00010,9026.0,9026.0,9026.0,True,0.0,True,True
4508048289_00010,7739.0,7739.0,7739.0,True,0.0,True,True
4508048289_00020,3294.0,3294.0,3294.0,True,0.0,False,True
4508048290_00010,6782.0,6782.0,6782.0,True,0.0,True,True
4508048291_00010,7182.0,7182.0,7182.0,True,0.0,True,True
4508048291_00020,7092.0,7092.0,7092.0,True,0.0,False,True
4508048312_00020,3141.0,3141.0,3141.0,True,0.0,True,True
4508048378_00010,4294.0,4294.0,4294.0,True,0.0,False,True
4508048387_00001,98.0,98.0,98.0,True,0.0,False,True
4508048409_00240,724.0,724.0,724.0,True,0.0,False,True
4508048409_00250,711.0,711.0,711.0,True,0.0,False,True
4508048410_00060,449.0,449.0,449.0,True,0.0,True,True
4508048410_00310,8.0,8.0,8.0,True,0.0,True,True
4508048410_00320,8.0,8.0,8.0,True,0.0,True,True
4508048410_00330,78.0,78.0,78.0,True,0.0,True,True
4508048410_00340,245.0,245.0,245.0,True,0.0,True,True
4508048410_00350,518.0,518.0,518.0,True,0.0,True,True
4508048410_00360,1347.0,1347.0,1347.0,True,0.0,True,True
4508048528_00010,578.0,578.0,578.0,True,0.0,False,True
4508048555_00010,15588.0,15588.0,15588.0,True,0.0,False,True
4508048565_00010,706.0,706.0,706.0,True,0.0,True,True
4508048565_00040,2830.0,2830.0,2830.0,True,0.0,False,True
4508048566_00010,532.0,532.0,532.0,True,0.0,False,True
4508048567_00010,4146.0,4146.0,4146.0,True,0.0,False,True
4508048568_00010,263.0,263.0,263.0,True,0.0,True,True
4508048569_00070,827.0,827.0,827.0,True,0.0,False,True
4508048570_00020,3194.0,3194.0,3194.0,True,0.0,True,True
4508048571_00010,1162.0,1162.0,1162.0,True,0.0,False,True
4508048571_00020,871.0,871.0,871.0,True,0.0,True,True
4508048573_00060,1308.0,1308.0,1308.0,True,0.0,True,True
4508048573_00070,2154.0,2154.0,2154.0,True,0.0,True,True
4508048573_00170,4309.0,4309.0,4309.0,True,0.0,True,True
4508048573_00190,1514.0,1514.0,1514.0,True,0.0,True,True
4508048575_00010,6873.0,6873.0,6873.0,True,0.0,False,True
4508048577_00010,602.0,602.0,602.0,True,0.0,True,True
4508048577_00020,440.0,440.0,440.0,True,0.0,False,True
4508048577_00030,732.0,732.0,732.0,True,0.0,True,True
4508048577_00040,239.0,239.0,239.0,True,0.0,True,True
4508048577_00050,1438.0,1438.0,1438.0,True,0.0,True,True
4508048577_00070,1060.0,1060.0,1060.0,True,0.0,True,True
4508048577_00080,301.0,301.0,301.0,True,0.0,True,True
4508048606_00001,1078.0,45280.0,1078.0,False,44202.0,False,True
4508048607_00001,536.0,536.0,536.0,True,0.0,False,True
4508048608_00001,57.0,57.0,57.0,True,0.0,False,True
4508048629_00110,95.0,95.0,95.0,True,0.0,False,True
4508048629_00120,245.0,245.0,245.0,True,0.0,True,True
4508048629_00140,60.0,60.0,60.0,True,0.0,False,True
4508048629_00150,26.0,26.0,26.0,True,0.0,False,True
4508048651_00060,3016.0,3016.0,3016.0,True,0.0,False,True
4508048667_00060,14100.0,14100.0,14100.0,True,0.0,False,True
4508048752_00080,2134.0,2134.0,2134.0,True,0.0,True,True
4508048786_00030,287.0,287.0,287.0,True,0.0,False,True
4508048786_00060,260.0,260.0,260.0,True,0.0,False,True
4508048786_00090,260.0,260.0,260.0,True,0.0,False,True
4508048786_00100,231.0,231.0,231.0,True,0.0,False,True
4508048794_00010,7924.0,7924.0,7924.0,True,0.0,True,True
4508048821_00001,835.0,639242.0,6684.0,False,638407.0,False,True
4508048949_00001,97.0,5831.0,97.0,False,5734.0,False,True
4508049072_00010,2598.0,2598.0,2598.0,True,0.0,True,True
4508049075_00010,3983.0,3983.0,3983.0,True,0.0,False,True
4508049075_00020,8157.0,8157.0,8157.0,True,0.0,False,True
4508049122_00001,590.0,375353.0,4131.0,False,374763.0,False,True
4508049124_00001,149.0,6416.0,149.0,False,6267.0,False,True
4508049150_00010,74.0,74.0,74.0,True,0.0,True,True
4508049150_00020,123.0,123.0,123.0,True,0.0,True,True
4508049150_00030,245.0,245.0,245.0,True,0.0,True,True
4508049150_00060,146.0,146.0,146.0,True,0.0,False,True
4508049150_00100,16.0,16.0,16.0,True,0.0,False,True
4508049150_00110,16.0,16.0,16.0,True,0.0,False,True
4508049150_00120,47.0,47.0,47.0,True,0.0,False,True
4508049150_00130,262.0,262.0,262.0,True,0.0,False,True
4508049176_00020,3879.0,3879.0,3879.0,True,0.0,False,True
4508049176_00030,8584.0,8584.0,8584.0,True,0.0,False,True
4508049176_00040,42435.0,84870.0,84870.0,False,42435.0,False,True
4508049176_00050,13385.0,13385.0,13385.0,True,0.0,False,True
4508049190_00010,23122.0,23122.0,23122.0,True,0.0,True,True
4508049302_00001,415.0,3741.0,415.0,False,3326.0,False,True
4508049370_00050,251.0,251.0,251.0,True,0.0,True,True
4508049375_00030,1655.0,1655.0,1655.0,True,0.0,False,True
4508049376_00010,1777.0,1777.0,1777.0,True,0.0,True,True
4508049377_00010,2624.0,2624.0,2624.0,True,0.0,False,True
4508049377_00020,444.0,444.0,444.0,True,0.0,False,True
4508049394_00010,415.0,415.0,415.0,True,0.0,False,True
4508049394_00020,1929.0,1929.0,1929.0,True,0.0,False,True
4508049398_00090,1837.0,1837.0,1837.0,True,0.0,False,True
4508049528_00010,9718.0,9718.0,9718.0,True,0.0,True,True
4508049528_00020,1182.0,1182.0,1182.0,True,0.0,False,True
4508049529_00020,2137.0,2137.0,2137.0,True,0.0,False,True
4508049530_00020,1734.0,1734.0,1734.0,True,0.0,False,True
4508049532_00010,1601.0,1601.0,1601.0,True,0.0,False,True
4508049533_00020,901.0,901.0,901.0,True,0.0,False,True
4508049533_00060,179.0,179.0,179.0,True,0.0,False,True
4508049533_00070,831.0,831.0,831.0,True,0.0,True,True
4508049533_00080,255.0,255.0,255.0,True,0.0,False,True
4508049533_00090,380.0,380.0,380.0,True,0.0,False,True
4508049533_00100,660.0,660.0,660.0,True,0.0,True,True
4508049534_00040,1292.0,1292.0,1292.0,True,0.0,True,True
4508049590_00001,25.0,363.0,25.0,False,338.0,False,True
4508049612_00100,32.0,32.0,32.0,True,0.0,False,True
4508049613_00010,24.0,24.0,24.0,True,0.0,False,True
4508049613_00050,16.0,16.0,16.0,True,0.0,False,True
4508049613_00070,22.0,22.0,22.0,True,0.0,True,True
4508049613_00080,22.0,22.0,22.0,True,0.0,True,True
4508049613_00090,44.0,44.0,44.0,True,0.0,True,True
4508049613_00100,24.0,24.0,24.0,True,0.0,True,True
4508049613_00110,74.0,74.0,74.0,True,0.0,True,True
4508049613_00120,245.0,245.0,245.0,True,0.0,True,True
4508049613_00230,84.0,84.0,84.0,True,0.0,False,True
4508049738_00120,178.0,178.0,178.0,True,0.0,False,True
4508049738_00200,601.0,601.0,601.0,True,0.0,False,True
4508049771_00070,245.0,245.0,245.0,True,0.0,True,True
4508049792_00040,19.0,19.0,19.0,True,0.0,True,True
4508049819_00080,1962.0,1962.0,1962.0,True,0.0,True,True
4508049825_00020,116.0,116.0,116.0,True,0.0,True,True
4508049848_00030,3838.0,3838.0,3838.0,True,0.0,False,True
4508049926_00010,23122.0,23122.0,23122.0,True,0.0,False,True
4508049940_00020,1416.0,1416.0,1416.0,True,0.0,True,True
4508049944_00010,685.0,685.0,685.0,True,0.0,True,True
4508049985_00020,484.0,484.0,484.0,True,0.0,False,True
4508049985_00130,433.0,433.0,433.0,True,0.0,False,True
4508049987_00130,2421.0,2421.0,2421.0,True,0.0,True,True
4508049987_00190,1496.0,1496.0,1496.0,True,0.0,True,True
4508049987_00210,779.0,779.0,779.0,True,0.0,True,True
4508049999_00080,522.0,522.0,522.0,True,0.0,False,True
4508050071_00001,900.0,739063.0,8101.0,False,738163.0,False,True
4508050093_00020,535.0,535.0,535.0,True,0.0,False,True
4508050110_00070,536.0,536.0,536.0,True,0.0,False,True
4508050229_00020,361.0,361.0,361.0,True,0.0,True,True
4508050267_00010,314.0,314.0,314.0,True,0.0,False,True
4508050275_00010,10652.0,10652.0,10652.0,True,0.0,True,True
4508050299_00010,36871.0,36871.0,36871.0,True,0.0,False,True
4508050304_00010,39449.0,39449.0,39449.0,True,0.0,False,True
4508050305_00010,39449.0,39449.0,39449.0,True,0.0,True,True
4508050306_00010,39449.0,39449.0,39449.0,True,0.0,False,True
4508050309_00010,53679.0,53679.0,53679.0,True,0.0,False,True
4508050339_00010,38174.0,38174.0,38174.0,True,0.0,True,True
4508050375_00010,1128.0,1128.0,1128.0,True,0.0,False,True
4508050376_00010,614.0,614.0,614.0,True,0.0,False,True
4508050376_00030,959.0,959.0,959.0,True,0.0,False,True
4508050378_00010,10366.0,10366.0,10366.0,True,0.0,False,True
4508050379_00010,63.0,63.0,63.0,True,0.0,False,True
4508050379_00030,827.0,827.0,827.0,True,0.0,False,True
4508050379_00040,827.0,827.0,827.0,True,0.0,False,True
4508050379_00050,510.0,510.0,510.0,True,0.0,False,True
4508050381_00010,417.0,417.0,417.0,True,0.0,False,True
4508050381_00020,417.0,417.0,417.0,True,0.0,False,True
4508050382_00010,93.0,93.0,93.0,True,0.0,True,True
4508050383_00010,2969.0,2969.0,2969.0,True,0.0,True,True
4508050385_00010,2558.0,2558.0,2558.0,True,0.0,True,True
4508050386_00020,6032.0,6032.0,6032.0,True,0.0,False,True
4508050400_00001,25.0,25.0,25.0,True,0.0,False,True
4508050401_00001,9.0,9.0,9.0,True,0.0,False,True
4508050432_00010,256.0,256.0,256.0,True,0.0,True,True
4508050432_00020,490.0,490.0,490.0,True,0.0,True,True
4508050432_00030,245.0,245.0,245.0,True,0.0,True,True
4508050432_00060,16.0,16.0,16.0,True,0.0,False,True
4508050432_00070,84.0,84.0,84.0,True,0.0,False,True
4508050432_00080,16.0,16.0,16.0,True,0.0,False,True
4508050508_00040,445.0,445.0,445.0,True,0.0,False,True
4508050625_00060,484.0,484.0,484.0,True,0.0,False,True
4508050625_00070,433.0,433.0,433.0,True,0.0,False,True
4508050625_00080,433.0,433.0,433.0,True,0.0,False,True
4508050667_00001,669.0,479565.0,5358.0,False,478896.0,False,True
4508050688_00030,39.0,39.0,39.0,True,0.0,True,True
4508050704_00030,835.0,835.0,835.0,True,0.0,False,True
4508050706_00040,347.0,347.0,347.0,True,0.0,True,True
4508050744_00030,172.0,172.0,172.0,True,0.0,True,True
4508050756_00090,3528.0,3528.0,3528.0,True,0.0,False,True
4508050778_00080,218.0,218.0,218.0,True,0.0,False,True
4508050833_00050,391.0,391.0,391.0,True,0.0,True,True
4508050833_00200,260.0,260.0,260.0,True,0.0,False,True
4508050892_00010,19302.0,19302.0,19302.0,True,0.0,False,True
4508050897_00020,3887.0,3887.0,3887.0,True,0.0,True,True
4508050897_00030,953.0,953.0,953.0,True,0.0,False,True
4508050897_00040,151.0,151.0,151.0,True,0.0,True,True
4508050900_00010,6825.0,6825.0,6825.0,True,0.0,True,True
4508050900_00020,7207.0,7207.0,7207.0,True,0.0,True,True
4508050900_00030,7184.0,7184.0,7184.0,True,0.0,True,True
4508050900_00040,3208.0,3208.0,3208.0,True,0.0,True,True
4508050900_00050,7088.0,7088.0,7088.0,True,0.0,True,True
4508050900_00060,3435.0,3435.0,3435.0,True,0.0,True,True
4508050900_00070,6881.0,6881.0,6881.0,True,0.0,True,True
4508050900_00080,5084.0,5084.0,5084.0,True,0.0,True,True
4508050902_00010,2660.0,2660.0,2660.0,True,0.0,False,True
4508050903_00040,2765.0,2765.0,2765.0,True,0.0,True,True
4508050904_00020,2504.0,2504.0,2504.0,True,0.0,False,True
4508050906_00010,1352.0,1352.0,1352.0,True,0.0,False,True
4508050906_00020,138.0,138.0,138.0,True,0.0,False,True
4508050906_00030,138.0,138.0,138.0,True,0.0,False,True
4508050906_00040,234.0,234.0,234.0,True,0.0,True,True
4508050960_00010,204.0,204.0,204.0,True,0.0,True,True
4508050960_00020,62.0,62.0,62.0,True,0.0,True,True
4508050960_00040,42.0,42.0,42.0,True,0.0,True,True
4508050960_00050,42.0,42.0,42.0,True,0.0,True,True
4508050960_00060,42.0,42.0,42.0,True,0.0,True,True
4508050960_00070,174.0,174.0,174.0,True,0.0,True,True
4508050960_00090,263.0,263.0,263.0,True,0.0,True,True
4508050960_00100,30.0,30.0,30.0,True,0.0,True,True
4508050960_00130,93.0,93.0,93.0,True,0.0,True,True
4508050960_00140,74.0,74.0,74.0,True,0.0,True,True
4508050960_00150,245.0,245.0,245.0,True,0.0,True,True
4508050960_00160,245.0,245.0,245.0,True,0.0,True,True
4508050966_00010,2140.0,2140.0,2140.0,True,0.0,False,True
4508050966_00060,362.0,362.0,362.0,True,0.0,False,True
4508051060_00010,10429.0,10429.0,10429.0,True,0.0,True,True
4508051243_00040,332.0,332.0,332.0,True,0.0,True,True
4508051243_00070,74.0,74.0,74.0,True,0.0,True,True
4508051279_00010,146.0,146.0,146.0,True,0.0,False,True
4508051298_00040,343.0,343.0,343.0,True,0.0,True,True
4508051302_00120,610.0,610.0,610.0,True,0.0,True,True
4508051306_00030,5438.0,5438.0,5438.0,True,0.0,False,True
4508051306_00040,3290.0,3290.0,3290.0,True,0.0,False,True
4508051306_00050,3089.0,3089.0,3089.0,True,0.0,False,True
4508051310_00120,1483.0,1483.0,1483.0,True,0.0,True,True
4508051314_00030,1019.0,1019.0,1019.0,True,0.0,False,True
4508051318_00030,39.0,39.0,39.0,True,0.0,True,True
4508051332_00040,50.0,50.0,50.0,True,0.0,True,True
4508051350_00040,248.0,248.0,248.0,True,0.0,True,True
4508051362_00010,36871.0,36871.0,36871.0,True,0.0,False,True
4508051367_00050,260.0,260.0,260.0,True,0.0,False,True
4508051415_00010,997.0,997.0,997.0,True,0.0,False,True
4508051420_00010,38174.0,38174.0,38174.0,True,0.0,True,True
4508051438_00010,6118.0,6118.0,6118.0,True,0.0,False,True
4508051458_00010,331.0,331.0,331.0,True,0.0,True,True
4508051482_00010,308.0,308.0,308.0,True,0.0,False,True
4508051483_00010,313.0,313.0,313.0,True,0.0,False,True
4508051484_00010,310.0,310.0,310.0,True,0.0,False,True
4508051525_00020,2416.0,2416.0,2416.0,True,0.0,False,True
4508051527_00010,22688.0,22688.0,22688.0,True,0.0,True,True
4508051531_00030,1603.0,1603.0,1603.0,True,0.0,False,True
4508051543_00001,25.0,259.0,25.0,False,234.0,False,True
4508051544_00001,536.0,536.0,536.0,True,0.0,False,True
4508051641_00010,99592.0,99592.0,99592.0,True,0.0,False,True
4508051660_00010,1717.0,1717.0,1717.0,True,0.0,False,True
4508051690_00010,424.0,424.0,424.0,True,0.0,False,True
4508051696_00001,909.0,1818.0,909.0,False,909.0,False,True
4508051711_00010,318.0,318.0,318.0,True,0.0,False,True
4508051728_00010,571.0,571.0,571.0,True,0.0,False,True
4508051729_00010,2445.0,2445.0,2445.0,True,0.0,False,True
4508051732_00010,36871.0,36871.0,36871.0,True,0.0,False,True
4508051747_00010,130.0,130.0,130.0,True,0.0,False,True
4508051782_00020,2502.0,2502.0,2502.0,True,0.0,False,True
4508051786_00010,1018.0,1018.0,1018.0,True,0.0,False,True
4508051786_00020,951.0,951.0,951.0,True,0.0,False,True
4508051786_00030,1781.0,1781.0,1781.0,True,0.0,True,True
4508051787_00020,602.0,602.0,602.0,True,0.0,True,True
4508051788_00100,413.0,413.0,413.0,True,0.0,False,True
4508051788_00130,290.0,290.0,290.0,True,0.0,False,True
4508051788_00150,86.0,86.0,86.0,True,0.0,False,True
4508051788_00200,69.0,69.0,69.0,True,0.0,False,True
4508051788_00210,138.0,138.0,138.0,True,0.0,False,True
4508051789_00100,701.0,701.0,701.0,True,0.0,True,True
4508051789_00120,1153.0,1153.0,1153.0,True,0.0,False,True
4508051791_00020,583.0,583.0,583.0,True,0.0,True,True
4508051792_00010,942.0,942.0,942.0,True,0.0,False,True
4508051792_00020,288.0,288.0,288.0,True,0.0,True,True
4508051792_00030,343.0,343.0,343.0,True,0.0,False,True
4508051792_00050,4134.0,4134.0,4134.0,True,0.0,False,True
4508051792_00060,1474.0,1474.0,1474.0,True,0.0,False,True
4508051792_00070,1474.0,1474.0,1474.0,True,0.0,False,True
4508051793_00050,985.0,985.0,985.0,True,0.0,True,True
4508051793_00070,3969.0,3969.0,3969.0,True,0.0,True,True
4508051798_00001,1333.0,253418.0,2667.0,False,252085.0,False,True
4508051799_00001,536.0,536.0,536.0,True,0.0,False,True
4508051830_00020,148.0,148.0,148.0,True,0.0,True,True
4508051830_00030,99.0,99.0,99.0,True,0.0,True,True
4508051830_00070,174.0,174.0,174.0,True,0.0,False,True
4508051830_00080,34.0,34.0,34.0,True,0.0,False,True
4508051830_00090,33.0,33.0,33.0,True,0.0,False,True
4508051830_00100,8.0,8.0,8.0,True,0.0,False,True
4508051830_00110,263.0,263.0,263.0,True,0.0,False,True
4508051830_00120,78.0,78.0,78.0,True,0.0,True,True
4508051830_00130,49.0,49.0,49.0,True,0.0,True,True
4508051830_00160,53.0,53.0,53.0,True,0.0,False,True
4508051830_00170,53.0,53.0,53.0,True,0.0,False,True
4508051830_00180,53.0,53.0,53.0,True,0.0,False,True
4508051844_00010,3864.0,3864.0,3864.0,True,0.0,True,True
4508051845_00020,311.0,311.0,311.0,True,0.0,False,True
4508051997_00010,121.0,121.0,121.0,True,0.0,False,True
4508051999_00010,121.0,121.0,121.0,True,0.0,False,True
4508052008_00010,36871.0,36871.0,36871.0,True,0.0,True,True
4508052052_00010,10366.0,10366.0,10366.0,True,0.0,True,True
4508052064_00010,433.0,433.0,433.0,True,0.0,False,True
4508052064_00020,614.0,614.0,614.0,True,0.0,True,True
4508052070_00010,55744.0,55744.0,55744.0,True,0.0,False,True
4508052083_00030,706.0,706.0,706.0,True,0.0,False,True
4508052088_00010,1202.0,1202.0,1202.0,True,0.0,False,True
4508052095_00001,651.0,487994.0,5212.0,False,487343.0,False,True
4508052153_00090,36.0,36.0,36.0,True,0.0,False,True
4508052161_00060,422.0,422.0,422.0,True,0.0,False,True
4508052181_00001,519.0,78461.0,1039.0,False,77942.0,False,True
4508052185_00010,400.0,400.0,400.0,True,0.0,False,True
4508052186_00010,834.0,834.0,834.0,True,0.0,False,True
4508052190_00080,6369.0,6369.0,6369.0,True,0.0,False,True
4508052191_00020,865.0,865.0,865.0,True,0.0,False,True
4508052195_00010,2624.0,2624.0,2624.0,True,0.0,False,True
4508052195_00020,355.0,355.0,355.0,True,0.0,True,True
4508052195_00030,3960.0,3960.0,3960.0,True,0.0,False,True
4508052195_00040,6697.0,6697.0,6697.0,True,0.0,False,True
4508052196_00090,1909.0,1909.0,1909.0,True,0.0,False,True
4508052199_00110,2757.0,2757.0,2757.0,True,0.0,False,True
4508052237_00010,177.0,177.0,177.0,True,0.0,False,True
4508052237_00020,581.0,581.0,581.0,True,0.0,False,True
4508052237_00030,4362.0,4362.0,4362.0,True,0.0,False,True
4508052237_00040,586.0,586.0,586.0,True,0.0,False,True
4508052237_00050,1481.0,1481.0,1481.0,True,0.0,False,True
4508052237_00060,163.0,163.0,163.0,True,0.0,False,True
4508052237_00070,1389.0,1389.0,1389.0,True,0.0,False,True
4508052237_00090,3142.0,3142.0,3142.0,True,0.0,False,True
4508052250_00010,1891.0,1891.0,1891.0,True,0.0,True,True
4508052264_00010,211.0,211.0,211.0,True,0.0,False,True
4508052264_00020,260.0,260.0,260.0,True,0.0,False,True
4508052264_00030,193.0,193.0,193.0,True,0.0,False,True
4508052308_00020,581.0,581.0,581.0,True,0.0,True,True
4508052313_00130,682.0,682.0,682.0,True,0.0,True,True
4508052313_00140,502.0,502.0,502.0,True,0.0,True,True
4508052329_00010,1495.0,1495.0,1495.0,True,0.0,False,True
4508052374_00030,168.0,168.0,168.0,True,0.0,True,True
4508052392_00010,446.0,446.0,446.0,True,0.0,True,True
4508052392_00020,411.0,411.0,411.0,True,0.0,True,True
4508052392_00030,64.0,64.0,64.0,True,0.0,True,True
4508052392_00040,530.0,530.0,530.0,True,0.0,True,True
4508052392_00050,4294.0,4294.0,4294.0,True,0.0,True,True
4508052394_00170,413.0,413.0,413.0,True,0.0,False,True
4508052394_00280,209.0,209.0,209.0,True,0.0,False,True
4508052394_00290,85.0,85.0,85.0,True,0.0,False,True
4508052394_00300,85.0,85.0,85.0,True,0.0,False,True
4508052394_00330,119.0,119.0,119.0,True,0.0,False,True
4508052394_00340,172.0,172.0,172.0,True,0.0,False,True
4508052396_00020,1523.0,1523.0,1523.0,True,0.0,False,True
4508052396_00040,627.0,627.0,627.0,True,0.0,False,True
4508052396_00050,1565.0,1565.0,1565.0,True,0.0,False,True
4508052397_00010,178.0,178.0,178.0,True,0.0,False,True
4508052397_00020,268.0,268.0,268.0,True,0.0,False,True
4508052398_00030,1472.0,1472.0,1472.0,True,0.0,True,True
4508052401_00010,6238.0,6238.0,6238.0,True,0.0,False,True
4508052402_00010,949.0,949.0,949.0,True,0.0,False,True
4508052403_00020,6478.0,6478.0,6478.0,True,0.0,True,True
4508052409_00001,3.0,3.0,3.0,True,0.0,False,True
4508052411_00001,536.0,536.0,536.0,True,0.0,False,True
4508052435_00010,130.0,130.0,130.0,True,0.0,False,True
4508052435_00020,62.0,62.0,62.0,True,0.0,False,True
4508052447_00040,22.0,22.0,22.0,True,0.0,True,True
4508052447_00060,66.0,66.0,66.0,True,0.0,True,True
4508052447_00070,22.0,22.0,22.0,True,0.0,True,True
4508052447_00090,66.0,66.0,66.0,True,0.0,True,True
4508052447_00110,74.0,74.0,74.0,True,0.0,True,True
4508052447_00130,74.0,74.0,74.0,True,0.0,True,True
4508052447_00180,763.0,763.0,763.0,True,0.0,False,True
4508052447_00320,143.0,143.0,143.0,True,0.0,False,True
4508052448_00050,362.0,362.0,362.0,True,0.0,False,True
4508052450_00010,196.0,196.0,196.0,True,0.0,False,True
4508052513_00010,23122.0,23122.0,23122.0,True,0.0,False,True
4508052645_00001,987.0,841758.0,8891.0,False,840771.0,False,True
4508052996_00050,60.0,60.0,60.0,True,0.0,True,True
4508052996_00060,21.0,21.0,21.0,True,0.0,False,True
4508053012_00010,146.0,146.0,146.0,True,0.0,False,True
4508053038_00020,439.0,439.0,439.0,True,0.0,False,True
4508053043_00010,2667.0,2667.0,2667.0,True,0.0,False,True
4508053043_00020,1628.0,1628.0,1628.0,True,0.0,False,True
4508053043_00030,371.0,371.0,371.0,True,0.0,True,True
4508053045_00060,446.0,446.0,446.0,True,0.0,True,True
4508053069_00010,9.0,9.0,9.0,True,0.0,False,True
4508053088_00100,4600.0,4600.0,4600.0,True,0.0,True,True
4508053191_00010,824.0,824.0,824.0,True,0.0,True,False
4508053191_00020,843.0,843.0,843.0,True,0.0,True,False
4508053197_00010,70148.0,140296.0,140296.0,False,70148.0,True,True
4508053210_00010,234.0,234.0,234.0,True,0.0,False,True
4508053220_00050,12103.0,12103.0,12103.0,True,0.0,True,True
4508053220_00060,1807.0,1807.0,1807.0,True,0.0,True,True
4508053220_00070,2100.0,2100.0,2100.0,True,0.0,True,True
4508053220_00080,2148.0,2148.0,2148.0,True,0.0,True,True
4508053220_00090,1543.0,1543.0,1543.0,True,0.0,True,True
4508053222_00030,387.0,387.0,387.0,True,0.0,True,True
4508053222_00040,640.0,640.0,640.0,True,0.0,True,True
4508053222_00050,969.0,969.0,969.0,True,0.0,True,True
4508053237_00010,1454.0,1454.0,1454.0,True,0.0,True,True
4508053237_00020,484.0,484.0,484.0,True,0.0,True,True
4508053242_00010,9016.0,9016.0,9016.0,True,0.0,True,True
4508053259_00010,57881.0,57881.0,57881.0,True,0.0,True,True
4508053260_00010,389.0,389.0,389.0,True,0.0,True,True
4508053260_00020,2004.0,2004.0,2004.0,True,0.0,False,True
4508053260_00030,834.0,834.0,834.0,True,0.0,False,True
4508053260_00040,498.0,498.0,498.0,True,0.0,False,True
4508053272_00010,4559.0,4559.0,4559.0,True,0.0,False,True
4508053273_00020,3138.0,3138.0,3138.0,True,0.0,True,True
4508053300_00050,362.0,362.0,362.0,True,0.0,False,True
4508053398_00010,53679.0,53679.0,53679.0,True,0.0,False,True
4508053407_00010,39449.0,39449.0,39449.0,True,0.0,False,True
4508053440_00010,38174.0,38174.0,38174.0,True,0.0,True,True
4508053511_00090,1262.0,1262.0,1262.0,True,0.0,True,False
4508053562_00010,595.0,595.0,595.0,True,0.0,False,True
4508053562_00020,361.0,361.0,361.0,True,0.0,False,True
4508053573_00030,146.0,146.0,146.0,True,0.0,False,True
4508053612_00010,1603.0,1603.0,1603.0,True,0.0,False,True
4508053656_00010,174.0,174.0,174.0,True,0.0,True,True
4508053656_00020,255.0,255.0,255.0,True,0.0,True,True
4508053656_00030,22.0,22.0,22.0,True,0.0,True,True
4508053656_00040,20.0,20.0,20.0,True,0.0,True,True
4508053656_00050,39.0,39.0,39.0,True,0.0,True,True
4508053656_00060,44.0,44.0,44.0,True,0.0,True,True
4508053656_00070,22.0,22.0,22.0,True,0.0,True,True
4508053656_00080,21.0,21.0,21.0,True,0.0,True,True
4508053656_00090,51.0,51.0,51.0,True,0.0,True,True
4508053656_00100,24.0,24.0,24.0,True,0.0,True,True
4508053656_00110,48.0,48.0,48.0,True,0.0,True,True
4508053656_00120,74.0,74.0,74.0,True,0.0,True,True
4508053656_00130,173.0,173.0,173.0,True,0.0,True,True
4508053656_00140,123.0,123.0,123.0,True,0.0,True,True
4508053656_00150,256.0,256.0,256.0,True,0.0,True,True
4508053656_00160,245.0,245.0,245.0,True,0.0,True,True
4508053656_00170,245.0,245.0,245.0,True,0.0,True,True
4508053656_00180,87.0,87.0,87.0,True,0.0,True,True
4508053656_00190,204.0,204.0,204.0,True,0.0,True,True
4508053656_00450,47.0,47.0,47.0,True,0.0,True,True
4508053656_00460,1347.0,1347.0,1347.0,True,0.0,True,True
4508053674_00010,42435.0,42435.0,42435.0,True,0.0,False,True
4508053676_00010,42435.0,84870.0,84870.0,False,42435.0,False,True
4508053676_00020,6616.0,6616.0,6616.0,True,0.0,False,True
4508053676_00040,12876.0,12876.0,12876.0,True,0.0,False,True
4508053676_00060,13385.0,13385.0,13385.0,True,0.0,False,True
4508053761_00020,417.0,417.0,417.0,True,0.0,False,True
4508053762_00020,46.0,46.0,46.0,True,0.0,False,True
4508053855_00030,662.0,662.0,662.0,True,0.0,False,True
4508053855_00040,1754.0,1754.0,1754.0,True,0.0,False,True
4508053858_00030,377.0,377.0,377.0,True,0.0,True,True
4508053862_00010,234.0,234.0,234.0,True,0.0,False,True
4508053862_00020,3055.0,3055.0,3055.0,True,0.0,False,True
4508053862_00030,1663.0,1663.0,1663.0,True,0.0,False,True
4508053862_00040,1103.0,1103.0,1103.0,True,0.0,True,True
4508053863_00010,822.0,822.0,822.0,True,0.0,False,True
4508053863_00020,2137.0,2137.0,2137.0,True,0.0,False,True
4508053864_00020,277.0,277.0,277.0,True,0.0,True,True
4508053864_00050,1102.0,1102.0,1102.0,True,0.0,False,True
4508053864_00060,665.0,665.0,665.0,True,0.0,False,True
4508053864_00070,1474.0,1474.0,1474.0,True,0.0,False,True
4508053864_00080,1474.0,1474.0,1474.0,True,0.0,False,True
4508053864_00090,2405.0,2405.0,2405.0,True,0.0,False,True
4508053864_00100,1474.0,1474.0,1474.0,True,0.0,False,True
4508053864_00110,686.0,686.0,686.0,True,0.0,False,True
4508053864_00120,1550.0,1550.0,1550.0,True,0.0,False,True
4508053867_00250,277.0,277.0,277.0,True,0.0,True,True
4508053867_00260,59.0,59.0,59.0,True,0.0,True,True
4508053867_00270,59.0,59.0,59.0,True,0.0,True,True
4508053867_00280,119.0,119.0,119.0,True,0.0,True,True
4508053867_00290,34.0,34.0,34.0,True,0.0,True,True
4508053867_00300,103.0,103.0,103.0,True,0.0,False,True
4508053867_00310,172.0,172.0,172.0,True,0.0,False,True
4508053867_00320,276.0,276.0,276.0,True,0.0,True,True
4508053867_00330,69.0,69.0,69.0,True,0.0,True,True
4508053867_00340,103.0,103.0,103.0,True,0.0,False,True
4508053867_00350,34.0,34.0,34.0,True,0.0,True,True
4508053867_00360,172.0,172.0,172.0,True,0.0,True,True
4508053867_00370,34.0,34.0,34.0,True,0.0,True,True
4508053867_00380,254.0,254.0,254.0,True,0.0,True,True
4508053867_00390,63.0,63.0,63.0,True,0.0,True,True
4508053867_00400,63.0,63.0,63.0,True,0.0,True,True
4508053867_00410,63.0,63.0,63.0,True,0.0,True,True
4508053867_00450,98.0,98.0,98.0,True,0.0,False,True
4508053868_00100,181.0,181.0,181.0,True,0.0,False,True
4508053870_00030,37.0,37.0,37.0,True,0.0,False,True
4508053872_00030,266.0,266.0,266.0,True,0.0,False,True
4508053872_00050,380.0,380.0,380.0,True,0.0,True,True
4508053872_00060,503.0,503.0,503.0,True,0.0,False,True
4508053872_00070,1418.0,1418.0,1418.0,True,0.0,False,True
4508053873_00010,89.0,89.0,89.0,True,0.0,False,True
4508053875_00050,620.0,620.0,620.0,True,0.0,True,True
4508053876_00010,2618.0,2618.0,2618.0,True,0.0,False,True
4508053877_00010,3446.0,3446.0,3446.0,True,0.0,True,True
4508053877_00020,2095.0,2095.0,2095.0,True,0.0,False,True
4508053877_00030,3015.0,3015.0,3015.0,True,0.0,False,True
4508053877_00040,1292.0,1292.0,1292.0,True,0.0,False,True
4508053907_00001,819.0,547934.0,5733.0,False,547115.0,False,True
4508053922_00070,668.0,668.0,668.0,True,0.0,True,True
4508053930_00080,1905.0,1905.0,1905.0,True,0.0,True,True
4508053938_00010,390.0,390.0,390.0,True,0.0,False,True
4508053940_00060,39.0,39.0,39.0,True,0.0,False,True
4508053945_00040,776.0,776.0,776.0,True,0.0,False,True
4508054121_00140,1572.0,1572.0,1572.0,True,0.0,False,True
4508054132_00010,69.0,69.0,69.0,True,0.0,False,True
4508054157_00010,724.0,724.0,724.0,True,0.0,False,True
4508054157_00020,649.0,649.0,649.0,True,0.0,False,True
4508054201_00010,498.0,498.0,498.0,True,0.0,False,True
4508054201_00020,3207.0,3207.0,3207.0,True,0.0,False,True
4508054248_00010,3207.0,3207.0,3207.0,True,0.0,False,True
4508054250_00010,3207.0,3207.0,3207.0,True,0.0,False,True
4508054299_00010,10443.0,10443.0,10443.0,True,0.0,True,True
4508054308_00010,7014.0,7014.0,7014.0,True,0.0,False,True
4508054309_00010,7843.0,7843.0,7843.0,True,0.0,True,True
4508054327_00010,259.0,259.0,259.0,True,0.0,False,True
4508054359_00170,16.0,16.0,16.0,True,0.0,False,True
4508054359_00220,449.0,449.0,449.0,True,0.0,False,True
4508054359_00250,22.0,22.0,22.0,True,0.0,False,True
4508054359_00260,51.0,51.0,51.0,True,0.0,False,True
4508054359_00270,74.0,74.0,74.0,True,0.0,True,True
4508054359_00280,245.0,245.0,245.0,True,0.0,True,True
4508054359_00290,105.0,105.0,105.0,True,0.0,False,True
4508054359_00300,245.0,245.0,245.0,True,0.0,True,True
4508054359_00310,70.0,70.0,70.0,True,0.0,False,True
4508054359_00360,449.0,449.0,449.0,True,0.0,False,True
4508054359_00370,8.0,8.0,8.0,True,0.0,False,True
4508054359_00380,16.0,16.0,16.0,True,0.0,True,True
4508054367_00030,20.0,20.0,20.0,True,0.0,False,True
4508054387_00020,4720.0,4720.0,4720.0,True,0.0,False,True
4508054389_00030,244.0,244.0,244.0,True,0.0,True,True
4508054407_00010,390.0,390.0,390.0,True,0.0,False,True
4508054413_00010,43.0,43.0,43.0,True,0.0,False,True
4508054416_00080,6.0,6.0,6.0,True,0.0,True,True
4508054417_00010,5137.0,5137.0,5137.0,True,0.0,False,True
4508054417_00020,3101.0,3101.0,3101.0,True,0.0,False,True
4508054417_00030,3398.0,3398.0,3398.0,True,0.0,False,True
4508054420_00010,1403.0,1403.0,1403.0,True,0.0,False,True
4508054420_00020,28.0,28.0,28.0,True,0.0,False,True
4508054424_00010,762.0,762.0,762.0,True,0.0,False,True
4508054424_00020,4065.0,4065.0,4065.0,True,0.0,False,True
4508054424_00030,13163.0,13163.0,13163.0,True,0.0,False,True
4508054431_00010,259.0,259.0,259.0,True,0.0,False,True
4508054523_00001,1428.0,1428.0,1428.0,True,0.0,False,True
4508054582_00030,33.0,33.0,33.0,True,0.0,False,True
4508054584_00030,69.0,69.0,69.0,True,0.0,True,True
4508054591_00010,514.0,514.0,514.0,True,0.0,True,False
4508054591_00020,649.0,649.0,649.0,True,0.0,False,True
4508054591_00040,649.0,649.0,649.0,True,0.0,False,True
4508054599_00001,663.0,494059.0,5305.0,False,493396.0,False,True
4508054619_00010,28433.0,28433.0,28433.0,True,0.0,False,True
4508054622_00010,177.0,177.0,177.0,True,0.0,False,True
4508054622_00080,362.0,362.0,362.0,True,0.0,False,True
4508054716_00040,260.0,260.0,260.0,True,0.0,False,True
4508054716_00050,595.0,595.0,595.0,True,0.0,False,True
4508054716_00060,361.0,361.0,361.0,True,0.0,False,True
4508054716_00070,179.0,179.0,179.0,True,0.0,False,True
4508054717_00010,797.0,797.0,797.0,True,0.0,False,True
4508054731_00010,1454.0,1454.0,1454.0,True,0.0,False,False
4508054775_00010,400.0,400.0,400.0,True,0.0,False,True
4508054791_00010,36871.0,36871.0,36871.0,True,0.0,False,True
4508054803_00010,39449.0,39449.0,39449.0,True,0.0,False,True
4508054822_00010,3826.0,3826.0,3826.0,True,0.0,True,True
4508054832_00010,9959.0,9959.0,9959.0,True,0.0,False,True
4508054835_00010,38174.0,38174.0,38174.0,True,0.0,True,True
4508054884_00020,921.0,921.0,921.0,True,0.0,False,True
4508054886_00010,150.0,150.0,150.0,True,0.0,True,True
4508054888_00010,632.0,632.0,632.0,True,0.0,False,True
4508054889_00040,32.0,32.0,32.0,True,0.0,False,True
4508054889_00050,59.0,59.0,59.0,True,0.0,False,True
4508054889_00060,242.0,242.0,242.0,True,0.0,False,True
4508054889_00070,63.0,63.0,63.0,True,0.0,False,True
4508054889_00080,63.0,63.0,63.0,True,0.0,False,True
4508054890_00010,5320.0,5320.0,5320.0,True,0.0,False,True
4508054906_00010,3890.0,3890.0,3890.0,True,0.0,False,True
4508054944_00010,209.0,209.0,209.0,True,0.0,False,True
4508054944_00020,66.0,66.0,66.0,True,0.0,True,True
4508054944_00030,123.0,123.0,123.0,True,0.0,True,True
4508054944_00130,95.0,95.0,95.0,True,0.0,False,True
4508054944_00140,76.0,76.0,76.0,True,0.0,True,True
4508054944_00260,592.0,592.0,592.0,True,0.0,True,True
4508055018_00010,7669.0,7669.0,7669.0,True,0.0,False,True
4508055018_00020,1533.0,1533.0,1533.0,True,0.0,False,True
4508055100_00001,536.0,536.0,536.0,True,0.0,False,True
4508055130_00030,400.0,400.0,400.0,True,0.0,False,True
4508055166_00010,9353.0,9353.0,9353.0,True,0.0,False,True
4508055174_00010,9959.0,19918.0,19918.0,False,9959.0,False,True
4508055190_00001,620.0,377730.0,4341.0,False,377110.0,False,True
4508055216_00060,162.0,162.0,162.0,True,0.0,False,True
4508055225_00110,2838.0,2838.0,2838.0,True,0.0,False,True
4508055227_00020,10.0,10.0,10.0,True,0.0,False,True
4508055231_00120,284.0,284.0,284.0,True,0.0,True,True
4508055236_00020,1084.0,1084.0,1084.0,True,0.0,False,True
4508055247_00040,567.0,567.0,567.0,True,0.0,False,True
4508055271_00060,479.0,479.0,479.0,True,0.0,True,True
4508055273_00030,198.0,198.0,198.0,True,0.0,False,True
4508055337_00010,53679.0,53679.0,53679.0,True,0.0,True,True
4508055365_00010,6007.0,6007.0,6007.0,True,0.0,False,True
4508055419_00010,260.0,260.0,260.0,True,0.0,False,True
4508055419_00030,290.0,290.0,290.0,True,0.0,False,True
4508055419_00040,644.0,644.0,644.0,True,0.0,False,True
4508055434_00010,581.0,581.0,581.0,True,0.0,True,True
4508055444_00010,942.0,942.0,942.0,True,0.0,True,False
4508055538_00020,362.0,362.0,362.0,True,0.0,False,True
4508055548_00080,1842.0,1842.0,1842.0,True,0.0,True,True
4508055555_00050,9016.0,9016.0,9016.0,True,0.0,True,True
4508055586_00010,48.0,48.0,48.0,True,0.0,True,True
4508055586_00020,115.0,115.0,115.0,True,0.0,True,True
4508055686_00010,23122.0,23122.0,23122.0,True,0.0,False,True
4508055720_00010,349.0,349.0,349.0,True,0.0,True,True
4508055723_00010,2105.0,2105.0,2105.0,True,0.0,False,True
4508055729_00010,6219.0,6219.0,6219.0,True,0.0,True,True
4508055730_00010,4330.0,4330.0,4330.0,True,0.0,False,True
4508055732_00010,3008.0,3008.0,3008.0,True,0.0,False,True
4508055737_00050,207.0,207.0,207.0,True,0.0,False,True
4508055737_00060,63.0,63.0,63.0,True,0.0,False,True
4508055737_00070,63.0,63.0,63.0,True,0.0,False,True
4508055737_00080,281.0,281.0,281.0,True,0.0,True,True
4508055737_00090,150.0,150.0,150.0,True,0.0,True,True
4508055737_00140,34.0,34.0,34.0,True,0.0,False,True
4508055738_00020,1723.0,1723.0,1723.0,True,0.0,True,True
4508055738_00060,654.0,654.0,654.0,True,0.0,True,True
4508055738_00070,869.0,869.0,869.0,True,0.0,True,True
4508055740_00010,2214.0,2214.0,2214.0,True,0.0,False,True
4508055797_00120,104.0,104.0,104.0,True,0.0,False,True
4508055797_00230,97.0,97.0,97.0,True,0.0,False,True
4508055797_00240,78.0,78.0,78.0,True,0.0,True,True
4508055797_00250,74.0,74.0,74.0,True,0.0,True,True
4508055797_00260,148.0,148.0,148.0,True,0.0,True,True
4508055797_00270,245.0,245.0,245.0,True,0.0,True,True
4508055797_00290,449.0,449.0,449.0,True,0.0,False,True
4508055797_00330,174.0,174.0,174.0,True,0.0,False,True
4508055797_00340,95.0,95.0,95.0,True,0.0,False,True
4508055847_00030,210.0,210.0,210.0,True,0.0,False,True
4508055855_00040,293.0,293.0,293.0,True,0.0,True,True
4508055856_00010,287.0,287.0,287.0,True,0.0,False,True
4508055856_00020,119.0,119.0,119.0,True,0.0,False,True
4508055856_00030,350.0,350.0,350.0,True,0.0,False,True
4508055856_00040,366.0,366.0,366.0,True,0.0,False,True
4508055856_00050,1169.0,1169.0,1169.0,True,0.0,False,True
4508055856_00060,423.0,423.0,423.0,True,0.0,False,True
4508055856_00070,258.0,258.0,258.0,True,0.0,False,True
4508055856_00080,1525.0,1525.0,1525.0,True,0.0,False,True
4508055856_00110,352.0,352.0,352.0,True,0.0,False,True
4508055858_00050,787.0,787.0,787.0,True,0.0,False,True
4508055869_00050,2182.0,2182.0,2182.0,True,0.0,True,True
4508055869_00060,484.0,484.0,484.0,True,0.0,True,True
4508055869_00070,1018.0,1018.0,1018.0,True,0.0,True,False
4508055869_00080,1406.0,1406.0,1406.0,True,0.0,True,False
4508055870_00040,1299.0,1299.0,1299.0,True,0.0,False,False
4508055870_00050,1480.0,1480.0,1480.0,True,0.0,True,True
4508055870_00060,866.0,866.0,866.0,True,0.0,False,False
4508055870_00070,866.0,866.0,866.0,True,0.0,False,False
4508056009_00240,447.0,447.0,447.0,True,0.0,False,True
4508056009_00260,361.0,361.0,361.0,True,0.0,False,True
4508056009_00270,361.0,361.0,361.0,True,0.0,False,True
4508056009_00280,231.0,231.0,231.0,True,0.0,False,True
4508056009_00290,606.0,606.0,606.0,True,0.0,False,True
4508056009_00300,276.0,276.0,276.0,True,0.0,False,True
4508056009_00310,743.0,743.0,743.0,True,0.0,False,True
4508056009_00320,521.0,521.0,521.0,True,0.0,False,True
4508056009_00330,260.0,260.0,260.0,True,0.0,False,True
4508056009_00340,845.0,845.0,845.0,True,0.0,False,True
4508056009_00350,199.0,199.0,199.0,True,0.0,False,True
4508056009_00360,268.0,268.0,268.0,True,0.0,True,True
4508056009_00370,229.0,229.0,229.0,True,0.0,False,True
4508056009_00380,179.0,179.0,179.0,True,0.0,False,True
4508056095_00010,4268.0,4268.0,4268.0,True,0.0,False,True
4508056112_00010,970.0,970.0,970.0,True,0.0,True,True
4508056112_00020,970.0,970.0,970.0,True,0.0,True,True
4508056112_00030,281.0,281.0,281.0,True,0.0,True,True
4508056112_00040,234.0,234.0,234.0,True,0.0,True,True
4508056133_00001,886.0,627505.0,7090.0,False,626619.0,False,True
4508056159_00020,362.0,362.0,362.0,True,0.0,False,True
4508056184_00010,8692.0,8692.0,8692.0,True,0.0,True,True
4508056216_00030,66.0,66.0,66.0,True,0.0,False,True
4508056235_00020,644.0,644.0,644.0,True,0.0,False,True
4508056239_00010,77917.0,77917.0,77917.0,True,0.0,True,True
4508056289_00010,34721.0,34721.0,34721.0,True,0.0,True,True
4508056290_00010,34419.0,34419.0,34419.0,True,0.0,True,True
4508056291_00010,49550.0,49550.0,49550.0,True,0.0,True,True
4508056292_00010,779.0,779.0,779.0,True,0.0,False,True
4508056297_00010,4905.0,4905.0,4905.0,True,0.0,False,True
4508056308_00010,969.0,969.0,969.0,True,0.0,True,True
4508056308_00020,484.0,484.0,484.0,True,0.0,True,True
4508056326_00010,385.0,385.0,385.0,True,0.0,True,True
4508056329_00010,654.0,654.0,654.0,True,0.0,True,True
4508056329_00030,869.0,869.0,869.0,True,0.0,True,True
4508056329_00040,13360.0,13360.0,13360.0,True,0.0,True,True
4508056329_00050,654.0,654.0,654.0,True,0.0,True,True
4508056329_00060,602.0,602.0,602.0,True,0.0,True,True
4508056329_00070,830.0,830.0,830.0,True,0.0,True,True
4508056331_00010,914.0,914.0,914.0,True,0.0,False,True
4508056389_00020,87.0,87.0,87.0,True,0.0,False,True
4508056389_00070,63.0,63.0,63.0,True,0.0,False,True
4508056389_00180,178.0,178.0,178.0,True,0.0,False,True
4508056389_00190,278.0,278.0,278.0,True,0.0,False,True
4508056389_00200,8.0,8.0,8.0,True,0.0,False,True
4508056389_00220,42.0,42.0,42.0,True,0.0,False,True
4508056389_00230,257.0,257.0,257.0,True,0.0,False,True
4508056389_00250,48.0,48.0,48.0,True,0.0,False,True
4508056389_00260,245.0,245.0,245.0,True,0.0,True,True
4508056397_00020,210.0,210.0,210.0,True,0.0,False,True
4508056397_00030,196.0,196.0,196.0,True,0.0,False,True
4508056539_00020,2405.0,2405.0,2405.0,True,0.0,False,True
4508056602_00010,969.0,969.0,969.0,True,0.0,True,True
4508056650_00070,145.0,145.0,145.0,True,0.0,True,False
4508056659_00010,682.0,682.0,682.0,True,0.0,False,True
4508056684_00001,1140.0,1186867.0,12541.0,False,1185727.0,False,True
4508056746_00030,729.0,729.0,729.0,True,0.0,False,True
4508056747_00060,1944.0,1944.0,1944.0,True,0.0,False,True
4508056749_00010,72053.0,72053.0,72053.0,True,0.0,False,True
4508056753_00010,2213.0,2213.0,2213.0,True,0.0,False,True
4508056753_00020,355.0,355.0,355.0,True,0.0,True,True
4508056754_00070,1144.0,1144.0,1144.0,True,0.0,False,True
4508056759_00110,252.0,252.0,252.0,True,0.0,True,True
4508056776_00010,1418.0,1418.0,1418.0,True,0.0,False,True
4508056776_00020,415.0,415.0,415.0,True,0.0,False,True
4508056781_00010,1603.0,1603.0,1603.0,True,0.0,False,True
4508056799_00070,260.0,260.0,260.0,True,0.0,False,True
4508056826_00030,370.0,370.0,370.0,True,0.0,True,True
4508056826_00040,2381.0,2381.0,2381.0,True,0.0,True,False
4508056829_00010,7125.0,7125.0,7125.0,True,0.0,True,True
4508056829_00030,591.0,591.0,591.0,True,0.0,False,True
4508056829_00050,5938.0,5938.0,5938.0,True,0.0,True,True
4508056830_00010,856.0,856.0,856.0,True,0.0,False,True
4508056830_00020,1188.0,1188.0,1188.0,True,0.0,False,True
4508056832_00100,1144.0,1144.0,1144.0,True,0.0,False,True
4508056832_00110,181.0,181.0,181.0,True,0.0,False,True
4508056832_00120,69.0,69.0,69.0,True,0.0,False,True
4508056832_00130,190.0,190.0,190.0,True,0.0,False,True
4508056832_00140,69.0,69.0,69.0,True,0.0,False,True
4508056854_00010,38174.0,38174.0,38174.0,True,0.0,True,True
4508056860_00001,719.0,214290.0,2876.0,False,213571.0,False,True
4508056878_00010,801.0,801.0,801.0,True,0.0,False,True
4508056884_00080,1904.0,1904.0,1904.0,True,0.0,False,True
4508056885_00040,863.0,863.0,863.0,True,0.0,False,True
4508056926_00010,1057.0,1057.0,1057.0,True,0.0,True,True
4508056958_00020,362.0,362.0,362.0,True,0.0,False,True
4508056959_00010,22.0,22.0,22.0,True,0.0,False,True
4508056959_00020,62.0,62.0,62.0,True,0.0,False,True
4508056959_00040,22.0,22.0,22.0,True,0.0,False,True
4508056959_00070,16.0,16.0,16.0,True,0.0,False,True
4508056959_00080,16.0,16.0,16.0,True,0.0,False,True
4508056959_00090,8.0,8.0,8.0,True,0.0,False,True
4508056959_00110,49.0,49.0,49.0,True,0.0,False,True
4508056959_00130,47.0,47.0,47.0,True,0.0,False,True
4508056959_00190,30.0,30.0,30.0,True,0.0,True,True
4508056959_00250,25.0,25.0,25.0,True,0.0,False,True
4508056959_00260,99.0,99.0,99.0,True,0.0,True,True
4508056959_00280,99.0,99.0,99.0,True,0.0,True,True
4508056959_00290,245.0,245.0,245.0,True,0.0,True,True
4508056959_00320,1280.0,1280.0,1280.0,True,0.0,False,True
4508056959_00330,114.0,114.0,114.0,True,0.0,True,True
4508056959_00340,1260.0,1260.0,1260.0,True,0.0,False,True
4508057010_00030,2012.0,2012.0,2012.0,True,0.0,False,False
4508057030_00040,20.0,20.0,20.0,True,0.0,False,True
4508057043_00010,39937.0,39937.0,39937.0,True,0.0,True,True
4508057105_00010,31800.0,31800.0,31800.0,True,0.0,False,True
4508057167_00020,20.0,20.0,20.0,True,0.0,False,True
4508057167_00040,25.0,25.0,25.0,True,0.0,False,True
4508057170_00020,105.0,105.0,105.0,True,0.0,False,True
4508057176_00080,1158.0,1158.0,1158.0,True,0.0,False,True
4508057177_00040,177.0,177.0,177.0,True,0.0,True,True
4508057184_00090,360.0,360.0,360.0,True,0.0,False,True
4508057190_00050,87.0,87.0,87.0,True,0.0,False,True
4508057190_00110,22.0,22.0,22.0,True,0.0,False,True
4508057190_00120,84.0,84.0,84.0,True,0.0,False,True
4508057191_00130,505.0,505.0,505.0,True,0.0,False,True
4508057195_00080,546.0,546.0,546.0,True,0.0,False,True
4508057209_00050,7755.0,7755.0,7755.0,True,0.0,False,True
4508057252_00010,3650.0,3650.0,3650.0,True,0.0,False,True
4508057252_00020,103.0,103.0,103.0,True,0.0,False,True
4508057252_00030,483.0,483.0,483.0,True,0.0,False,True
4508057434_00010,801.0,801.0,801.0,True,0.0,False,True
4508057436_00010,1251.0,1251.0,1251.0,True,0.0,False,True
4508057469_00001,733.0,525314.0,5869.0,False,524581.0,False,True
4508057507_00010,1422.0,1422.0,1422.0,True,0.0,False,True
4508057530_00010,383.0,383.0,383.0,True,0.0,False,True
4508057553_00010,179.0,179.0,179.0,True,0.0,False,True
4508057555_00010,47667.0,47667.0,47667.0,True,0.0,True,True
4508057610_00010,2085.0,2085.0,2085.0,True,0.0,False,True
4508057648_00020,150.0,150.0,150.0,True,0.0,False,True
4508057730_00010,31815.0,31815.0,31815.0,True,0.0,True,True
4508057734_00010,35250.0,35250.0,35250.0,True,0.0,True,True
4508057735_00010,53555.0,53555.0,53555.0,True,0.0,True,True
4508057736_00010,39449.0,39449.0,39449.0,True,0.0,True,True
4508057740_00010,1474.0,1474.0,1474.0,True,0.0,True,True
4508057764_00010,2724.0,2724.0,2724.0,True,0.0,False,True
4508057808_00010,23122.0,23122.0,23122.0,True,0.0,False,True
4508057873_00010,39449.0,39449.0,39449.0,True,0.0,True,True
4508057888_00010,764.0,764.0,764.0,True,0.0,False,True
4508057893_00010,193.0,193.0,193.0,True,0.0,False,True
4508057897_00010,14010.0,14010.0,14010.0,True,0.0,False,True
4508057918_00010,59409.0,59409.0,59409.0,True,0.0,False,True
4508057933_00010,38174.0,38174.0,38174.0,True,0.0,True,True
4508057937_00010,38174.0,38174.0,38174.0,True,0.0,True,True
4508057940_00010,615.0,615.0,615.0,True,0.0,False,True
4508057940_00020,549.0,549.0,549.0,True,0.0,False,True
4508057940_00030,1400.0,1400.0,1400.0,True,0.0,False,True
4508057940_00040,590.0,590.0,590.0,True,0.0,False,True
4508057940_00050,652.0,652.0,652.0,True,0.0,False,True
4508057940_00070,627.0,627.0,627.0,True,0.0,False,True
4508057940_00080,996.0,996.0,996.0,True,0.0,False,True
4508057943_00040,73.0,73.0,73.0,True,0.0,False,True
4508057943_00050,69.0,69.0,69.0,True,0.0,False,True
4508057944_00040,3547.0,3547.0,3547.0,True,0.0,False,True
4508057946_00050,701.0,701.0,701.0,True,0.0,False,True
4508057948_00060,431.0,431.0,431.0,True,0.0,True,True
4508057948_00180,2326.0,2326.0,2326.0,True,0.0,True,True
4508057948_00190,2607.0,2607.0,2607.0,True,0.0,True,True
4508057949_00010,627.0,627.0,627.0,True,0.0,False,False
4508057970_00010,4905.0,4905.0,4905.0,True,0.0,False,True
4508057971_00010,644.0,644.0,644.0,True,0.0,True,False
4508057976_00010,6238.0,6238.0,6238.0,True,0.0,False,False
4508057985_00010,7794.0,7794.0,7794.0,True,0.0,False,True
4508057996_00001,520.0,331513.0,3643.0,False,330993.0,False,True
4508058068_00010,1697.0,1697.0,1697.0,True,0.0,False,False
4508058068_00020,1091.0,1091.0,1091.0,True,0.0,False,False
4508058068_00030,1091.0,1091.0,1091.0,True,0.0,False,False
4508058068_00040,1697.0,1697.0,1697.0,True,0.0,False,False
4508058068_00050,969.0,969.0,969.0,True,0.0,False,False
4508058068_00060,2000.0,2000.0,2000.0,True,0.0,False,False
4508058075_00020,158.0,158.0,158.0,True,0.0,False,True
4508058093_00010,6014.0,6014.0,6014.0,True,0.0,False,False
4508058098_00020,2070.0,2070.0,2070.0,True,0.0,True,False
4508058111_00010,2757.0,2757.0,2757.0,True,0.0,True,False
4508058117_00010,926.0,926.0,926.0,True,0.0,True,True
4508058117_00030,18.0,18.0,18.0,True,0.0,True,True
4508058117_00040,8390.0,8390.0,8390.0,True,0.0,True,True
4508058157_00070,1211.0,1211.0,1211.0,True,0.0,True,True
4508058232_00001,536.0,536.0,536.0,True,0.0,False,True
4508058242_00001,536.0,536.0,536.0,True,0.0,False,True
4508058243_00001,536.0,536.0,536.0,True,0.0,False,True
4508058244_00001,536.0,536.0,536.0,True,0.0,False,True
4508058367_00070,29.0,29.0,29.0,True,0.0,False,True
4508058378_00090,362.0,362.0,362.0,True,0.0,False,True
4508058378_00100,535.0,535.0,535.0,True,0.0,False,True
4508058382_00420,93.0,93.0,93.0,True,0.0,True,True
4508058382_00440,66.0,66.0,66.0,True,0.0,True,True
4508058573_00020,2598.0,2598.0,2598.0,True,0.0,True,False
4508058573_00030,2104.0,2104.0,2104.0,True,0.0,True,False
4508058578_00020,969.0,969.0,969.0,True,0.0,True,False
4508058578_00030,969.0,969.0,969.0,True,0.0,True,False
4508058579_00010,969.0,969.0,969.0,True,0.0,False,False
4508058580_00010,1299.0,1299.0,1299.0,True,0.0,False,False
4508058582_00010,6017.0,6017.0,6017.0,True,0.0,False,True
4508058583_00010,3315.0,3315.0,3315.0,True,0.0,False,True
4508058607_00001,308.0,177892.0,1849.0,False,177584.0,False,True
4508058610_00001,675.0,14860.0,675.0,False,14185.0,False,True
4508058633_00020,245.0,245.0,245.0,True,0.0,True,True
4508058633_00030,30.0,30.0,30.0,True,0.0,True,True
4508058633_00040,38.0,38.0,38.0,True,0.0,True,True
4508058633_00050,14.0,14.0,14.0,True,0.0,False,True
4508058633_00070,278.0,278.0,278.0,True,0.0,True,True
4508058633_00140,58.0,58.0,58.0,True,0.0,True,True
4508058633_00150,426.0,426.0,426.0,True,0.0,True,True
4508058667_00010,1095.0,1095.0,1095.0,True,0.0,True,True
4508058669_00030,398.0,398.0,398.0,True,0.0,False,True
4508058673_00030,306.0,306.0,306.0,True,0.0,False,True
4508058675_00010,332.0,332.0,332.0,True,0.0,False,True
4508058675_00020,142.0,142.0,142.0,True,0.0,False,True
4508058709_00120,546.0,546.0,546.0,True,0.0,False,True
4508058820_00020,1668.0,1668.0,1668.0,True,0.0,False,False
4508058853_00010,481.0,481.0,481.0,True,0.0,True,True
4508058853_00060,260.0,260.0,260.0,True,0.0,False,True
4508058863_00010,17753.0,17753.0,17753.0,True,0.0,False,False
4508058869_00010,3914.0,3914.0,3914.0,True,0.0,False,True
4508058874_00010,70148.0,210444.0,210444.0,False,140296.0,True,False
4508058891_00040,866.0,866.0,866.0,True,0.0,True,False
4508058892_00030,502.0,502.0,502.0,True,0.0,True,False
4508058905_00010,625.0,625.0,625.0,True,0.0,False,False
4508058922_00001,173.0,21289.0,346.0,False,21116.0,False,True
4508059067_00020,1789.0,1789.0,1789.0,True,0.0,False,True
4508059067_00030,663.0,663.0,663.0,True,0.0,False,True
4508059085_00010,127.0,127.0,127.0,True,0.0,True,True
4508059109_00010,1717.0,1717.0,1717.0,True,0.0,True,True
4508059133_00010,150.0,150.0,150.0,True,0.0,False,False
4508059133_00020,313.0,313.0,313.0,True,0.0,False,False
4508059134_00010,172.0,172.0,172.0,True,0.0,False,False
4508059134_00030,2222.0,2222.0,2222.0,True,0.0,False,False
4508059136_00100,331.0,331.0,331.0,True,0.0,False,True
4508059136_00110,172.0,172.0,172.0,True,0.0,False,True
4508059136_00120,172.0,172.0,172.0,True,0.0,False,True
4508059138_00080,654.0,654.0,654.0,True,0.0,True,True
4508059138_00090,775.0,775.0,775.0,True,0.0,True,True
4508059139_00010,288.0,288.0,288.0,True,0.0,False,True
4508059143_00010,35250.0,35250.0,35250.0,True,0.0,True,True
4508059150_00010,39449.0,39449.0,39449.0,True,0.0,True,True
4508059151_00010,53679.0,53679.0,53679.0,True,0.0,True,True
4508059152_00020,1857.0,1857.0,1857.0,True,0.0,False,True
4508059270_00030,263.0,263.0,263.0,True,0.0,False,True
4508059270_00040,245.0,245.0,245.0,True,0.0,True,True
4508059270_00050,143.0,143.0,143.0,True,0.0,False,True
4508059270_00180,63.0,63.0,63.0,True,0.0,False,True
4508059270_00240,29.0,29.0,29.0,True,0.0,False,True
4508059270_00250,47.0,47.0,47.0,True,0.0,False,True
4508059270_00260,47.0,47.0,47.0,True,0.0,False,True
4508059270_00270,47.0,47.0,47.0,True,0.0,False,True
4508059270_00340,534.0,534.0,534.0,True,0.0,False,True
4508059312_00010,23122.0,23122.0,23122.0,True,0.0,False,False
4508059317_00010,31945.0,31945.0,31945.0,True,0.0,True,True
4508059318_00010,29815.0,29815.0,29815.0,True,0.0,True,True
4508059323_00010,1732.0,1732.0,1732.0,True,0.0,True,False
4508059323_00020,2598.0,2598.0,2598.0,True,0.0,True,False
4508059330_00010,4905.0,4905.0,4905.0,True,0.0,False,True
4508059336_00010,364.0,364.0,364.0,True,0.0,False,True
4508059346_00040,1496.0,1496.0,1496.0,True,0.0,True,False
4508059367_00010,31734.0,31734.0,31734.0,True,0.0,False,True
4508059412_00010,10682.0,10682.0,10682.0,True,0.0,True,True
4508059412_00020,14256.0,14256.0,14256.0,True,0.0,False,True
4508059429_00010,38538.0,38538.0,38538.0,True,0.0,False,True
4508059436_00010,259.0,259.0,259.0,True,0.0,False,False
4508059456_00010,154.0,154.0,154.0,True,0.0,True,True
4508059459_00010,45033.0,45033.0,45033.0,True,0.0,False,True
4508059470_00001,742.0,676555.0,7426.0,False,675813.0,False,True
4508059517_00010,43.0,43.0,43.0,True,0.0,False,True
4508059610_00030,445.0,445.0,445.0,True,0.0,False,True
4508059615_00010,25461.0,25461.0,25461.0,True,0.0,False,True
4508059616_00050,358.0,358.0,358.0,True,0.0,True,True
4508059625_00060,5736.0,5736.0,5736.0,True,0.0,True,True
4508059626_00010,8372.0,8372.0,8372.0,True,0.0,False,True
4508059630_00010,834.0,834.0,834.0,True,0.0,False,False
4508059648_00030,53.0,53.0,53.0,True,0.0,True,True
4508059651_00040,273.0,273.0,273.0,True,0.0,False,True
4508059662_00170,5095.0,5095.0,5095.0,True,0.0,False,True
4508059664_00040,237.0,237.0,237.0,True,0.0,True,True
4508059692_00010,484.0,484.0,484.0,True,0.0,False,False
4508059756_00030,472.0,472.0,472.0,True,0.0,False,True
4508059756_00040,724.0,724.0,724.0,True,0.0,False,True
4508059761_00010,87.0,87.0,87.0,True,0.0,False,True
4508059761_00020,1347.0,1347.0,1347.0,True,0.0,False,True
4508059761_00030,104.0,104.0,104.0,True,0.0,False,True
4508059761_00080,95.0,95.0,95.0,True,0.0,False,True
4508059761_00130,21.0,21.0,21.0,True,0.0,False,True
4508059761_00150,123.0,123.0,123.0,True,0.0,True,True
4508059761_00160,245.0,245.0,245.0,True,0.0,True,True
4508059779_00010,9680.0,9680.0,9680.0,True,0.0,True,True
4508059791_00040,417.0,417.0,417.0,True,0.0,False,False
4508059797_00050,441.0,441.0,441.0,True,0.0,False,True
4508059860_00010,1603.0,1603.0,1603.0,True,0.0,False,False
4508059878_00010,2641.0,2641.0,2641.0,True,0.0,False,True
4508059878_00020,4188.0,4188.0,4188.0,True,0.0,True,True
4508059924_00010,2598.0,2598.0,2598.0,True,0.0,True,True
4508059928_00010,4787.0,4787.0,4787.0,True,0.0,True,True
4508059932_00030,509.0,509.0,509.0,True,0.0,True,True
4508059935_00030,18359.0,18359.0,18359.0,True,0.0,False,True
4508059935_00040,6110.0,6110.0,6110.0,True,0.0,False,False
4508059936_00010,3138.0,3138.0,3138.0,True,0.0,True,False
4508059941_00010,4845.0,4845.0,4845.0,True,0.0,False,True
4508059944_00010,5265.0,5265.0,5265.0,True,0.0,False,False
4508059971_00010,121.0,121.0,121.0,True,0.0,False,False
4508059985_00020,87.0,87.0,87.0,True,0.0,False,True
4508059985_00080,16.0,16.0,16.0,True,0.0,False,True
4508059987_00001,923.0,210552.0,2770.0,False,209629.0,False,True
4508060014_00020,29.0,29.0,29.0,True,0.0,False,True
4508060062_00010,400.0,400.0,400.0,True,0.0,False,False
4508060064_00020,53.0,53.0,53.0,True,0.0,False,True
4508060093_00010,969.0,969.0,969.0,True,0.0,True,False
4508060093_00020,969.0,969.0,969.0,True,0.0,True,False
4508060093_00030,969.0,969.0,969.0,True,0.0,True,False
4508060094_00020,969.0,969.0,969.0,True,0.0,False,False
4508060110_00090,2243.0,2243.0,2243.0,True,0.0,True,True
4508060113_00130,1467.0,1467.0,1467.0,True,0.0,True,True
4508060155_00010,1803.0,1803.0,1803.0,True,0.0,True,False
4508060191_00020,1214.0,1214.0,1214.0,True,0.0,True,False
4508060191_00030,163.0,163.0,163.0,True,0.0,True,False
4508060191_00040,1663.0,1663.0,1663.0,True,0.0,False,False
4508060191_00050,3207.0,3207.0,3207.0,True,0.0,False,False
4508060191_00060,3564.0,3564.0,3564.0,True,0.0,False,False
4508060192_00010,157.0,157.0,157.0,True,0.0,False,True
4508060193_00020,288.0,288.0,288.0,True,0.0,False,True
4508060196_00010,1426.0,1426.0,1426.0,True,0.0,False,True
4508060196_00020,364.0,364.0,364.0,True,0.0,False,True
4508060196_00030,959.0,959.0,959.0,True,0.0,False,True
4508060196_00040,856.0,856.0,856.0,True,0.0,False,True
4508060196_00050,1782.0,1782.0,1782.0,True,0.0,False,False
4508060196_00060,15721.0,15721.0,15721.0,True,0.0,False,True
4508060196_00080,1156.0,1156.0,1156.0,True,0.0,False,True
4508060220_00020,857.0,857.0,857.0,True,0.0,False,True
4508060220_00030,676.0,676.0,676.0,True,0.0,False,False
4508060220_00070,676.0,676.0,676.0,True,0.0,False,False
4508060220_00140,403.0,403.0,403.0,True,0.0,False,True
4508060220_00190,340.0,340.0,340.0,True,0.0,False,False
4508060220_00270,290.0,290.0,290.0,True,0.0,False,False
4508060220_00330,676.0,676.0,676.0,True,0.0,False,False
4508060220_00340,413.0,413.0,413.0,True,0.0,False,True
4508060220_00350,63.0,63.0,63.0,True,0.0,False,True
4508060220_00360,413.0,413.0,413.0,True,0.0,False,False
4508060220_00380,1241.0,1241.0,1241.0,True,0.0,False,True
4508060220_00390,1081.0,1081.0,1081.0,True,0.0,True,False
4508060220_00400,1087.0,1087.0,1087.0,True,0.0,False,True
4508060220_00410,759.0,759.0,759.0,True,0.0,False,False
4508060220_00420,543.0,543.0,543.0,True,0.0,False,False
4508060220_00430,905.0,905.0,905.0,True,0.0,False,True
4508060220_00440,724.0,724.0,724.0,True,0.0,True,True
4508060220_00450,362.0,362.0,362.0,True,0.0,False,True
4508060220_00460,543.0,543.0,543.0,True,0.0,False,True
4508060220_00500,165.0,165.0,165.0,True,0.0,False,False
4508060220_00540,123.0,123.0,123.0,True,0.0,False,True
4508060220_00590,104.0,104.0,104.0,True,0.0,False,False
4508060220_00600,103.0,103.0,103.0,True,0.0,False,True
4508060220_00680,69.0,69.0,69.0,True,0.0,False,False
4508060220_00700,63.0,63.0,63.0,True,0.0,False,False
4508060220_00710,63.0,63.0,63.0,True,0.0,False,False
4508060220_00720,63.0,63.0,63.0,True,0.0,False,False
4508060220_00730,63.0,63.0,63.0,True,0.0,False,False
4508060220_00740,469.0,469.0,469.0,True,0.0,False,True
4508060220_00750,63.0,63.0,63.0,True,0.0,False,False
4508060220_00760,63.0,63.0,63.0,True,0.0,False,False
4508060220_00790,34.0,34.0,34.0,True,0.0,False,False
4508060220_00800,724.0,724.0,724.0,True,0.0,False,True
4508060220_00810,34.0,34.0,34.0,True,0.0,False,False
4508060221_00040,362.0,362.0,362.0,True,0.0,False,True
4508060223_00050,2593.0,2593.0,2593.0,True,0.0,False,True
4508060230_00040,187.0,187.0,187.0,True,0.0,True,True
4508060231_00120,761.0,761.0,761.0,True,0.0,False,True
4508060231_00140,1289.0,1289.0,1289.0,True,0.0,True,True
4508060231_00160,648.0,648.0,648.0,True,0.0,True,True
4508060231_00170,499.0,499.0,499.0,True,0.0,True,True
4508060232_00020,178.0,178.0,178.0,True,0.0,False,True
4508060232_00030,89.0,89.0,89.0,True,0.0,False,True
4508060232_00040,89.0,89.0,89.0,True,0.0,False,True
4508060241_00240,3649.0,3649.0,3649.0,True,0.0,True,True
4508060241_00250,775.0,775.0,775.0,True,0.0,True,True
4508060241_00260,492.0,492.0,492.0,True,0.0,True,True
4508060241_00280,602.0,602.0,602.0,True,0.0,True,True
4508060241_00300,431.0,431.0,431.0,True,0.0,True,True
4508060241_00320,1292.0,1292.0,1292.0,True,0.0,True,True
4508060242_00010,4545.0,4545.0,4545.0,True,0.0,False,True
4508060245_00030,632.0,632.0,632.0,True,0.0,False,False
4508060245_00040,2430.0,2430.0,2430.0,True,0.0,False,False
4508060249_00010,6238.0,6238.0,6238.0,True,0.0,False,False
4508060380_00010,27678.0,27678.0,27678.0,True,0.0,False,True
4508060384_00001,590.0,269680.0,2950.0,False,269090.0,False,True
4508060414_00020,362.0,362.0,362.0,True,0.0,False,True
4508060476_00010,3212.0,3212.0,3212.0,True,0.0,False,True
4508060476_00030,340.0,340.0,340.0,True,0.0,False,True
4508060476_00040,191.0,191.0,191.0,True,0.0,False,True
4508060476_00060,391.0,391.0,391.0,True,0.0,False,True
4508060476_00090,193.0,193.0,193.0,True,0.0,False,True
4508060476_00100,902.0,902.0,902.0,True,0.0,False,True
4508060481_00010,720.0,720.0,720.0,True,0.0,False,False
4508060481_00020,762.0,762.0,762.0,True,0.0,False,False
4508060503_00010,2182.0,2182.0,2182.0,True,0.0,True,False
4508060528_00010,39449.0,39449.0,39449.0,True,0.0,True,True
4508060531_00010,38312.0,38312.0,38312.0,True,0.0,True,True
4508060536_00010,1274.0,1274.0,1274.0,True,0.0,False,True
4508060543_00010,277.0,277.0,277.0,True,0.0,False,False
4508060550_00010,35998.0,35998.0,35998.0,True,0.0,False,False
4508060594_00010,2662.0,2662.0,2662.0,True,0.0,False,True
4508060642_00010,3089.0,3089.0,3089.0,True,0.0,False,True
4508060642_00020,5438.0,5438.0,5438.0,True,0.0,False,True
4508060642_00030,3983.0,3983.0,3983.0,True,0.0,False,True
4508060650_00010,3315.0,3315.0,3315.0,True,0.0,False,True
4508060650_00020,1915.0,1915.0,1915.0,True,0.0,False,True
4508060656_00010,7736.0,7736.0,7736.0,True,0.0,False,True
4508060722_00020,1069.0,1069.0,1069.0,True,0.0,False,True
4508060722_00070,30.0,30.0,30.0,True,0.0,True,True
4508060722_00080,245.0,245.0,245.0,True,0.0,True,True
4508060722_00090,426.0,426.0,426.0,True,0.0,False,True
4508060722_00100,58.0,58.0,58.0,True,0.0,True,True
4508060722_00250,49.0,49.0,49.0,True,0.0,False,True
4508060722_00260,21.0,21.0,21.0,True,0.0,False,True
4508060722_00270,78.0,78.0,78.0,True,0.0,True,True
4508060722_00280,123.0,123.0,123.0,True,0.0,True,True
4508060722_00290,262.0,262.0,262.0,True,0.0,False,True
4508060783_00010,8070.0,8070.0,8070.0,True,0.0,True,False
4508060864_00020,2988.0,2988.0,2988.0,True,0.0,False,True
4508060902_00010,14202.0,14202.0,14202.0,True,0.0,False,False
4508060960_00001,795.0,607082.0,6365.0,False,606287.0,False,True
4508061027_00010,37.0,37.0,37.0,True,0.0,False,True
4508061034_00040,1102.0,1102.0,1102.0,True,0.0,False,True
4508061036_00060,779.0,779.0,779.0,True,0.0,False,True
4508061041_00020,1816.0,1816.0,1816.0,True,0.0,False,True
4508061067_00230,73.0,73.0,73.0,True,0.0,True,False
4508061080_00010,484.0,484.0,484.0,True,0.0,False,False
4508061080_00020,484.0,484.0,484.0,True,0.0,False,False
4508061080_00060,484.0,484.0,484.0,True,0.0,False,False
4508061082_00050,945.0,945.0,945.0,True,0.0,False,True
4508061093_00050,562.0,562.0,562.0,True,0.0,False,True
4508061094_00120,2381.0,2381.0,2381.0,True,0.0,True,False
4508061102_00060,444.0,444.0,444.0,True,0.0,True,False
4508061104_00130,4003.0,4003.0,4003.0,True,0.0,False,True
4508061147_00010,498.0,498.0,498.0,True,0.0,False,False
4508061197_00020,801.0,801.0,801.0,True,0.0,False,False
4508061197_00030,417.0,417.0,417.0,True,0.0,False,False
4508061199_00010,1603.0,1603.0,1603.0,True,0.0,False,False
4508061231_00010,326.0,326.0,326.0,True,0.0,True,False
4508061231_00020,953.0,953.0,953.0,True,0.0,False,False
4508061231_00030,907.0,907.0,907.0,True,0.0,True,False
4508061231_00040,2429.0,2429.0,2429.0,True,0.0,True,False
4508061294_00110,223.0,223.0,223.0,True,0.0,True,True
4508061294_00180,245.0,245.0,245.0,True,0.0,True,True
4508061294_00190,87.0,87.0,87.0,True,0.0,True,True
4508061294_00200,84.0,84.0,84.0,True,0.0,True,True
4508061294_00210,116.0,116.0,116.0,True,0.0,True,True
4508061294_00260,271.0,271.0,271.0,True,0.0,True,True
4508061357_00010,35333.0,35333.0,35333.0,True,0.0,True,True
4508061391_00010,17753.0,17753.0,17753.0,True,0.0,False,True
4508061433_00030,55.0,55.0,55.0,True,0.0,False,False
4508061433_00040,19.0,19.0,19.0,True,0.0,False,False
4508061477_00010,42.0,42.0,42.0,True,0.0,False,True
4508061477_00100,74.0,74.0,74.0,True,0.0,True,True
4508061477_00110,412.0,412.0,412.0,True,0.0,False,True
4508061497_00020,853.0,853.0,853.0,True,0.0,False,True
4508061505_00040,299.0,299.0,299.0,True,0.0,True,True
4508061511_00010,46.0,46.0,46.0,True,0.0,False,False
4508061511_00020,277.0,277.0,277.0,True,0.0,False,False
4508061521_00030,314.0,314.0,314.0,True,0.0,True,True
4508061529_00010,288.0,288.0,288.0,True,0.0,False,True
4508061529_00040,2568.0,2568.0,2568.0,True,0.0,False,True
4508061540_00160,3483.0,3483.0,3483.0,True,0.0,False,True
4508061542_00050,153.0,153.0,153.0,True,0.0,True,True
4508061572_00010,834.0,834.0,834.0,True,0.0,False,False
4508061580_00010,764.0,764.0,764.0,True,0.0,False,True
4508061583_00010,270.0,270.0,270.0,True,0.0,False,True
4508061671_00010,519.0,519.0,519.0,True,0.0,False,False
4508061673_00001,617.0,405442.0,4319.0,False,404825.0,False,True
4508061778_00001,1428.0,1428.0,1428.0,True,0.0,False,True
4508061819_00010,9810.0,9810.0,9810.0,True,0.0,False,False
4508061852_00010,57881.0,57881.0,57881.0,True,0.0,True,False
4508061863_00010,445.0,445.0,445.0,True,0.0,False,True
4508061863_00020,179.0,179.0,179.0,True,0.0,False,True
4508061863_00050,245.0,245.0,245.0,True,0.0,False,True
4508061863_00070,601.0,601.0,601.0,True,0.0,False,True
4508061929_00020,816.0,816.0,816.0,True,0.0,False,True
4508061934_00010,163.0,163.0,163.0,True,0.0,False,False
4508061934_00020,551.0,551.0,551.0,True,0.0,False,False
4508061934_00050,737.0,737.0,737.0,True,0.0,False,False
4508061934_00060,1033.0,1033.0,1033.0,True,0.0,False,False
4508061934_00070,269.0,269.0,269.0,True,0.0,False,False
4508061934_00080,343.0,343.0,343.0,True,0.0,False,False
4508061934_00090,343.0,343.0,343.0,True,0.0,False,False
4508061934_00110,171.0,171.0,171.0,True,0.0,False,False
4508061934_00120,303.0,303.0,303.0,True,0.0,False,False
4508061934_00130,303.0,303.0,303.0,True,0.0,False,False
4508061934_00140,737.0,737.0,737.0,True,0.0,False,False
4508061934_00150,184.0,184.0,184.0,True,0.0,False,False
4508061934_00160,269.0,269.0,269.0,True,0.0,False,False
4508061934_00170,538.0,538.0,538.0,True,0.0,False,False
4508061934_00180,921.0,921.0,921.0,True,0.0,False,False
4508061934_00190,534.0,534.0,534.0,True,0.0,False,False
4508061934_00200,673.0,673.0,673.0,True,0.0,False,False
4508061934_00210,1474.0,1474.0,1474.0,True,0.0,False,False
4508061934_00230,1474.0,1474.0,1474.0,True,0.0,False,False
4508061935_00120,148.0,148.0,148.0,True,0.0,False,False
4508061938_00020,2535.0,2535.0,2535.0,True,0.0,True,False
4508061938_00030,2852.0,2852.0,2852.0,True,0.0,True,False
4508061938_00040,716.0,716.0,716.0,True,0.0,True,False
4508061941_00010,617.0,617.0,617.0,True,0.0,True,False
4508061943_00070,181.0,181.0,181.0,True,0.0,False,False
4508061943_00080,290.0,290.0,290.0,True,0.0,False,False
4508061946_00120,34.0,34.0,34.0,True,0.0,False,True
4508061946_00130,69.0,69.0,69.0,True,0.0,False,True
4508061946_00140,69.0,69.0,69.0,True,0.0,False,True
4508061946_00150,172.0,172.0,172.0,True,0.0,False,True
4508061946_00160,207.0,207.0,207.0,True,0.0,False,True
4508061946_00170,207.0,207.0,207.0,True,0.0,False,True
4508061946_00180,63.0,63.0,63.0,True,0.0,False,True
4508061946_00190,63.0,63.0,63.0,True,0.0,False,True
4508061946_00200,63.0,63.0,63.0,True,0.0,False,True
4508061946_00410,601.0,601.0,601.0,True,0.0,False,True
4508061946_00420,562.0,562.0,562.0,True,0.0,False,True
4508061946_00430,901.0,901.0,901.0,True,0.0,False,True
4508061946_00440,562.0,562.0,562.0,True,0.0,False,True
4508061946_00450,300.0,300.0,300.0,True,0.0,False,True
4508061946_00460,562.0,562.0,562.0,True,0.0,False,True
4508061946_00470,450.0,450.0,450.0,True,0.0,False,True
4508061946_00480,562.0,562.0,562.0,True,0.0,False,True
4508061946_00520,433.0,433.0,433.0,True,0.0,True,True
4508061946_00530,276.0,276.0,276.0,True,0.0,False,True
4508061946_00540,138.0,138.0,138.0,True,0.0,False,True
4508061946_00550,172.0,172.0,172.0,True,0.0,True,True
4508061946_00560,69.0,69.0,69.0,True,0.0,True,True
4508061946_00570,103.0,103.0,103.0,True,0.0,True,True
4508061946_00580,63.0,63.0,63.0,True,0.0,True,True
4508061946_00590,63.0,63.0,63.0,True,0.0,True,True
4508061946_00600,63.0,63.0,63.0,True,0.0,True,True
4508061949_00040,827.0,827.0,827.0,True,0.0,False,True
4508061949_00050,181.0,181.0,181.0,True,0.0,False,True
4508061949_00070,234.0,234.0,234.0,True,0.0,True,True
4508061950_00020,975.0,975.0,975.0,True,0.0,False,False
4508061951_00060,761.0,761.0,761.0,True,0.0,False,False
4508061951_00090,576.0,576.0,576.0,True,0.0,False,False
4508061954_00090,775.0,775.0,775.0,True,0.0,True,True
4508061954_00100,608.0,608.0,608.0,True,0.0,True,True
4508061954_00110,861.0,861.0,861.0,True,0.0,True,True
4508061954_00230,1292.0,1292.0,1292.0,True,0.0,True,True
4508061954_00250,3477.0,3477.0,3477.0,True,0.0,True,True
4508061957_00030,499.0,499.0,499.0,True,0.0,True,False
4508061957_00060,627.0,627.0,627.0,True,0.0,False,False
4508061957_00070,536.0,536.0,536.0,True,0.0,True,False
4508061957_00080,950.0,950.0,950.0,True,0.0,True,False
4508061957_00090,881.0,881.0,881.0,True,0.0,True,False
4508061957_00120,536.0,536.0,536.0,True,0.0,True,False
4508061957_00130,620.0,620.0,620.0,True,0.0,True,False
4508061962_00010,8421.0,8421.0,8421.0,True,0.0,True,False
4508061962_00020,11663.0,11663.0,11663.0,True,0.0,True,False
4508061962_00030,2571.0,2571.0,2571.0,True,0.0,False,False
4508061962_00040,489.0,489.0,489.0,True,0.0,True,False
4508061962_00050,2837.0,2837.0,2837.0,True,0.0,True,True
4508061962_00060,1871.0,1871.0,1871.0,True,0.0,False,False
4508061962_00070,394.0,394.0,394.0,True,0.0,False,False
4508061964_00020,1545.0,1545.0,1545.0,True,0.0,False,True
4508061976_00020,1939.0,1939.0,1939.0,True,0.0,True,False
4508061976_00090,1454.0,1454.0,1454.0,True,0.0,True,False
4508061985_00010,49550.0,49550.0,49550.0,True,0.0,True,False
4508061990_00010,39449.0,39449.0,39449.0,True,0.0,False,False
4508062085_00010,143.0,143.0,143.0,True,0.0,False,True
4508062085_00030,209.0,209.0,209.0,True,0.0,False,True
4508062085_00040,2182.0,2182.0,2182.0,True,0.0,False,True
4508062085_00220,174.0,174.0,174.0,True,0.0,False,True
4508062092_00010,3712.0,3712.0,3712.0,True,0.0,False,True
4508062092_00020,7191.0,7191.0,7191.0,True,0.0,False,True
4508062092_00030,2925.0,2925.0,2925.0,True,0.0,False,True
4508062092_00040,11515.0,11515.0,11515.0,True,0.0,False,True
4508062180_00010,1603.0,1603.0,1603.0,True,0.0,False,False
4508062211_00010,27255.0,27255.0,27255.0,True,0.0,True,True
4508062290_00010,55744.0,55744.0,55744.0,True,0.0,False,False
4508062334_00010,519.0,519.0,519.0,True,0.0,False,False
4508062370_00010,7669.0,7669.0,7669.0,True,0.0,False,True
4508062370_00020,1533.0,1533.0,1533.0,True,0.0,False,True
4508062374_00001,650.0,407303.0,4554.0,False,406653.0,False,True
4508062471_00010,4009.0,4009.0,4009.0,True,0.0,False,False
4508062472_00010,400.0,400.0,400.0,True,0.0,False,False
4508062493_00040,156.0,156.0,156.0,True,0.0,False,True
4508062501_00060,886.0,886.0,886.0,True,0.0,False,True
4508062508_00030,6357.0,6357.0,6357.0,True,0.0,False,True
4508062511_00010,533.0,533.0,533.0,True,0.0,True,True
4508062511_00020,3960.0,3960.0,3960.0,True,0.0,True,True
4508062511_00030,3353.0,3353.0,3353.0,True,0.0,True,True
4508062511_00040,3398.0,3398.0,3398.0,True,0.0,True,True
4508062520_00010,275.0,275.0,275.0,True,0.0,False,True
4508062520_00020,719.0,719.0,719.0,True,0.0,False,True
4508062520_00030,1198.0,1198.0,1198.0,True,0.0,False,True
4508062520_00040,918.0,918.0,918.0,True,0.0,False,True
4508062520_00050,494.0,494.0,494.0,True,0.0,False,True
4508062550_00130,3623.0,3623.0,3623.0,True,0.0,False,True
4508062562_00010,157.0,157.0,157.0,True,0.0,False,True
4508062647_00010,517.0,517.0,517.0,True,0.0,True,False
4508062650_00010,2837.0,2837.0,2837.0,True,0.0,True,True
4508062654_00010,6017.0,6017.0,6017.0,True,0.0,False,False
4508062659_00010,6276.0,6276.0,6276.0,True,0.0,True,False
4508062663_00020,3311.0,3311.0,3311.0,True,0.0,True,False
4508062665_00010,2598.0,2598.0,2598.0,True,0.0,True,False
4508062667_00010,2416.0,2416.0,2416.0,True,0.0,False,True
4508062673_00010,431.0,431.0,431.0,True,0.0,False,True
4508062694_00010,3914.0,3914.0,3914.0,True,0.0,False,True
4508062718_00020,346.0,346.0,346.0,True,0.0,True,False
4508062719_00020,562.0,562.0,562.0,True,0.0,True,False
4508062719_00030,581.0,581.0,581.0,True,0.0,True,False
4508062719_00040,363.0,363.0,363.0,True,0.0,False,False
4508062719_00050,363.0,363.0,363.0,True,0.0,False,False
4508062728_00010,1495.0,1495.0,1495.0,True,0.0,False,False
4508062762_00030,362.0,362.0,362.0,True,0.0,False,True
4508062762_00040,1070.0,1070.0,1070.0,True,0.0,False,True
4508062763_00010,41.0,41.0,41.0,True,0.0,False,True
4508062763_00120,22.0,22.0,22.0,True,0.0,False,True
4508062763_00140,99.0,99.0,99.0,True,0.0,True,True
4508062763_00150,245.0,245.0,245.0,True,0.0,True,True
4508062763_00160,87.0,87.0,87.0,True,0.0,False,True
4508062763_00180,2246.0,2246.0,2246.0,True,0.0,False,True
4508062763_00190,502.0,502.0,502.0,True,0.0,False,True
4508062763_00200,23.0,23.0,23.0,True,0.0,False,True
4508062763_00210,23.0,23.0,23.0,True,0.0,False,True
4508062763_00220,174.0,174.0,174.0,True,0.0,False,True
4508062768_00020,210.0,210.0,210.0,True,0.0,False,True
4508062830_00010,221.0,221.0,221.0,True,0.0,False,False
4508062832_00010,2004.0,2004.0,2004.0,True,0.0,False,False
4508062833_00030,1496.0,1496.0,1496.0,True,0.0,False,False
4508062833_00040,834.0,834.0,834.0,True,0.0,False,False
4508062833_00050,801.0,801.0,801.0,True,0.0,False,False
4508062844_00010,150.0,150.0,150.0,True,0.0,False,False
4508062874_00010,107955.0,107955.0,107955.0,True,0.0,False,False
4508062876_00010,284.0,284.0,284.0,True,0.0,False,True
4508062880_00010,1039.0,1039.0,1039.0,True,0.0,False,False
4508062926_00010,1434.0,1434.0,1434.0,True,0.0,True,True
4508062927_00010,801.0,801.0,801.0,True,0.0,False,False
4508062956_00100,436.0,436.0,436.0,True,0.0,True,False
4508062956_00110,1496.0,1496.0,1496.0,True,0.0,True,False
4508063011_00030,12.0,12.0,12.0,True,0.0,False,True
4508063011_00040,12.0,12.0,12.0,True,0.0,False,True
4508063011_00120,66.0,66.0,66.0,True,0.0,True,True
4508063011_00130,13.0,13.0,13.0,True,0.0,False,True
4508063011_00140,12.0,12.0,12.0,True,0.0,False,True
4508063011_00150,12.0,12.0,12.0,True,0.0,False,True
4508063011_00160,12.0,12.0,12.0,True,0.0,False,True
4508063020_00110,650.0,650.0,650.0,True,0.0,True,True
4508063022_00100,25.0,25.0,25.0,True,0.0,True,True
4508063052_00080,5642.0,5642.0,5642.0,True,0.0,False,True
4508063055_00010,608.0,608.0,608.0,True,0.0,True,True
4508063055_00020,202.0,202.0,202.0,True,0.0,True,True
4508063055_00030,102.0,102.0,102.0,True,0.0,True,True
4508063060_00010,2241.0,2241.0,2241.0,True,0.0,False,True
4508063060_00020,571.0,571.0,571.0,True,0.0,False,True
4508063060_00030,13163.0,13163.0,13163.0,True,0.0,False,False
4508063060_00040,4065.0,4065.0,4065.0,True,0.0,False,True
4508063066_00050,241.0,241.0,241.0,True,0.0,True,True
4508063073_00040,89.0,89.0,89.0,True,0.0,False,True
4508063079_00030,1668.0,1668.0,1668.0,True,0.0,False,False
4508063090_00030,1015.0,1015.0,1015.0,True,0.0,True,True
4508063153_00020,6616.0,6616.0,6616.0,True,0.0,False,False
4508063153_00030,3491.0,3491.0,3491.0,True,0.0,False,False
4508063155_00010,404.0,404.0,404.0,True,0.0,False,True
4508063159_00010,210.0,210.0,210.0,True,0.0,True,True
4508063159_00030,128.0,128.0,128.0,True,0.0,True,True
4508063223_00001,467.0,318236.0,3271.0,False,317769.0,False,True
4508063298_00040,1229.0,1229.0,1229.0,True,0.0,False,True
4508063317_00050,1607.0,1607.0,1607.0,True,0.0,True,False
4508063317_00070,4764.0,4764.0,4764.0,True,0.0,True,False
4508063317_00080,2381.0,2381.0,2381.0,True,0.0,True,False
4508063322_00020,2230.0,2230.0,2230.0,True,0.0,True,False
4508063418_00010,24079.0,24079.0,24079.0,True,0.0,True,True
4508063433_00010,5092.0,5092.0,5092.0,True,0.0,False,False
4508063433_00020,1305.0,1305.0,1305.0,True,0.0,True,False
4508063433_00030,7789.0,7789.0,7789.0,True,0.0,True,False
4508063433_00040,3631.0,3631.0,3631.0,True,0.0,True,False
4508063434_00010,552.0,552.0,552.0,True,0.0,False,True
4508063434_00020,1924.0,1924.0,1924.0,True,0.0,False,True
4508063436_00020,148.0,148.0,148.0,True,0.0,False,False
4508063437_00030,1743.0,1743.0,1743.0,True,0.0,True,False
4508063439_00110,413.0,413.0,413.0,True,0.0,False,True
4508063439_00120,676.0,676.0,676.0,True,0.0,False,False
4508063439_00130,330.0,330.0,330.0,True,0.0,True,True
4508063439_00210,327.0,327.0,327.0,True,0.0,False,True
4508063439_00220,165.0,165.0,165.0,True,0.0,False,True
4508063439_00230,34.0,34.0,34.0,True,0.0,False,False
4508063439_00240,138.0,138.0,138.0,True,0.0,False,False
4508063439_00250,172.0,172.0,172.0,True,0.0,False,False
4508063439_00260,207.0,207.0,207.0,True,0.0,False,False
4508063439_00270,172.0,172.0,172.0,True,0.0,False,False
4508063439_00280,69.0,69.0,69.0,True,0.0,False,False
4508063439_00290,242.0,242.0,242.0,True,0.0,False,False
4508063439_00300,276.0,276.0,276.0,True,0.0,False,False
4508063439_00310,160.0,160.0,160.0,True,0.0,True,False
4508063439_00320,63.0,63.0,63.0,True,0.0,False,False
4508063439_00330,63.0,63.0,63.0,True,0.0,False,False
4508063439_00340,63.0,63.0,63.0,True,0.0,False,False
4508063439_00350,63.0,63.0,63.0,True,0.0,False,False
4508063439_00360,127.0,127.0,127.0,True,0.0,False,False
4508063439_00370,63.0,63.0,63.0,True,0.0,False,False
4508063439_00380,63.0,63.0,63.0,True,0.0,False,False
4508063439_00480,59.0,59.0,59.0,True,0.0,True,False
4508063439_00490,172.0,172.0,172.0,True,0.0,True,False
4508063439_00500,34.0,34.0,34.0,True,0.0,True,False
4508063439_00510,103.0,103.0,103.0,True,0.0,True,False
4508063439_00520,138.0,138.0,138.0,True,0.0,True,False
4508063439_00530,103.0,103.0,103.0,True,0.0,True,False
4508063439_00540,63.0,63.0,63.0,True,0.0,True,False
4508063442_00100,499.0,499.0,499.0,True,0.0,True,False
4508063442_00170,648.0,648.0,648.0,True,0.0,True,False
4508063442_00190,1418.0,1418.0,1418.0,True,0.0,True,False
4508063442_00200,826.0,826.0,826.0,True,0.0,False,False
4508063444_00140,861.0,861.0,861.0,True,0.0,True,True
4508063444_00150,841.0,841.0,841.0,True,0.0,True,False
4508063444_00250,431.0,431.0,431.0,True,0.0,True,True
4508063562_00110,44.0,44.0,44.0,True,0.0,True,True
4508063562_00120,245.0,245.0,245.0,True,0.0,True,True
4508063562_00140,245.0,245.0,245.0,True,0.0,True,True
4508063562_00150,593.0,593.0,593.0,True,0.0,False,True
4508063562_00160,174.0,174.0,174.0,True,0.0,False,True
4508063562_00170,116.0,116.0,116.0,True,0.0,False,True
4508063562_00250,67.0,67.0,67.0,True,0.0,False,True
4508063562_00260,29.0,29.0,29.0,True,0.0,False,True
4508063562_00270,49.0,49.0,49.0,True,0.0,False,True
4508063562_00280,38.0,38.0,38.0,True,0.0,False,True
4508063562_00290,52.0,52.0,52.0,True,0.0,False,True
4508063562_00300,48.0,48.0,48.0,True,0.0,False,True
4508063562_00310,63.0,63.0,63.0,True,0.0,False,True
4508063562_00320,204.0,204.0,204.0,True,0.0,False,True
4508063672_00010,2805.0,2805.0,2805.0,True,0.0,True,True
4508063707_00010,601.0,601.0,601.0,True,0.0,True,False
4508063709_00010,484.0,484.0,484.0,True,0.0,True,False
4508063709_00020,484.0,484.0,484.0,True,0.0,True,False
4508063711_00010,2405.0,2405.0,2405.0,True,0.0,False,False
4508063729_00010,41998.0,41998.0,41998.0,True,0.0,False,False
4508063730_00010,57808.0,57808.0,57808.0,True,0.0,True,False
4508063732_00010,46024.0,46024.0,46024.0,True,0.0,True,False
4508063733_00010,46024.0,46024.0,46024.0,True,0.0,False,False
4508063735_00010,121.0,121.0,121.0,True,0.0,False,False
4508063744_00010,115.0,115.0,115.0,True,0.0,False,True
4508063744_00020,17.0,17.0,17.0,True,0.0,False,True
4508063778_00010,2568.0,2568.0,2568.0,True,0.0,False,False
4508063857_00010,762.0,762.0,762.0,True,0.0,False,True
4508063915_00010,997.0,997.0,997.0,True,0.0,False,False
4508063919_00060,181.0,181.0,181.0,True,0.0,False,True
4508063919_00160,521.0,521.0,521.0,True,0.0,False,True
4508063919_00170,260.0,260.0,260.0,True,0.0,False,True
4508063919_00180,196.0,196.0,196.0,True,0.0,False,True
4508063919_00190,198.0,198.0,198.0,True,0.0,False,True
4508063919_00210,443.0,443.0,443.0,True,0.0,False,True
4508063921_00001,863.0,695031.0,7770.0,False,694168.0,False,True
4508063953_00001,116.0,6403.0,116.0,False,6287.0,False,True
4508063973_00050,647.0,647.0,647.0,True,0.0,False,True
4508064018_00040,1327.0,1327.0,1327.0,True,0.0,False,False
4508064036_00020,488.0,488.0,488.0,True,0.0,True,False
4508064058_00090,475.0,475.0,475.0,True,0.0,False,False
4508064062_00020,120.0,120.0,120.0,True,0.0,False,False
4508064069_00020,1461.0,1461.0,1461.0,True,0.0,True,True
4508064089_00050,421.0,421.0,421.0,True,0.0,False,True
4508064091_00020,530.0,530.0,530.0,True,0.0,True,False
4508064091_00030,484.0,484.0,484.0,True,0.0,True,False
4508064096_00010,488.0,488.0,488.0,True,0.0,True,False
4508064132_00020,101.0,101.0,101.0,True,0.0,False,True
4508064155_00020,105.0,105.0,105.0,True,0.0,False,True
4508064161_00040,1042.0,1042.0,1042.0,True,0.0,False,True
4508064163_00020,2076.0,2076.0,2076.0,True,0.0,False,True
4508064206_00010,3326.0,3326.0,3326.0,True,0.0,True,False
4508064206_00020,764.0,764.0,764.0,True,0.0,False,False
4508064206_00030,5830.0,5830.0,5830.0,True,0.0,True,False
4508064207_00010,452.0,452.0,452.0,True,0.0,True,False
4508064207_00020,150.0,150.0,150.0,True,0.0,True,False
4508064208_00010,3079.0,3079.0,3079.0,True,0.0,False,False
4508064209_00070,381.0,381.0,381.0,True,0.0,False,False
4508064209_00080,127.0,127.0,127.0,True,0.0,False,False
4508064209_00130,353.0,353.0,353.0,True,0.0,False,False
4508064209_00140,85.0,85.0,85.0,True,0.0,False,False
4508064209_00150,103.0,103.0,103.0,True,0.0,False,False
4508064209_00160,63.0,63.0,63.0,True,0.0,False,False
4508064211_00140,830.0,830.0,830.0,True,0.0,True,False
4508064211_00150,775.0,775.0,775.0,True,0.0,True,False
4508064276_00060,240.0,240.0,240.0,True,0.0,False,True
4508064276_00070,472.0,472.0,472.0,True,0.0,False,True
4508064276_00080,18.0,18.0,18.0,True,0.0,False,True
4508064277_00070,52.0,52.0,52.0,True,0.0,False,True
4508064277_00080,24.0,24.0,24.0,True,0.0,False,True
4508064277_00090,48.0,48.0,48.0,True,0.0,False,True
4508064277_00100,78.0,78.0,78.0,True,0.0,True,True
4508064277_00110,123.0,123.0,123.0,True,0.0,True,True
4508064277_00120,74.0,74.0,74.0,True,0.0,True,True
4508064277_00130,99.0,99.0,99.0,True,0.0,True,True
4508064277_00140,271.0,271.0,271.0,True,0.0,False,True
4508064277_00150,74.0,74.0,74.0,True,0.0,False,True
4508064277_00260,49.0,49.0,49.0,True,0.0,False,True
4508064277_00270,98.0,98.0,98.0,True,0.0,False,True
4508064277_00280,47.0,47.0,47.0,True,0.0,False,True
4508064277_00290,47.0,47.0,47.0,True,0.0,False,True
4508064277_00300,71.0,71.0,71.0,True,0.0,True,True
4508064277_00310,85.0,85.0,85.0,True,0.0,True,True
4508064277_00320,14.0,14.0,14.0,True,0.0,False,True
4508064277_00330,56.0,56.0,56.0,True,0.0,True,True
4508064277_00340,71.0,71.0,71.0,True,0.0,True,True
4508064277_00350,71.0,71.0,71.0,True,0.0,True,True
4508064372_00010,568.0,568.0,568.0,True,0.0,False,True
4508064394_00050,1752.0,1752.0,1752.0,True,0.0,True,False
4508064395_00010,1807.0,1807.0,1807.0,True,0.0,True,False
4508064401_00010,12357.0,12357.0,12357.0,True,0.0,True,False
4508064412_00010,29877.0,29877.0,29877.0,True,0.0,True,False
4508064417_00010,180.0,180.0,180.0,True,0.0,False,True
4508064473_00001,640.0,640.0,640.0,True,0.0,False,True
4508064497_00010,24.0,24.0,24.0,True,0.0,False,True
4508064497_00020,24.0,24.0,24.0,True,0.0,False,True
4508064497_00050,66.0,66.0,66.0,True,0.0,True,True
4508064497_00060,22.0,22.0,22.0,True,0.0,True,True
4508064497_00100,49.0,49.0,49.0,True,0.0,False,True
4508064505_00020,397.0,397.0,397.0,True,0.0,False,True
4508064507_00020,109.0,109.0,109.0,True,0.0,False,True
4508064507_00070,43.0,43.0,43.0,True,0.0,False,True
4508064507_00080,75.0,75.0,75.0,True,0.0,False,True
4508064518_00010,4601.0,4601.0,4601.0,True,0.0,False,True
4508064518_00020,511.0,511.0,511.0,True,0.0,False,True
4508064518_00030,3579.0,3579.0,3579.0,True,0.0,False,True
4508064554_00110,374.0,374.0,374.0,True,0.0,True,False
4508064559_00060,364.0,364.0,364.0,True,0.0,True,True
4508064624_00010,7794.0,7794.0,7794.0,True,0.0,False,True
4508064633_00010,2607.0,2607.0,2607.0,True,0.0,True,False
4508064638_00020,834.0,834.0,834.0,True,0.0,False,False
4508064654_00010,4905.0,4905.0,4905.0,True,0.0,False,False
4508064665_00020,510.0,510.0,510.0,True,0.0,True,False
4508064665_00030,502.0,502.0,502.0,True,0.0,True,False
4508064665_00060,3248.0,3248.0,3248.0,True,0.0,True,False
4508064666_00010,581.0,581.0,581.0,True,0.0,True,False
4508064666_00020,581.0,581.0,581.0,True,0.0,True,False
4508064722_00010,9959.0,19918.0,19918.0,False,9959.0,False,False
4508064744_00001,678.0,474450.0,5430.0,False,473772.0,False,True
4508064768_00010,472.0,472.0,472.0,True,0.0,False,True
4508064866_00010,521.0,521.0,521.0,True,0.0,False,True
4508064933_00010,38312.0,38312.0,38312.0,True,0.0,True,False
4508064951_00030,4213.0,4213.0,4213.0,True,0.0,True,False
4508064951_00040,2177.0,2177.0,2177.0,True,0.0,True,False
4508064951_00050,4123.0,4123.0,4123.0,True,0.0,False,False
4508064952_00010,214.0,214.0,214.0,True,0.0,True,False
4508064952_00020,1644.0,1644.0,1644.0,True,0.0,False,False
4508064953_00010,269.0,269.0,269.0,True,0.0,False,True
4508064953_00020,184.0,184.0,184.0,True,0.0,False,True
4508064953_00040,404.0,404.0,404.0,True,0.0,False,True
4508064954_00010,344.0,344.0,344.0,True,0.0,False,False
4508064954_00020,94.0,94.0,94.0,True,0.0,False,False
4508064955_00010,1492.0,1492.0,1492.0,True,0.0,True,False
4508064955_00020,2376.0,2376.0,2376.0,True,0.0,True,False
4508064955_00030,1542.0,1542.0,1542.0,True,0.0,False,False
4508064955_00040,5020.0,5020.0,5020.0,True,0.0,True,False
4508064958_00050,14748.0,14748.0,14748.0,True,0.0,False,False
4508064958_00060,1599.0,1599.0,1599.0,True,0.0,True,False
4508064961_00070,676.0,676.0,676.0,True,0.0,False,False
4508064961_00110,170.0,170.0,170.0,True,0.0,False,False
4508064961_00120,34.0,34.0,34.0,True,0.0,False,False
4508064961_00130,69.0,69.0,69.0,True,0.0,False,False
4508064961_00140,207.0,207.0,207.0,True,0.0,False,False
4508064961_00150,254.0,254.0,254.0,True,0.0,False,False
4508064961_00190,1513.0,1513.0,1513.0,True,0.0,False,False
4508064961_00200,172.0,172.0,172.0,True,0.0,False,False
4508064961_00210,42.0,42.0,42.0,True,0.0,False,False
4508064961_00220,63.0,63.0,63.0,True,0.0,False,False
4508064961_00230,63.0,63.0,63.0,True,0.0,False,False
4508064964_00360,413.0,413.0,413.0,True,0.0,False,False
4508064964_00370,181.0,181.0,181.0,True,0.0,False,False
4508064964_00380,181.0,181.0,181.0,True,0.0,False,False
4508064965_00170,3404.0,3404.0,3404.0,True,0.0,True,False
4508064966_00020,268.0,268.0,268.0,True,0.0,False,False
4508064967_00100,861.0,861.0,861.0,True,0.0,True,False
4508064967_00110,755.0,755.0,755.0,True,0.0,True,False
4508064967_00120,2607.0,2607.0,2607.0,True,0.0,True,False
4508064967_00130,431.0,431.0,431.0,True,0.0,True,False
4508064967_00180,1550.0,1550.0,1550.0,True,0.0,True,False
4508064967_00210,492.0,492.0,492.0,True,0.0,True,False
4508064970_00040,804.0,804.0,804.0,True,0.0,False,False
4508064970_00050,804.0,804.0,804.0,True,0.0,False,False
4508064983_00010,155.0,155.0,155.0,True,0.0,False,True
4508065058_00020,30.0,30.0,30.0,True,0.0,True,True
4508065058_00030,39.0,39.0,39.0,True,0.0,True,True
4508065058_00040,70.0,70.0,70.0,True,0.0,True,True
4508065058_00050,22.0,22.0,22.0,True,0.0,True,True
4508065058_00060,74.0,74.0,74.0,True,0.0,True,True
4508065058_00070,123.0,123.0,123.0,True,0.0,True,True
4508065058_00080,123.0,123.0,123.0,True,0.0,True,True
4508065058_00090,245.0,245.0,245.0,True,0.0,True,True
4508065058_00130,54.0,54.0,54.0,True,0.0,True,True
4508065058_00170,161.0,161.0,161.0,True,0.0,True,True
4508065058_00240,256.0,256.0,256.0,True,0.0,True,True
4508065058_00260,87.0,87.0,87.0,True,0.0,True,True
4508065058_00280,27.0,27.0,27.0,True,0.0,True,True
4508065179_00010,500.0,500.0,500.0,True,0.0,True,True
4508065179_00020,834.0,834.0,834.0,True,0.0,True,True
4508065179_00030,921.0,921.0,921.0,True,0.0,True,True
4508065179_00050,312.0,312.0,312.0,True,0.0,True,True
4508065181_00020,113.0,113.0,113.0,True,0.0,False,False
4508065196_00010,484.0,484.0,484.0,True,0.0,False,False
4508065196_00020,400.0,400.0,400.0,True,0.0,True,False
4508065196_00030,533.0,533.0,533.0,True,0.0,True,False
4508065196_00040,484.0,484.0,484.0,True,0.0,False,False
4508065196_00050,533.0,533.0,533.0,True,0.0,True,False
4508065196_00080,1066.0,1066.0,1066.0,True,0.0,True,False
4508065196_00090,1066.0,1066.0,1066.0,True,0.0,True,False
4508065258_00010,1803.0,1803.0,1803.0,True,0.0,True,False
4508065294_00010,778.0,778.0,778.0,True,0.0,False,False
4508065294_00020,834.0,834.0,834.0,True,0.0,False,False
4508065294_00030,2004.0,2004.0,2004.0,True,0.0,False,False
4508065312_00020,7924.0,7924.0,7924.0,True,0.0,False,True
4508065312_00030,3141.0,3141.0,3141.0,True,0.0,True,True
4508065313_00040,8651.0,8651.0,8651.0,True,0.0,False,True
4508065331_00030,391.0,391.0,391.0,True,0.0,False,True
4508065331_00040,386.0,386.0,386.0,True,0.0,False,True
4508065342_00001,639.0,426493.0,4475.0,False,425854.0,False,True
4508065348_00001,47.0,2582.0,47.0,False,2535.0,False,True
4508065640_00020,362.0,362.0,362.0,True,0.0,False,True
4508065640_00030,18.0,18.0,18.0,True,0.0,False,True
4508065641_00060,99.0,99.0,99.0,True,0.0,True,True
4508065641_00070,437.0,437.0,437.0,True,0.0,False,True
4508065694_00010,23122.0,23122.0,23122.0,True,0.0,False,False
4508065844_00050,293.0,293.0,293.0,True,0.0,False,True
4508065844_00060,22.0,22.0,22.0,True,0.0,True,True
4508065844_00090,133.0,133.0,133.0,True,0.0,True,True
4508065872_00020,39.0,39.0,39.0,True,0.0,False,True
4508065901_00050,8250.0,8250.0,8250.0,True,0.0,False,True
4508065910_00010,24079.0,24079.0,24079.0,True,0.0,True,True
4508065928_00040,227.0,227.0,227.0,True,0.0,False,False
4508065940_00120,422.0,422.0,422.0,True,0.0,False,False
4508065955_00020,235.0,235.0,235.0,True,0.0,False,True
4508065955_00030,70.0,70.0,70.0,True,0.0,False,True
4508065956_00040,1408.0,1408.0,1408.0,True,0.0,False,False
4508065994_00030,1251.0,1251.0,1251.0,True,0.0,False,False
4508066004_00010,4905.0,4905.0,4905.0,True,0.0,False,False
4508066012_00010,2757.0,2757.0,2757.0,True,0.0,False,False
4508066085_00010,498.0,498.0,498.0,True,0.0,False,False
4508066085_00020,3207.0,3207.0,3207.0,True,0.0,False,False
4508066086_00010,2085.0,2085.0,2085.0,True,0.0,False,False
4508066087_00010,360.0,360.0,360.0,True,0.0,False,False
4508066124_00010,17753.0,17753.0,17753.0,True,0.0,False,False
4508066130_00010,11691.0,11691.0,11691.0,True,0.0,False,False
4508066136_00030,2992.0,2992.0,2992.0,True,0.0,False,False
4508066156_00010,111.0,111.0,111.0,True,0.0,False,False
4508066160_00010,991.0,991.0,991.0,True,0.0,False,True
4508066173_00001,471.0,335768.0,3772.0,False,335297.0,False,False
4508066217_00070,362.0,362.0,362.0,True,0.0,False,True
4508066217_00080,177.0,177.0,177.0,True,0.0,False,True
4508066238_00010,6118.0,6118.0,6118.0,True,0.0,False,False
4508066290_00020,1668.0,1668.0,1668.0,True,0.0,False,False
4508066291_00020,400.0,400.0,400.0,True,0.0,False,False
4508066334_00140,130.0,130.0,130.0,True,0.0,False,True
4508066334_00150,260.0,260.0,260.0,True,0.0,False,True
4508066334_00160,179.0,179.0,179.0,True,0.0,False,True
4508066334_00170,130.0,130.0,130.0,True,0.0,False,True
4508066334_00180,361.0,361.0,361.0,True,0.0,False,True
4508066334_00190,361.0,361.0,361.0,True,0.0,False,True
4508066334_00200,361.0,361.0,361.0,True,0.0,False,True
4508066334_00210,361.0,361.0,361.0,True,0.0,False,True
4508066334_00220,361.0,361.0,361.0,True,0.0,False,True
4508066334_00230,542.0,542.0,542.0,True,0.0,False,True
4508066334_00240,134.0,134.0,134.0,True,0.0,False,True
4508066334_00250,134.0,134.0,134.0,True,0.0,False,True
4508066334_00260,134.0,134.0,134.0,True,0.0,False,True
4508066334_00270,150.0,150.0,150.0,True,0.0,False,True
4508066334_00280,150.0,150.0,150.0,True,0.0,False,True
4508066343_00010,374.0,374.0,374.0,True,0.0,True,False
4508066344_00010,6135.0,6135.0,6135.0,True,0.0,False,True
4508066345_00010,2556.0,2556.0,2556.0,True,0.0,False,True
4508066356_00020,305.0,305.0,305.0,True,0.0,False,False
4508066420_00010,495.0,495.0,495.0,True,0.0,False,False
4508066452_00010,38998.0,38998.0,38998.0,True,0.0,False,False
4508066453_00020,207.0,207.0,207.0,True,0.0,False,False
4508066456_00010,55744.0,55744.0,55744.0,True,0.0,False,False
4508066458_00010,55744.0,55744.0,55744.0,True,0.0,False,False
4508066460_00010,42736.0,42736.0,42736.0,True,0.0,True,False
4508066461_00010,37805.0,37805.0,37805.0,True,0.0,True,False
4508066501_00010,42736.0,42736.0,42736.0,True,0.0,True,False
4508066502_00010,834.0,834.0,834.0,True,0.0,False,False
4508066504_00010,1251.0,1251.0,1251.0,True,0.0,False,False
4508066504_00030,400.0,400.0,400.0,True,0.0,False,False
4508066510_00010,42736.0,42736.0,42736.0,True,0.0,True,False
4508066519_00001,536.0,536.0,536.0,True,0.0,False,False
4508066524_00010,21549.0,21549.0,21549.0,True,0.0,True,False
4508066541_00010,101.0,101.0,101.0,True,0.0,False,True
4508066541_00020,20.0,20.0,20.0,True,0.0,False,True
4508066542_00030,63.0,63.0,63.0,True,0.0,True,True
4508066542_00040,116.0,116.0,116.0,True,0.0,True,True
4508066542_00090,659.0,659.0,659.0,True,0.0,True,True
4508066542_00100,22.0,22.0,22.0,True,0.0,True,True
4508066542_00110,66.0,66.0,66.0,True,0.0,True,True
4508066542_00120,88.0,88.0,88.0,True,0.0,True,True
4508066542_00130,21.0,21.0,21.0,True,0.0,True,True
4508066542_00140,24.0,24.0,24.0,True,0.0,True,True
4508066542_00150,24.0,24.0,24.0,True,0.0,True,True
4508066542_00160,49.0,49.0,49.0,True,0.0,True,True
4508066542_00170,173.0,173.0,173.0,True,0.0,True,True
4508066542_00180,74.0,74.0,74.0,True,0.0,True,True
4508066542_00190,245.0,245.0,245.0,True,0.0,True,True
4508066542_00200,87.0,87.0,87.0,True,0.0,True,True
4508066542_00230,24.0,24.0,24.0,True,0.0,True,True
4508066542_00320,1111.0,1111.0,1111.0,True,0.0,True,True
4508066542_00420,426.0,426.0,426.0,True,0.0,True,True
4508066629_00010,4330.0,4330.0,4330.0,True,0.0,False,False
4508066747_00010,893.0,893.0,893.0,True,0.0,False,False
4508066771_00010,363.0,363.0,363.0,True,0.0,False,False
4508066771_00020,915.0,915.0,915.0,True,0.0,False,False
4508066773_00010,2745.0,2745.0,2745.0,True,0.0,False,False
4508066801_00010,4237.0,4237.0,4237.0,True,0.0,True,False
4508066805_00001,575.0,347010.0,4028.0,False,346435.0,False,False
4508066912_00010,1603.0,1603.0,1603.0,True,0.0,False,False
4508066945_00050,62.0,62.0,62.0,True,0.0,False,False
4508066953_00040,287.0,287.0,287.0,True,0.0,True,True
4508066967_00080,1419.0,1419.0,1419.0,True,0.0,True,False
4508066974_00060,345.0,345.0,345.0,True,0.0,True,False
4508066975_00030,129.0,129.0,129.0,True,0.0,True,True
4508066976_00120,2155.0,2155.0,2155.0,True,0.0,False,False
4508066980_00010,1574.0,1574.0,1574.0,True,0.0,False,True
4508066980_00020,533.0,533.0,533.0,True,0.0,False,True
4508066980_00030,1843.0,1843.0,1843.0,True,0.0,False,True
4508066984_00010,7794.0,7794.0,7794.0,True,0.0,False,True
4508067003_00010,1803.0,1803.0,1803.0,True,0.0,False,False
4508067023_00020,1752.0,1752.0,1752.0,True,0.0,True,False
4508067023_00030,1938.0,1938.0,1938.0,True,0.0,True,False
4508067023_00040,1948.0,1948.0,1948.0,True,0.0,True,False
4508067023_00060,1607.0,1607.0,1607.0,True,0.0,True,False
4508067023_00070,2421.0,2421.0,2421.0,True,0.0,True,False
4508067026_00010,7842.0,7842.0,7842.0,True,0.0,True,True
4508067036_00010,29877.0,29877.0,29877.0,True,0.0,True,False
4508067037_00010,35853.0,35853.0,35853.0,True,0.0,True,False
4508067044_00020,6017.0,6017.0,6017.0,True,0.0,False,False
4508067048_00010,18359.0,18359.0,18359.0,True,0.0,False,False
4508067048_00020,18359.0,18359.0,18359.0,True,0.0,False,False
4508067050_00020,3138.0,3138.0,3138.0,True,0.0,True,False
4508067054_00020,19870.0,19870.0,19870.0,True,0.0,True,False
4508067056_00010,10877.0,10877.0,10877.0,True,0.0,True,False
4508067056_00030,2073.0,2073.0,2073.0,True,0.0,True,False
4508067056_00040,1991.0,1991.0,1991.0,True,0.0,True,False
4508067064_00010,3221.0,3221.0,3221.0,True,0.0,False,False
4508067066_00010,270.0,270.0,270.0,True,0.0,False,True
4508067077_00010,9106.0,9106.0,9106.0,True,0.0,False,True
4508067079_00010,6765.0,6765.0,6765.0,True,0.0,True,True
4508067085_00010,14332.0,14332.0,14332.0,True,0.0,True,True
4508067092_00010,36232.0,36232.0,36232.0,True,0.0,True,True
4508067093_00010,14533.0,14533.0,14533.0,True,0.0,True,True
4508067111_00010,382.0,382.0,382.0,True,0.0,False,False
4508067111_00020,591.0,591.0,591.0,True,0.0,False,False
4508067111_00030,884.0,884.0,884.0,True,0.0,False,False
4508067111_00040,951.0,951.0,951.0,True,0.0,True,False
4508067111_00050,1858.0,1858.0,1858.0,True,0.0,True,False
4508067111_00060,6414.0,6414.0,6414.0,True,0.0,False,False
4508067111_00070,8017.0,8017.0,8017.0,True,0.0,True,False
4508067111_00080,543.0,543.0,543.0,True,0.0,True,False
4508067113_00010,411.0,411.0,411.0,True,0.0,True,False
4508067113_00020,64.0,64.0,64.0,True,0.0,True,False
4508067113_00030,1465.0,1465.0,1465.0,True,0.0,True,False
4508067113_00040,7327.0,7327.0,7327.0,True,0.0,True,False
4508067113_00050,530.0,530.0,530.0,True,0.0,True,False
4508067113_00060,301.0,301.0,301.0,True,0.0,True,False
4508067113_00070,424.0,424.0,424.0,True,0.0,True,False
4508067114_00010,303.0,303.0,303.0,True,0.0,False,True
4508067114_00020,163.0,163.0,163.0,True,0.0,False,True
4508067114_00040,2313.0,2313.0,2313.0,True,0.0,False,True
4508067115_00010,927.0,927.0,927.0,True,0.0,True,False
4508067116_00090,59.0,59.0,59.0,True,0.0,False,False
4508067116_00110,63.0,63.0,63.0,True,0.0,False,False
4508067116_00120,207.0,207.0,207.0,True,0.0,False,False
4508067118_00030,266.0,266.0,266.0,True,0.0,True,False
4508067118_00110,1003.0,1003.0,1003.0,True,0.0,True,False
4508067118_00130,1033.0,1033.0,1033.0,True,0.0,True,False
4508067118_00140,723.0,723.0,723.0,True,0.0,True,False
4508067118_00150,1696.0,1696.0,1696.0,True,0.0,False,False
4508067118_00160,1418.0,1418.0,1418.0,True,0.0,False,False
4508067120_00050,775.0,775.0,775.0,True,0.0,True,False
4508067120_00060,3323.0,3323.0,3323.0,True,0.0,True,False
4508067120_00100,654.0,654.0,654.0,True,0.0,True,False
4508067120_00110,1963.0,1963.0,1963.0,True,0.0,True,False
4508067120_00120,1723.0,1723.0,1723.0,True,0.0,True,False
4508067120_00130,8619.0,8619.0,8619.0,True,0.0,True,False
4508067120_00160,1723.0,1723.0,1723.0,True,0.0,True,False
4508067120_00170,775.0,775.0,775.0,True,0.0,True,False
4508067120_00180,1550.0,1550.0,1550.0,True,0.0,True,False
4508067120_00190,869.0,869.0,869.0,True,0.0,True,False
4508067121_00010,2020.0,2020.0,2020.0,True,0.0,False,False
4508067123_00010,705.0,705.0,705.0,True,0.0,True,False
4508067123_00020,804.0,804.0,804.0,True,0.0,False,False
4508067123_00030,930.0,930.0,930.0,True,0.0,False,False
4508067123_00040,930.0,930.0,930.0,True,0.0,False,False
4508067123_00090,804.0,804.0,804.0,True,0.0,False,False
4508067123_00100,930.0,930.0,930.0,True,0.0,False,False
4508067124_00020,4190.0,4190.0,4190.0,True,0.0,False,False
4508067125_00010,1731.0,1731.0,1731.0,True,0.0,True,False
4508067125_00020,2847.0,2847.0,2847.0,True,0.0,True,False
4508067126_00070,2593.0,2593.0,2593.0,True,0.0,True,False
4508067157_00030,789.0,789.0,789.0,True,0.0,False,True
4508067157_00040,32.0,32.0,32.0,True,0.0,False,True
4508067158_00010,87.0,87.0,87.0,True,0.0,False,True
4508067158_00040,245.0,245.0,245.0,True,0.0,True,True
4508067158_00050,293.0,293.0,293.0,True,0.0,False,True
4508067158_00060,26.0,26.0,26.0,True,0.0,False,True
4508067158_00070,26.0,26.0,26.0,True,0.0,False,True
4508067158_00080,26.0,26.0,26.0,True,0.0,False,True
4508067158_00090,143.0,143.0,143.0,True,0.0,False,True
4508067222_00010,69.0,69.0,69.0,True,0.0,False,False
4508067222_00020,24.0,24.0,24.0,True,0.0,False,False
4508067222_00030,66.0,66.0,66.0,True,0.0,False,False
4508067245_00020,3838.0,3838.0,3838.0,True,0.0,False,False
4508067329_00010,4293.0,4293.0,4293.0,True,0.0,True,False
4508067466_00001,246.0,10843.0,246.0,False,10597.0,False,True
4508067481_00100,245.0,245.0,245.0,True,0.0,True,True
4508067481_00110,245.0,245.0,245.0,True,0.0,True,True
4508067481_00130,204.0,204.0,204.0,True,0.0,False,True
4508067510_00040,78.0,78.0,78.0,True,0.0,False,True
4508067533_00040,419.0,419.0,419.0,True,0.0,False,False
4508067538_00060,787.0,787.0,787.0,True,0.0,False,True
4508067540_00060,6086.0,6086.0,6086.0,True,0.0,False,True
4508067559_00010,3060.0,3060.0,3060.0,True,0.0,True,False
4508067559_00040,3596.0,3596.0,3596.0,True,0.0,True,False
4508067559_00050,3920.0,3920.0,3920.0,True,0.0,True,False
4508067559_00060,3509.0,3509.0,3509.0,True,0.0,True,False
4508067559_00080,3510.0,3510.0,3510.0,True,0.0,True,False
4508067559_00110,3976.0,3976.0,3976.0,True,0.0,True,False
4508067560_00010,465.0,465.0,465.0,True,0.0,False,True
4508067560_00020,232.0,232.0,232.0,True,0.0,False,True
4508067560_00030,1157.0,1157.0,1157.0,True,0.0,False,True
4508067560_00040,409.0,409.0,409.0,True,0.0,False,True
4508067560_00050,1449.0,1449.0,1449.0,True,0.0,False,True
4508067560_00060,1110.0,1110.0,1110.0,True,0.0,False,True
4508067560_00070,1430.0,1430.0,1430.0,True,0.0,False,True
4508067589_00010,900.0,900.0,900.0,True,0.0,False,False
4508067611_00010,417.0,417.0,417.0,True,0.0,False,False
4508067662_00010,1251.0,1251.0,1251.0,True,0.0,False,False
4508067676_00010,1553.0,1553.0,1553.0,True,0.0,True,False
4508067676_00020,609.0,609.0,609.0,True,0.0,True,False
4508067676_00030,375.0,375.0,375.0,True,0.0,True,False
4508067676_00040,970.0,970.0,970.0,True,0.0,True,False
4508067676_00050,970.0,970.0,970.0,True,0.0,True,False
4508067702_00010,24929.0,24929.0,24929.0,True,0.0,True,True
4508067703_00010,25198.0,25198.0,25198.0,True,0.0,True,True
4508067726_00001,733.0,405163.0,4403.0,False,404430.0,False,False
4508067805_00010,778.0,778.0,778.0,True,0.0,False,False
4508067805_00020,417.0,417.0,417.0,True,0.0,False,False
4508067823_00030,36.0,36.0,36.0,True,0.0,True,False
4508067846_00040,2355.0,2355.0,2355.0,True,0.0,False,False
4508067878_00020,4188.0,4188.0,4188.0,True,0.0,True,False
4508067897_00010,130.0,130.0,130.0,True,0.0,False,True
4508067897_00020,284.0,284.0,284.0,True,0.0,False,True
4508067897_00030,301.0,301.0,301.0,True,0.0,False,True
4508067897_00080,178.0,178.0,178.0,True,0.0,False,True
4508067897_00090,179.0,179.0,179.0,True,0.0,False,True
4508067897_00100,241.0,241.0,241.0,True,0.0,False,True
4508067897_00110,179.0,179.0,179.0,True,0.0,False,True
4508067897_00120,199.0,199.0,199.0,True,0.0,False,True
4508067897_00130,130.0,130.0,130.0,True,0.0,False,True
4508067897_00140,328.0,328.0,328.0,True,0.0,False,True
4508067897_00170,179.0,179.0,179.0,True,0.0,False,True
4508067901_00010,187.0,187.0,187.0,True,0.0,False,True
4508067901_00020,417.0,417.0,417.0,True,0.0,False,True
4508067901_00030,743.0,743.0,743.0,True,0.0,False,True
4508067901_00040,259.0,259.0,259.0,True,0.0,False,True
4508067901_00070,231.0,231.0,231.0,True,0.0,False,True
4508067901_00080,328.0,328.0,328.0,True,0.0,False,True
4508067901_00140,1658.0,1658.0,1658.0,True,0.0,False,True
4508067934_00010,6179.0,6179.0,6179.0,True,0.0,False,False
4508067934_00020,3983.0,3983.0,3983.0,True,0.0,False,False
4508067934_00030,2719.0,2719.0,2719.0,True,0.0,False,False
4508067934_00040,2598.0,2598.0,2598.0,True,0.0,False,False
4508067936_00010,9259.0,9259.0,9259.0,True,0.0,False,False
4508067937_00020,18359.0,18359.0,18359.0,True,0.0,False,False
4508067938_00010,3008.0,3008.0,3008.0,True,0.0,False,False
4508067940_00010,4845.0,4845.0,4845.0,True,0.0,False,False
4508067947_00010,14512.0,14512.0,14512.0,True,0.0,True,False
4508067983_00010,4534.0,4534.0,4534.0,True,0.0,True,False
4508067983_00020,2177.0,2177.0,2177.0,True,0.0,True,False
4508067985_00050,85.0,85.0,85.0,True,0.0,False,False
4508067985_00060,63.0,63.0,63.0,True,0.0,False,False
4508067985_00160,353.0,353.0,353.0,True,0.0,False,False
4508067985_00170,69.0,69.0,69.0,True,0.0,False,False
4508067985_00180,190.0,190.0,190.0,True,0.0,False,False
4508067985_00190,63.0,63.0,63.0,True,0.0,False,False
4508067985_00250,63.0,63.0,63.0,True,0.0,False,False
4508067985_00270,85.0,85.0,85.0,True,0.0,False,False
4508067986_00020,532.0,532.0,532.0,True,0.0,False,False
4508067986_00050,1153.0,1153.0,1153.0,True,0.0,False,False
4508067986_00080,826.0,826.0,826.0,True,0.0,False,False
4508067986_00090,826.0,826.0,826.0,True,0.0,False,False
4508067987_00120,608.0,608.0,608.0,True,0.0,True,False
4508067987_00130,431.0,431.0,431.0,True,0.0,True,False
4508067990_00110,6033.0,6033.0,6033.0,True,0.0,True,False
4508067990_00130,3477.0,3477.0,3477.0,True,0.0,True,True
4508067991_00200,69.0,69.0,69.0,True,0.0,False,False
4508067991_00210,172.0,172.0,172.0,True,0.0,False,False
4508067991_00220,63.0,63.0,63.0,True,0.0,False,False
4508067992_00160,2015.0,2015.0,2015.0,True,0.0,False,False
4508067992_00180,826.0,826.0,826.0,True,0.0,False,False
4508067992_00200,826.0,826.0,826.0,True,0.0,False,False
4508067993_00010,3059.0,3059.0,3059.0,True,0.0,True,False
4508067993_00020,475.0,475.0,475.0,True,0.0,False,False
4508067993_00050,242.0,242.0,242.0,True,0.0,False,False
4508067993_00060,6829.0,6829.0,6829.0,True,0.0,True,False
4508067994_00010,1970.0,1970.0,1970.0,True,0.0,True,True
4508067994_00090,869.0,869.0,869.0,True,0.0,True,False
4508067994_00120,861.0,861.0,861.0,True,0.0,True,False
4508067997_00080,757.0,757.0,757.0,True,0.0,True,False
4508067997_00110,2585.0,2585.0,2585.0,True,0.0,True,False
4508067997_00140,830.0,830.0,830.0,True,0.0,True,False
4508067997_00280,492.0,492.0,492.0,True,0.0,True,False
4508067998_00010,331.0,331.0,331.0,True,0.0,False,False
4508067998_00030,209.0,209.0,209.0,True,0.0,False,False
4508067998_00130,69.0,69.0,69.0,True,0.0,False,False
4508067998_00140,63.0,63.0,63.0,True,0.0,False,False
4508067998_00150,234.0,234.0,234.0,True,0.0,False,False
4508067998_00200,85.0,85.0,85.0,True,0.0,False,False
4508068001_00020,816.0,816.0,816.0,True,0.0,True,False
4508068001_00030,3239.0,3239.0,3239.0,True,0.0,True,False
4508068001_00040,8247.0,8247.0,8247.0,True,0.0,False,False
4508068001_00050,5588.0,5588.0,5588.0,True,0.0,False,False
4508068001_00070,4213.0,4213.0,4213.0,True,0.0,True,False
4508068001_00080,2177.0,2177.0,2177.0,True,0.0,True,False
4508068001_00090,9501.0,9501.0,9501.0,True,0.0,True,False
4508068001_00100,2118.0,2118.0,2118.0,True,0.0,True,False
4508068003_00010,19876.0,19876.0,19876.0,True,0.0,False,False
4508068004_00010,1987.0,1987.0,1987.0,True,0.0,False,False
4508068068_00080,12.0,12.0,12.0,True,0.0,False,True
4508068068_00090,22.0,22.0,22.0,True,0.0,True,True
4508068068_00100,66.0,66.0,66.0,True,0.0,True,True
4508068068_00110,22.0,22.0,22.0,True,0.0,True,True
4508068068_00120,21.0,21.0,21.0,True,0.0,True,True
4508068068_00130,24.0,24.0,24.0,True,0.0,True,True
4508068068_00140,24.0,24.0,24.0,True,0.0,True,True
4508068068_00150,24.0,24.0,24.0,True,0.0,True,True
4508068068_00160,123.0,123.0,123.0,True,0.0,True,True
4508068068_00170,63.0,63.0,63.0,True,0.0,False,True
4508068068_00180,853.0,853.0,853.0,True,0.0,False,True
4508068068_00210,16.0,16.0,16.0,True,0.0,False,True
4508068068_00220,49.0,49.0,49.0,True,0.0,False,True
4508068068_00230,47.0,47.0,47.0,True,0.0,False,True
4508068068_00240,47.0,47.0,47.0,True,0.0,False,True
4508068068_00250,47.0,47.0,47.0,True,0.0,False,True
4508068068_00260,30.0,30.0,30.0,True,0.0,True,True
4508068068_00270,143.0,143.0,143.0,True,0.0,False,True
4508068068_00280,44.0,44.0,44.0,True,0.0,True,True
4508068068_00290,14.0,14.0,14.0,True,0.0,False,True
4508068068_00360,586.0,586.0,586.0,True,0.0,False,True
4508068068_00370,116.0,116.0,116.0,True,0.0,False,True
4508068111_00030,109.0,109.0,109.0,True,0.0,False,True
4508068142_00010,417.0,417.0,417.0,True,0.0,False,False
4508068143_00020,133.0,133.0,133.0,True,0.0,False,False
4508068144_00010,277.0,277.0,277.0,True,0.0,False,False
4508068200_00010,263.0,263.0,263.0,True,0.0,True,False
4508068200_00020,255.0,255.0,255.0,True,0.0,True,False
4508068214_00010,498.0,498.0,498.0,True,0.0,False,False
4508068215_00020,159.0,159.0,159.0,True,0.0,False,False
4508068286_00010,38998.0,38998.0,38998.0,True,0.0,False,False
4508068299_00010,38312.0,38312.0,38312.0,True,0.0,False,False
4508068318_00030,498.0,498.0,498.0,True,0.0,False,False
4508068321_00010,58543.0,58543.0,58543.0,True,0.0,False,False
4508068323_00030,1919.0,1919.0,1919.0,True,0.0,False,False
4508068336_00001,608.0,382173.0,4259.0,False,381565.0,False,False
4508068380_00010,3101.0,3101.0,3101.0,True,0.0,False,True
4508068381_00010,8409.0,8409.0,8409.0,True,0.0,False,True
4508068387_00090,529.0,529.0,529.0,True,0.0,False,True
4508068391_00050,494.0,494.0,494.0,True,0.0,True,True
4508068400_00030,69.0,69.0,69.0,True,0.0,False,True
4508068409_00060,270.0,270.0,270.0,True,0.0,False,True
4508068409_00070,216.0,216.0,216.0,True,0.0,True,False
4508068419_00010,6118.0,6118.0,6118.0,True,0.0,False,False
4508068482_00010,15339.0,15339.0,15339.0,True,0.0,False,True
4508068482_00020,1533.0,1533.0,1533.0,True,0.0,False,True
4508068586_00010,10652.0,10652.0,10652.0,True,0.0,False,False
4508068684_00020,174.0,174.0,174.0,True,0.0,False,True
4508068684_00030,50.0,50.0,50.0,True,0.0,False,True
4508068684_00040,16.0,16.0,16.0,True,0.0,False,True
4508068684_00050,74.0,74.0,74.0,True,0.0,True,True
4508068684_00060,245.0,245.0,245.0,True,0.0,True,True
4508068684_00070,245.0,245.0,245.0,True,0.0,True,True
4508068684_00100,87.0,87.0,87.0,True,0.0,False,True
4508068684_00190,2182.0,2182.0,2182.0,True,0.0,False,True
4508068684_00200,25.0,25.0,25.0,True,0.0,False,True
4508068684_00210,50.0,50.0,50.0,True,0.0,False,True
4508068684_00220,25.0,25.0,25.0,True,0.0,False,True
4508068771_00010,801.0,801.0,801.0,True,0.0,False,False
4508068855_00001,536.0,536.0,536.0,True,0.0,False,False
4508068896_00001,31.0,3772.0,62.0,False,3741.0,False,False
4508068920_00040,146.0,146.0,146.0,True,0.0,True,True
4508068947_00050,2532.0,2532.0,2532.0,True,0.0,False,True
4508068950_00010,3960.0,3960.0,3960.0,True,0.0,False,True
4508068950_00020,8372.0,8372.0,8372.0,True,0.0,False,True
4508068966_00030,367.0,367.0,367.0,True,0.0,False,False
4508068967_00010,3109.0,3109.0,3109.0,True,0.0,True,False
4508068968_00030,676.0,676.0,676.0,True,0.0,False,False
4508068977_00110,703.0,703.0,703.0,True,0.0,True,False
4508069077_00070,260.0,260.0,260.0,True,0.0,False,True
4508069077_00080,391.0,391.0,391.0,True,0.0,False,True
4508069077_00090,782.0,782.0,782.0,True,0.0,False,True
4508069079_00010,2503.0,2503.0,2503.0,True,0.0,False,True
4508069105_00050,669.0,669.0,669.0,True,0.0,False,True
4508069143_00010,6692.0,6692.0,6692.0,True,0.0,False,False
4508069143_00020,8521.0,8521.0,8521.0,True,0.0,False,False
4508069155_00020,400.0,400.0,400.0,True,0.0,False,False
4508069159_00020,775.0,775.0,775.0,True,0.0,True,False
4508069159_00040,869.0,869.0,869.0,True,0.0,True,False
4508069160_00030,165.0,165.0,165.0,True,0.0,False,False
4508069160_00070,190.0,190.0,190.0,True,0.0,False,False
4508069160_00100,34.0,34.0,34.0,True,0.0,False,False
4508069163_00010,174.0,174.0,174.0,True,0.0,False,False
4508069164_00010,10475.0,10475.0,10475.0,True,0.0,True,False
4508069164_00020,10475.0,10475.0,10475.0,True,0.0,True,False
4508069189_00001,610.0,329029.0,3662.0,False,328419.0,False,False
4508069217_00050,177.0,177.0,177.0,True,0.0,False,True
4508069217_00120,1087.0,1087.0,1087.0,True,0.0,False,True
4508069217_00130,1070.0,1070.0,1070.0,True,0.0,False,True
4508069228_00010,1422.0,1422.0,1422.0,True,0.0,False,True
4508069257_00010,340.0,340.0,340.0,True,0.0,False,True
4508069322_00010,469.0,469.0,469.0,True,0.0,False,True
4508069373_00010,5282.0,5282.0,5282.0,True,0.0,True,True
4508069419_00020,730.0,730.0,730.0,True,0.0,False,False
4508069427_00010,413.0,413.0,413.0,True,0.0,False,False
4508069433_00020,207.0,207.0,207.0,True,0.0,False,False
4508069482_00030,74.0,74.0,74.0,True,0.0,True,True
4508069482_00040,74.0,74.0,74.0,True,0.0,True,True
4508069482_00120,93.0,93.0,93.0,True,0.0,False,True
4508069482_00130,518.0,518.0,518.0,True,0.0,False,True
4508069482_00190,66.0,66.0,66.0,True,0.0,True,True
4508069482_00200,74.0,74.0,74.0,True,0.0,True,True
4508069482_00210,99.0,99.0,99.0,True,0.0,True,True
4508069530_00020,1860.0,1860.0,1860.0,True,0.0,False,True
4508069530_00030,828.0,828.0,828.0,True,0.0,False,True
4508069535_00010,57881.0,57881.0,57881.0,True,0.0,True,False
4508069536_00010,1319.0,1319.0,1319.0,True,0.0,True,False
4508069545_00010,23122.0,23122.0,23122.0,True,0.0,False,False
4508069546_00010,27678.0,27678.0,27678.0,True,0.0,False,False
4508069620_00010,37293.0,37293.0,37293.0,True,0.0,False,False
4508069639_00010,18359.0,18359.0,18359.0,True,0.0,False,False
4508069648_00010,671.0,671.0,671.0,True,0.0,False,True
4508069654_00010,4390.0,4390.0,4390.0,True,0.0,False,False
4508069658_00010,2538.0,2538.0,2538.0,True,0.0,True,False
4508069658_00020,8509.0,8509.0,8509.0,True,0.0,True,False
4508069678_00010,18706.0,18706.0,18706.0,True,0.0,False,True
4508069708_00010,55744.0,55744.0,55744.0,True,0.0,False,False
4508069725_00001,486.0,269785.0,2916.0,False,269299.0,False,False
4508069911_00040,429.0,429.0,429.0,True,0.0,False,True
4508069917_00020,291.0,291.0,291.0,True,0.0,False,False
4508069948_00010,1236.0,1236.0,1236.0,True,0.0,False,True
4508069973_00010,178.0,178.0,178.0,True,0.0,False,False
4508069973_00020,291.0,291.0,291.0,True,0.0,False,False
4508069973_00030,110.0,110.0,110.0,True,0.0,False,False
4508069981_00030,231.0,231.0,231.0,True,0.0,False,True
4508069998_00120,207.0,207.0,207.0,True,0.0,False,False
4508069998_00130,207.0,207.0,207.0,True,0.0,False,False
4508069998_00140,242.0,242.0,242.0,True,0.0,False,False
4508069998_00150,103.0,103.0,103.0,True,0.0,False,False
4508069998_00160,103.0,103.0,103.0,True,0.0,False,False
4508069998_00170,103.0,103.0,103.0,True,0.0,False,False
4508069998_00180,103.0,103.0,103.0,True,0.0,False,False
4508069998_00190,69.0,69.0,69.0,True,0.0,False,False
4508069998_00200,138.0,138.0,138.0,True,0.0,False,False
4508069998_00210,138.0,138.0,138.0,True,0.0,False,False
4508069998_00220,103.0,103.0,103.0,True,0.0,False,False
4508069998_00230,138.0,138.0,138.0,True,0.0,False,False
4508069998_00240,138.0,138.0,138.0,True,0.0,False,False
4508069998_00250,34.0,34.0,34.0,True,0.0,False,False
4508069998_00390,69.0,69.0,69.0,True,0.0,False,False
4508070001_00090,1723.0,1723.0,1723.0,True,0.0,True,False
4508070001_00100,2154.0,2154.0,2154.0,True,0.0,True,False
4508070001_00120,1550.0,1550.0,1550.0,True,0.0,True,False
4508070001_00130,1682.0,1682.0,1682.0,True,0.0,True,False
4508070001_00150,608.0,608.0,608.0,True,0.0,True,False
4508070007_00130,2103.0,2103.0,2103.0,True,0.0,False,False
4508070075_00020,449.0,449.0,449.0,True,0.0,False,True
4508070075_00120,25.0,25.0,25.0,True,0.0,True,True
4508070075_00190,26.0,26.0,26.0,True,0.0,False,True
4508070075_00200,96.0,96.0,96.0,True,0.0,False,True
4508070131_00020,722.0,722.0,722.0,True,0.0,False,False
4508070204_00010,35333.0,70667.0,70667.0,False,35334.0,False,False
4508070319_00001,536.0,536.0,536.0,True,0.0,False,False
4508070342_00110,204.0,204.0,204.0,True,0.0,False,True
4508070342_00130,134.0,134.0,134.0,True,0.0,False,True
4508070342_00140,257.0,257.0,257.0,True,0.0,False,True
4508070342_00150,143.0,143.0,143.0,True,0.0,False,True
4508070342_00170,25.0,25.0,25.0,True,0.0,False,True
4508070342_00180,25.0,25.0,25.0,True,0.0,False,True
4508070383_00050,6506.0,6506.0,6506.0,True,0.0,False,False
4508070411_00010,1603.0,1603.0,1603.0,True,0.0,False,False
4508070422_00050,927.0,927.0,927.0,True,0.0,False,True
4508070429_00030,530.0,530.0,530.0,True,0.0,False,False
4508070493_00030,322.0,322.0,322.0,True,0.0,False,False
4508070495_00160,9854.0,9854.0,9854.0,True,0.0,False,False
4508070496_00170,456.0,456.0,456.0,True,0.0,False,False
4508070507_00220,5157.0,5157.0,5157.0,True,0.0,False,False
4508070508_00160,1351.0,1351.0,1351.0,True,0.0,False,False
4508070509_00110,1703.0,1703.0,1703.0,True,0.0,False,False
4508070601_00010,8660.0,8660.0,8660.0,True,0.0,False,True
4508070617_00001,346.0,180488.0,2078.0,False,180142.0,False,False
4508070624_00001,536.0,536.0,536.0,True,0.0,False,False
4508070649_00020,177.0,177.0,177.0,True,0.0,False,True
4508070707_00010,360.0,360.0,360.0,True,0.0,False,False
4508070797_00010,39.0,39.0,39.0,True,0.0,False,False
4508070797_00030,249.0,249.0,249.0,True,0.0,False,False
4508070850_00010,38312.0,38312.0,38312.0,True,0.0,False,False
4508070934_00030,93.0,93.0,93.0,True,0.0,True,True
4508070934_00040,74.0,74.0,74.0,True,0.0,True,True
4508070934_00050,74.0,74.0,74.0,True,0.0,True,True
4508070934_00060,123.0,123.0,123.0,True,0.0,True,True
4508070934_00070,87.0,87.0,87.0,True,0.0,False,True
4508070934_00100,78.0,78.0,78.0,True,0.0,True,True
4508070934_00110,49.0,49.0,49.0,True,0.0,True,True
4508070934_00120,256.0,256.0,256.0,True,0.0,True,True
4508070934_00130,245.0,245.0,245.0,True,0.0,True,True
4508070934_00200,98.0,98.0,98.0,True,0.0,True,True
4508070934_00210,20.0,20.0,20.0,True,0.0,False,True
4508070934_00220,26.0,26.0,26.0,True,0.0,False,True
4508070934_00230,26.0,26.0,26.0,True,0.0,False,True
4508070934_00240,26.0,26.0,26.0,True,0.0,False,True
4508071016_00010,185.0,185.0,185.0,True,0.0,False,False
4508071093_00010,7967.0,7967.0,7967.0,True,0.0,False,False
4508071096_00020,4330.0,4330.0,4330.0,True,0.0,False,False
4508071099_00010,3008.0,3008.0,3008.0,True,0.0,False,False
4508071155_00010,3294.0,3294.0,3294.0,True,0.0,False,False
4508071155_00020,601.0,601.0,601.0,True,0.0,False,False
4508071155_00040,912.0,912.0,912.0,True,0.0,False,False
4508071155_00070,1088.0,1088.0,1088.0,True,0.0,False,False
4508071155_00130,2335.0,2335.0,2335.0,True,0.0,False,False
4508071158_00020,797.0,797.0,797.0,True,0.0,False,False
4508071204_00010,197.0,197.0,197.0,True,0.0,False,False
4508071204_00020,764.0,764.0,764.0,True,0.0,False,False
4508071204_00030,3886.0,3886.0,3886.0,True,0.0,True,False
4508071204_00040,953.0,953.0,953.0,True,0.0,True,False
4508071205_00010,1526.0,1526.0,1526.0,True,0.0,False,False
4508071205_00020,1027.0,1027.0,1027.0,True,0.0,False,False
4508071205_00030,239.0,239.0,239.0,True,0.0,False,False
4508071206_00040,911.0,911.0,911.0,True,0.0,False,False
4508071206_00050,1823.0,1823.0,1823.0,True,0.0,False,False
4508071206_00060,2067.0,2067.0,2067.0,True,0.0,False,False
4508071207_00020,148.0,148.0,148.0,True,0.0,False,False
4508071207_00040,202.0,202.0,202.0,True,0.0,True,False
4508071210_00010,63.0,63.0,63.0,True,0.0,False,False
4508071210_00160,69.0,69.0,69.0,True,0.0,False,False
4508071210_00260,73.0,73.0,73.0,True,0.0,False,False
4508071212_00080,848.0,848.0,848.0,True,0.0,False,False
4508071212_00120,503.0,503.0,503.0,True,0.0,False,False
4508071214_00020,382.0,382.0,382.0,True,0.0,False,False
4508071214_00050,11913.0,11913.0,11913.0,True,0.0,False,False
4508071218_00010,66.0,66.0,66.0,True,0.0,True,False
4508071218_00020,265.0,265.0,265.0,True,0.0,True,False
4508071218_00030,150.0,150.0,150.0,True,0.0,True,False
4508071218_00040,168.0,168.0,168.0,True,0.0,True,False
4508071218_00050,440.0,440.0,440.0,True,0.0,True,False
4508071218_00060,205.0,205.0,205.0,True,0.0,True,False
4508071235_00010,4686.0,4686.0,4686.0,True,0.0,True,True
4508071244_00001,690.0,337425.0,3450.0,False,336735.0,False,False
4508071281_00010,362.0,362.0,362.0,True,0.0,False,False
4508071281_00020,177.0,177.0,177.0,True,0.0,False,True
4508071287_00050,3587.0,3587.0,3587.0,True,0.0,False,False
4508071290_00010,228.0,228.0,228.0,True,0.0,False,True
4508071290_00020,6807.0,6807.0,6807.0,True,0.0,False,False
4508071359_00001,18.0,72.0,18.0,False,54.0,False,True
4508071367_00040,60.0,60.0,60.0,True,0.0,False,False
4508071397_00010,147.0,147.0,147.0,True,0.0,False,False
4508071416_00010,406.0,406.0,406.0,True,0.0,False,False
4508071416_00020,498.0,498.0,498.0,True,0.0,False,False
4508071447_00040,391.0,391.0,391.0,True,0.0,False,False
4508071447_00050,986.0,986.0,986.0,True,0.0,False,False
4508071447_00060,194.0,194.0,194.0,True,0.0,False,False
4508071447_00070,405.0,405.0,405.0,True,0.0,False,False
4508071447_00080,213.0,213.0,213.0,True,0.0,False,False
4508071447_00090,319.0,319.0,319.0,True,0.0,False,False
4508071447_00100,319.0,319.0,319.0,True,0.0,False,False
4508071447_00110,213.0,213.0,213.0,True,0.0,False,False
4508071447_00120,405.0,405.0,405.0,True,0.0,False,False
4508071447_00130,213.0,213.0,213.0,True,0.0,False,False
4508071447_00140,289.0,289.0,289.0,True,0.0,False,False
4508071542_00040,362.0,362.0,362.0,True,0.0,False,False
4508071543_00010,20.0,20.0,20.0,True,0.0,True,True
4508071543_00020,898.0,898.0,898.0,True,0.0,True,True
4508071543_00030,556.0,556.0,556.0,True,0.0,True,True
4508071543_00040,63.0,63.0,63.0,True,0.0,True,True
4508071543_00110,161.0,161.0,161.0,True,0.0,True,True
4508071543_00120,47.0,47.0,47.0,True,0.0,True,True
4508071543_00130,47.0,47.0,47.0,True,0.0,True,True
4508071543_00140,245.0,245.0,245.0,True,0.0,True,True
4508071543_00150,245.0,245.0,245.0,True,0.0,True,True
4508071543_00230,853.0,853.0,853.0,True,0.0,True,True
4508071543_00240,114.0,114.0,114.0,True,0.0,True,True
4508071556_00010,11.0,11.0,11.0,True,0.0,False,True
4508071578_00010,1167.0,1167.0,1167.0,True,0.0,False,False
4508071578_00020,1251.0,1251.0,1251.0,True,0.0,False,False
4508071578_00030,801.0,801.0,801.0,True,0.0,False,False
4508071590_00010,15588.0,15588.0,15588.0,True,0.0,False,True
4508071797_00001,524.0,297666.0,3149.0,False,297142.0,False,False
4508071845_00020,132.0,132.0,132.0,True,0.0,False,False
4508071850_00040,347.0,347.0,347.0,True,0.0,False,False
4508071851_00030,2258.0,2258.0,2258.0,True,0.0,False,False
4508071854_00010,5137.0,5137.0,5137.0,True,0.0,False,False
4508071854_00020,5098.0,5098.0,5098.0,True,0.0,False,False
4508071908_00010,417.0,417.0,417.0,True,0.0,False,False
4508071909_00010,2004.0,2004.0,2004.0,True,0.0,False,False
4508071918_00030,1544.0,1544.0,1544.0,True,0.0,False,False
4508071958_00020,148.0,148.0,148.0,True,0.0,False,False
4508071958_00030,698.0,698.0,698.0,True,0.0,False,False
4508071958_00040,1010.0,1010.0,1010.0,True,0.0,False,False
4508071958_00050,2893.0,2893.0,2893.0,True,0.0,False,False
4508071959_00010,797.0,797.0,797.0,True,0.0,False,False
4508071970_00020,1995.0,1995.0,1995.0,True,0.0,False,False
4508072001_00040,676.0,676.0,676.0,True,0.0,False,False
4508072001_00060,543.0,543.0,543.0,True,0.0,False,False
4508072003_00020,826.0,826.0,826.0,True,0.0,False,False
4508072007_00080,498.0,498.0,498.0,True,0.0,False,False
4508072007_00090,15.0,15.0,15.0,True,0.0,False,False
4508072021_00010,2085.0,2085.0,2085.0,True,0.0,False,False
4508072022_00020,159.0,159.0,159.0,True,0.0,False,False
4508072028_00010,308.0,308.0,308.0,True,0.0,False,True
4508072031_00001,86.0,4957.0,86.0,False,4871.0,False,False
4508072059_00010,260.0,260.0,260.0,True,0.0,False,True
4508072104_00010,3109.0,3109.0,3109.0,True,0.0,True,False
4508072148_00010,8018.0,8018.0,8018.0,True,0.0,False,False
4508072165_00020,391.0,391.0,391.0,True,0.0,False,False
4508072165_00030,1287.0,1287.0,1287.0,True,0.0,False,False
4508072165_00060,1137.0,1137.0,1137.0,True,0.0,False,False
4508072165_00090,7376.0,7376.0,7376.0,True,0.0,False,False
4508072165_00100,8482.0,8482.0,8482.0,True,0.0,False,False
4508072165_00110,260.0,260.0,260.0,True,0.0,False,False
4508072165_00120,178.0,178.0,178.0,True,0.0,False,False
4508072165_00130,287.0,287.0,287.0,True,0.0,False,False
4508072165_00140,287.0,287.0,287.0,True,0.0,False,False
4508072165_00150,198.0,198.0,198.0,True,0.0,False,False
4508072165_00160,221.0,221.0,221.0,True,0.0,False,False
4508072170_00010,1885.0,1885.0,1885.0,True,0.0,False,False
4508072170_00020,1137.0,1137.0,1137.0,True,0.0,False,False
4508072170_00030,1885.0,1885.0,1885.0,True,0.0,False,False
4508072170_00040,1616.0,1616.0,1616.0,True,0.0,False,False
4508072170_00050,1137.0,1137.0,1137.0,True,0.0,False,False
4508072170_00060,1137.0,1137.0,1137.0,True,0.0,False,False
4508072170_00070,1137.0,1137.0,1137.0,True,0.0,False,False
4508072170_00080,2092.0,2092.0,2092.0,True,0.0,False,False
4508072170_00090,1616.0,1616.0,1616.0,True,0.0,False,False
4508072170_00100,1421.0,1421.0,1421.0,True,0.0,False,False
4508072170_00110,897.0,897.0,897.0,True,0.0,False,False
4508072170_00120,1421.0,1421.0,1421.0,True,0.0,False,False
4508072173_00010,554.0,554.0,554.0,True,0.0,False,False
4508072194_00030,1251.0,1251.0,1251.0,True,0.0,False,False
4508072194_00050,498.0,498.0,498.0,True,0.0,False,False
4508072217_00010,29257.0,29257.0,29257.0,True,0.0,False,False
4508072430_00010,490.0,490.0,490.0,True,0.0,False,False
4508072539_00001,604.0,323242.0,3625.0,False,322638.0,False,False
4508072579_00030,669.0,669.0,669.0,True,0.0,False,False
4508072587_00070,1641.0,1641.0,1641.0,True,0.0,False,False
4508072591_00060,223.0,223.0,223.0,True,0.0,True,False
4508072603_00070,105.0,105.0,105.0,True,0.0,True,False
4508072616_00010,346.0,346.0,346.0,True,0.0,False,False
4508072616_00020,212.0,212.0,212.0,True,0.0,False,False
4508072628_00010,513.0,513.0,513.0,True,0.0,False,False
4508072628_00020,1393.0,1393.0,1393.0,True,0.0,False,False
4508072628_00060,3030.0,3030.0,3030.0,True,0.0,False,False
4508072710_00010,834.0,834.0,834.0,True,0.0,False,False
4508072711_00010,498.0,498.0,498.0,True,0.0,False,False
4508072713_00020,1251.0,1251.0,1251.0,True,0.0,False,False
4508072729_00010,2203.0,2203.0,2203.0,True,0.0,True,True
4508072850_00050,945.0,945.0,945.0,True,0.0,False,False
4508072850_00060,362.0,362.0,362.0,True,0.0,False,False
4508072850_00070,1070.0,1070.0,1070.0,True,0.0,False,False
4508072926_00010,26500.0,26500.0,26500.0,True,0.0,False,False
4508073097_00060,78.0,78.0,78.0,True,0.0,False,False
4508073097_00070,78.0,78.0,78.0,True,0.0,False,False
4508073097_00080,78.0,78.0,78.0,True,0.0,False,False
4508073132_00040,401.0,401.0,401.0,True,0.0,False,True
4508073151_00010,205.0,205.0,205.0,True,0.0,False,False
4508073151_00020,348.0,348.0,348.0,True,0.0,False,False
4508073151_00030,421.0,421.0,421.0,True,0.0,False,False
4508073151_00040,407.0,407.0,407.0,True,0.0,False,False
4508073196_00010,211.0,211.0,211.0,True,0.0,False,False
4508073216_00070,260.0,260.0,260.0,True,0.0,False,False
4508073216_00080,651.0,651.0,651.0,True,0.0,False,False
4508073216_00090,542.0,542.0,542.0,True,0.0,False,False
4508073244_00010,159.0,159.0,159.0,True,0.0,False,False
4508073263_00060,194.0,194.0,194.0,True,0.0,False,False
4508073404_00001,509.0,324551.0,4076.0,False,324042.0,False,False
4508073529_00010,25616.0,25616.0,25616.0,True,0.0,True,True
4508073546_00010,6135.0,6135.0,6135.0,True,0.0,True,True
4508073546_00020,2045.0,2045.0,2045.0,True,0.0,True,True
4508073546_00030,511.0,511.0,511.0,True,0.0,True,True
4508073856_00020,488.0,488.0,488.0,True,0.0,False,False
4508073949_00001,773.0,604619.0,6185.0,False,603846.0,False,False
4508074012_00090,8250.0,8250.0,8250.0,True,0.0,False,False
4508074128_00010,400.0,400.0,400.0,True,0.0,False,False
4508074129_00030,417.0,417.0,417.0,True,0.0,False,False
4508074131_00010,834.0,834.0,834.0,True,0.0,False,False
4508074131_00040,801.0,801.0,801.0,True,0.0,False,False
4508074292_00020,211.0,211.0,211.0,True,0.0,False,False
4508074292_00040,260.0,260.0,260.0,True,0.0,False,False
4508074292_00050,260.0,260.0,260.0,True,0.0,False,False
4508074292_00060,245.0,245.0,245.0,True,0.0,False,False
4508074292_00070,195.0,195.0,195.0,True,0.0,False,False
4508074503_00010,613.0,613.0,613.0,True,0.0,True,False
4508074537_00001,696.0,68291.0,696.0,False,67595.0,False,False
4508074549_00030,109.0,109.0,109.0,True,0.0,False,False
4508074579_00010,2503.0,2503.0,2503.0,True,0.0,False,True
4508074584_00010,524.0,524.0,524.0,True,0.0,False,False
4508074589_00030,2494.0,2494.0,2494.0,True,0.0,False,False
4508074602_00050,1096.0,1096.0,1096.0,True,0.0,False,False
4508074610_00010,585.0,585.0,585.0,True,0.0,False,False
4508074610_00020,292.0,292.0,292.0,True,0.0,False,False
4508074610_00030,1521.0,1521.0,1521.0,True,0.0,False,False
4508074610_00050,1543.0,1543.0,1543.0,True,0.0,False,False
4508074728_00010,834.0,834.0,834.0,True,0.0,False,False
4508074840_00001,567.0,344822.0,3969.0,False,344255.0,False,False
4508074879_00020,109.0,109.0,109.0,True,0.0,False,False
4508074933_00010,11691.0,11691.0,11691.0,True,0.0,False,True
4508075234_00001,212.0,58594.0,636.0,False,58382.0,False,False
4508075257_00010,1325018.0,1325018.0,1325018.0,True,0.0,True,False
4508075369_00010,3329.0,3329.0,3329.0,True,0.0,True,False
4508075402_00010,3079.0,3079.0,3079.0,True,0.0,False,False
4508075402_00030,203.0,203.0,203.0,True,0.0,False,False
4508075469_00001,525.0,398029.0,4206.0,False,397504.0,False,False
4508075606_00010,228630.0,228630.0,228630.0,True,0.0,False,False
4508075615_00010,88334.0,88334.0,88334.0,True,0.0,False,False
4508075812_00010,361.0,361.0,361.0,True,0.0,False,False
4508075812_00030,287.0,287.0,287.0,True,0.0,False,False
4508075812_00040,287.0,287.0,287.0,True,0.0,False,False
4508075812_00120,1088.0,1088.0,1088.0,True,0.0,False,False
4508075812_00130,243.0,243.0,243.0,True,0.0,False,False
4508075812_00150,179.0,179.0,179.0,True,0.0,False,False
4508075812_00170,284.0,284.0,284.0,True,0.0,False,False
4508075812_00180,445.0,445.0,445.0,True,0.0,False,False
4508075812_00190,347.0,347.0,347.0,True,0.0,False,False
4508075812_00230,662.0,662.0,662.0,True,0.0,False,False
4508075812_00270,1057.0,1057.0,1057.0,True,0.0,False,False
4508075812_00300,443.0,443.0,443.0,True,0.0,False,False
4508075812_00320,443.0,443.0,443.0,True,0.0,False,False
4508075812_00410,221.0,221.0,221.0,True,0.0,False,False
4508075812_00430,6638.0,6638.0,6638.0,True,0.0,False,False
4508075812_00440,845.0,845.0,845.0,True,0.0,False,False
4508075812_00510,665.0,665.0,665.0,True,0.0,False,False
4508075812_00520,130.0,130.0,130.0,True,0.0,False,False
4508075812_00530,221.0,221.0,221.0,True,0.0,False,False
4508075869_00010,3835.0,3835.0,3835.0,True,0.0,False,False
4508075911_00001,706.0,399792.0,4238.0,False,399086.0,False,False
4508075957_00010,439.0,439.0,439.0,True,0.0,True,False
