cond,kind,model,file_name,got,cond_value,truth,pred
amount_0.1,amount,granite,batch1-0182,127.31,127.44,True,True
amount_0.1,amount,granite,batch1-1294,192.5,192.31,True,True
amount_0.1,amount,granite,batch1-1100,500.29,500.79,True,True
amount_0.1,amount,granite,batch1-0345,6591.93,6585.34,True,True
amount_0.1,amount,granite,batch1-1375,21089.9,21068.81,True,True
amount_0.1,amount,granite,batch1-0474,44.28,44.28,False,False
amount_0.1,amount,granite,batch1-1224,165.42,165.25,True,True
amount_0.1,amount,granite,batch1-0572,462.77,462.31,True,True
amount_0.1,amount,granite,batch1-0475,1883.91,1885.79,True,True
amount_0.1,amount,granite,batch1-1480,9556.58,9547.02,True,True
amount_0.1,amount,granite,batch1-0742,119.23,119.11,True,True
amount_0.1,amount,granite,batch1-0884,275.0,275.27,True,True
amount_0.1,amount,granite,batch1-0864,893.82,812.56,False,True
amount_0.1,amount,granite,batch1-1165,6640.07,6633.43,True,True
amount_0.1,amount,granite,batch1-0415,21710.03,21731.74,True,True
amount_0.1,amount,granite,batch1-0471,40.3,40.3,False,False
amount_0.1,amount,granite,batch1-0902,181.5,181.32,True,True
amount_0.1,amount,granite,batch1-1019,409.05,409.46,True,True
amount_0.1,amount,granite,batch1-0093,2235.2,2232.96,True,True
amount_0.1,amount,granite,batch1-0704,32880.8,32913.68,True,True
amount_0.1,amount,granite,batch1-0790,4.94,4.94,False,False
amount_0.1,amount,granite,batch1-0296,169.25,169.08,True,True
amount_0.1,amount,granite,batch1-1055,459.79,460.25,True,True
amount_0.1,amount,granite,batch1-0336,4746.42,4751.17,True,True
amount_0.1,amount,granite,batch1-1325,39935.77,39935.77,False,False
amount_0.1,amount,granite,batch1-0724,55.66,55.66,False,False
amount_0.1,amount,granite,batch1-1151,331.99,332.32,True,True
amount_0.1,amount,granite,batch1-0088,500.24,499.74,True,True
amount_0.1,amount,granite,batch1-1349,4783.7,4783.7,False,False
amount_0.1,amount,granite,batch1-0817,55378.76,55378.76,False,False
amount_0.1,amount,granite,batch1-0397,159.45,159.29,True,True
amount_0.1,amount,granite,batch1-0979,220.44,220.22,True,True
amount_0.1,amount,granite,batch1-0165,698.89,698.89,False,False
amount_0.1,amount,granite,batch1-1312,1980.0,1981.98,True,True
amount_0.1,amount,granite,batch1-0500,34486.08,34451.59,True,True
amount_0.1,amount,granite,batch1-0073,53.96,54.01,True,True
amount_0.1,amount,granite,batch1-1273,280.5,280.78,True,True
amount_0.1,amount,granite,batch1-1226,1393.63,1395.02,True,True
amount_0.1,amount,granite,batch1-0427,3756.43,3756.43,False,False
amount_0.1,amount,granite,batch1-0964,33794.35,33794.35,False,False
amount_0.1,amount,granite,batch1-0809,60.45,60.45,False,False
amount_0.1,amount,granite,batch1-0283,314.27,313.96,True,True
amount_0.1,amount,granite,batch1-0796,882.05,881.17,True,True
amount_0.1,amount,granite,batch1-1439,2463.78,2466.24,True,True
amount_0.1,amount,granite,batch1-0367,93439.3,93439.3,False,False
amount_0.1,amount,granite,batch1-0452,39.53,39.57,True,True
amount_0.1,amount,granite,batch1-0108,360.58,360.58,False,False
amount_0.1,amount,granite,batch1-0824,589.41,589.41,False,False
amount_0.1,amount,granite,batch1-0851,5224.97,5224.97,False,False
amount_0.1,amount,granite,batch1-0560,14030.36,14044.39,True,True
amount_0.1,amount,granite,batch1-0428,10.98,10.97,False,False
amount_0.1,amount,granite,batch1-0897,341.63,341.29,True,True
amount_0.1,amount,granite,batch1-1178,675.82,675.82,False,False
amount_0.1,amount,granite,batch1-1290,1512.48,1513.99,True,True
amount_0.1,amount,granite,batch1-0120,9908.95,9918.86,True,True
amount_0.1,amount,granite,batch1-0903,111.07,111.18,True,True
amount_0.1,amount,granite,batch1-0705,255.64,255.9,True,True
amount_0.1,amount,granite,batch1-1046,686.02,624.27,True,True
amount_0.1,amount,granite,batch1-0816,2172.39,2170.22,True,True
amount_0.1,amount,granite,batch1-0677,16231.52,16231.52,False,False
amount_0.1,amount,granite,batch1-1185,14.0,13.99,False,False
amount_0.1,amount,granite,batch1-0569,224.75,224.53,True,True
amount_0.1,amount,granite,batch1-0914,529.9,530.43,True,True
amount_0.1,amount,granite,batch1-0697,4113.92,4109.81,True,True
amount_0.1,amount,granite,batch1-1319,17820.0,17802.18,True,True
amount_0.1,amount,granite,batch1-0223,111.0,110.89,True,True
amount_0.1,amount,granite,batch1-1261,306.44,306.13,True,True
amount_0.1,amount,granite,batch1-1075,582.7,582.12,True,True
amount_0.1,amount,granite,batch1-0463,2069.23,2067.16,True,True
amount_0.1,amount,granite,batch1-0859,36623.38,36660.0,True,True
amount_0.1,amount,granite,batch1-0549,70.52,70.52,False,False
amount_0.1,amount,granite,batch1-0772,195.31,195.11,True,True
amount_0.1,amount,granite,batch1-0556,566.78,567.35,True,True
amount_0.1,amount,granite,batch1-1026,3157.01,3153.85,True,True
amount_0.1,amount,granite,batch1-0231,18614.34,18632.95,True,True
amount_0.1,amount,granite,batch1-1115,16.47,16.45,True,True
amount_0.1,amount,granite,batch1-1047,395.99,396.39,True,True
amount_0.1,amount,granite,batch1-1122,422.55,422.13,True,True
amount_0.1,amount,granite,batch1-0133,3454.44,3450.99,True,True
amount_0.1,amount,granite,batch1-0245,158490.25,158490.25,False,False
amount_0.1,amount,granite,batch1-0674,65.98,66.05,True,True
amount_0.1,amount,granite,batch1-0481,395.75,396.15,True,True
amount_0.1,amount,granite,batch1-1331,760.48,760.48,False,False
amount_0.1,amount,granite,batch1-0279,3255.91,3255.91,False,False
amount_0.1,amount,granite,batch1-0766,31774.49,31774.49,False,False
amount_0.1,amount,granite,batch1-1464,83.89,83.89,False,False
amount_0.1,amount,granite,batch1-0933,328.83,329.16,True,True
amount_0.1,amount,granite,batch1-0377,692.78,693.47,True,True
amount_0.1,amount,granite,batch1-0012,5459.75,5454.29,True,True
amount_0.1,amount,granite,batch1-0050,25738.94,25764.68,True,True
amount_0.1,amount,granite,batch1-0793,31.02,30.99,True,True
amount_0.1,amount,granite,batch1-1341,238.11,237.87,True,True
amount_0.1,amount,granite,batch1-1148,1221.77,1222.99,True,True
amount_0.1,amount,granite,batch1-0522,3834.16,3830.33,True,True
amount_0.1,amount,granite,batch1-1025,15416.49,15401.07,True,True
amount_0.1,amount,granite,batch1-0169,25.52,25.55,True,True
amount_0.1,amount,granite,batch1-1231,188.09,188.09,False,False
amount_0.1,amount,granite,batch1-1381,538.67,538.13,True,True
amount_0.1,amount,granite,batch1-0710,4272.92,4268.65,True,True
amount_0.1,amount,granite,batch1-0686,19330.41,19311.08,True,True
amount_0.1,amount,granite,batch1-1109,138.9,138.76,True,True
amount_0.1,amount,granite,batch1-1287,173.8,173.97,True,True
amount_0.1,amount,granite,batch1-1434,631.31,631.31,False,False
amount_0.1,amount,granite,batch1-1169,4845.38,4845.38,False,False
amount_0.1,amount,granite,batch1-0026,9256.59,9256.59,False,False
amount_0.1,amount,granite,batch1-1051,110.0,110.0,False,False
amount_0.1,amount,granite,batch1-1090,293.05,293.05,False,False
amount_0.1,amount,granite,batch1-0932,916.21,915.29,True,True
amount_0.1,amount,granite,batch1-0238,3065.64,3068.71,True,True
amount_0.1,amount,granite,batch1-0449,17711.25,17693.54,True,True
amount_0.1,amount,granite,batch1-1123,37.05,37.01,True,True
amount_0.1,amount,granite,batch1-1403,219.89,219.67,True,True
amount_0.1,amount,granite,batch1-1071,1126.13,1126.13,False,False
amount_0.1,amount,granite,batch1-1266,2858.84,2861.7,True,True
amount_0.1,amount,granite,batch1-1222,44262.48,44218.22,True,True
amount_0.1,amount,granite,batch1-0846,97.33,97.43,True,True
amount_0.1,amount,granite,batch1-1166,228.71,228.71,False,False
amount_0.1,amount,granite,batch1-1469,1129.04,1130.17,True,True
amount_0.1,amount,granite,batch1-0883,2345.76,2345.76,False,False
amount_0.1,amount,granite,batch1-0434,20986.37,20965.38,True,True
amount_0.1,amount,granite,batch1-0060,32.83,32.83,False,False
amount_0.1,amount,granite,batch1-0126,274.42,274.69,True,True
amount_0.1,amount,granite,batch1-0454,993.96,993.96,False,False
amount_0.1,amount,granite,batch1-0717,4618.75,4614.13,True,True
amount_0.1,amount,granite,batch1-1068,33527.36,33560.89,True,True
amount_0.1,amount,granite,batch1-0167,95.22,86.47,True,True
amount_0.1,amount,granite,batch1-0292,328.2,328.2,False,False
amount_0.1,amount,granite,batch1-0266,760.1,760.1,False,False
amount_0.1,amount,granite,batch1-0981,3490.29,3490.29,False,False
amount_0.1,amount,granite,batch1-0174,15937.63,15953.57,True,True
amount_0.1,amount,granite,batch1-1473,102.3,102.4,True,True
amount_0.1,amount,granite,batch1-0100,235.79,236.03,True,True
amount_0.1,amount,granite,batch1-0716,415.75,415.33,True,True
amount_0.1,amount,granite,batch1-1377,5256.04,5261.3,True,True
amount_0.1,amount,granite,batch1-0692,7397.59,7404.99,True,True
amount_0.1,amount,granite,batch1-0374,6.6,6.61,True,True
amount_0.1,amount,granite,batch1-1225,285.95,286.24,True,True
amount_0.1,amount,granite,batch1-1344,816.49,815.67,True,True
amount_0.1,amount,granite,batch1-0764,3766.06,3769.83,True,True
amount_0.1,amount,granite,batch1-0286,18471.6,18453.13,True,True
amount_0.1,amount,granite,batch1-0843,10.99,10.98,False,False
amount_0.1,amount,granite,batch1-0049,342.87,343.21,True,True
amount_0.1,amount,granite,batch1-1132,767.32,766.55,True,True
amount_0.1,amount,granite,batch1-0757,1682.77,1682.77,False,False
amount_0.1,amount,granite,batch1-1484,7096.28,7103.38,True,True
amount_0.1,amount,granite,batch1-1124,158.4,158.56,True,True
amount_0.1,amount,granite,batch1-1453,365.2,365.2,False,False
amount_0.1,amount,granite,batch1-1134,577.31,576.73,True,True
amount_0.1,amount,granite,batch1-1297,6494.81,6494.81,False,False
amount_0.1,amount,granite,batch1-0134,10818.95,10808.13,True,True
amount_0.1,amount,paddle,batch1-0182,127.31,127.44,True,True
amount_0.1,amount,paddle,batch1-1294,192.5,192.31,True,True
amount_0.1,amount,paddle,batch1-1100,500.29,500.79,True,True
amount_0.1,amount,paddle,batch1-0345,6591.93,6585.34,True,True
amount_0.1,amount,paddle,batch1-1375,21089.9,21068.81,True,True
amount_0.1,amount,paddle,batch1-0474,44.28,44.28,False,False
amount_0.1,amount,paddle,batch1-1224,165.42,165.25,True,True
amount_0.1,amount,paddle,batch1-0572,462.77,462.31,True,True
amount_0.1,amount,paddle,batch1-0475,1883.91,1885.79,True,True
amount_0.1,amount,paddle,batch1-1480,9556.58,9547.02,True,True
amount_0.1,amount,paddle,batch1-0742,119.23,119.11,True,True
amount_0.1,amount,paddle,batch1-0884,275.0,275.27,True,True
amount_0.1,amount,paddle,batch1-0864,893.82,812.56,False,True
amount_0.1,amount,paddle,batch1-1165,6640.07,6633.43,True,True
amount_0.1,amount,paddle,batch1-0415,21710.03,21731.74,True,True
amount_0.1,amount,paddle,batch1-0471,40.3,40.3,False,False
amount_0.1,amount,paddle,batch1-0902,181.5,181.32,True,True
amount_0.1,amount,paddle,batch1-1019,409.05,409.46,True,True
amount_0.1,amount,paddle,batch1-0093,2235.2,2232.96,True,True
amount_0.1,amount,paddle,batch1-0704,32880.8,32913.68,True,True
amount_0.1,amount,paddle,batch1-0790,4.94,4.94,False,False
amount_0.1,amount,paddle,batch1-0296,169.25,169.08,True,True
amount_0.1,amount,paddle,batch1-1055,459.79,460.25,True,True
amount_0.1,amount,paddle,batch1-0336,4746.42,4751.17,True,True
amount_0.1,amount,paddle,batch1-1325,39935.77,39935.77,False,False
amount_0.1,amount,paddle,batch1-0724,55.66,55.66,False,False
amount_0.1,amount,paddle,batch1-1151,331.99,332.32,True,True
amount_0.1,amount,paddle,batch1-0088,500.24,499.74,True,True
amount_0.1,amount,paddle,batch1-1349,4783.7,4783.7,False,False
amount_0.1,amount,paddle,batch1-0817,55378.76,55378.76,False,False
amount_0.1,amount,paddle,batch1-0397,159.45,159.29,True,True
amount_0.1,amount,paddle,batch1-0979,220.44,220.22,True,True
amount_0.1,amount,paddle,batch1-0165,698.89,698.89,False,False
amount_0.1,amount,paddle,batch1-1312,1980.0,1981.98,True,True
amount_0.1,amount,paddle,batch1-0500,34486.08,34451.59,True,True
amount_0.1,amount,paddle,batch1-0073,53.96,54.01,True,True
amount_0.1,amount,paddle,batch1-1273,280.5,280.78,True,True
amount_0.1,amount,paddle,batch1-1226,1393.63,1395.02,True,True
amount_0.1,amount,paddle,batch1-0427,3756.43,3756.43,False,False
amount_0.1,amount,paddle,batch1-0964,33794.35,33794.35,False,False
amount_0.1,amount,paddle,batch1-0809,60.45,60.45,False,False
amount_0.1,amount,paddle,batch1-0283,314.27,313.96,True,True
amount_0.1,amount,paddle,batch1-0796,882.05,881.17,True,True
amount_0.1,amount,paddle,batch1-1439,2463.78,2466.24,True,True
amount_0.1,amount,paddle,batch1-0367,93439.3,93439.3,False,False
amount_0.1,amount,paddle,batch1-0452,39.53,39.57,True,True
amount_0.1,amount,paddle,batch1-0108,360.58,360.58,False,False
amount_0.1,amount,paddle,batch1-0824,589.41,589.41,False,False
amount_0.1,amount,paddle,batch1-0851,5224.97,5224.97,False,False
amount_0.1,amount,paddle,batch1-0560,14030.36,14044.39,True,True
amount_0.1,amount,paddle,batch1-0428,10.98,10.97,False,False
amount_0.1,amount,paddle,batch1-0897,341.63,341.29,True,True
amount_0.1,amount,paddle,batch1-1178,675.82,675.82,False,False
amount_0.1,amount,paddle,batch1-1290,1512.48,1513.99,True,True
amount_0.1,amount,paddle,batch1-0120,9908.95,9918.86,True,True
amount_0.1,amount,paddle,batch1-0903,111.07,111.18,True,True
amount_0.1,amount,paddle,batch1-0705,255.64,255.9,True,True
amount_0.1,amount,paddle,batch1-1046,686.02,624.27,True,True
amount_0.1,amount,paddle,batch1-0816,2172.39,2170.22,True,True
amount_0.1,amount,paddle,batch1-0677,16231.52,16231.52,False,False
amount_0.1,amount,paddle,batch1-1185,14.0,13.99,False,False
amount_0.1,amount,paddle,batch1-0569,224.75,224.53,True,True
amount_0.1,amount,paddle,batch1-0914,529.9,530.43,True,True
amount_0.1,amount,paddle,batch1-0697,4113.92,4109.81,True,True
amount_0.1,amount,paddle,batch1-1319,17820.0,17802.18,True,True
amount_0.1,amount,paddle,batch1-0223,111.0,110.89,True,True
amount_0.1,amount,paddle,batch1-1261,306.44,306.13,True,True
amount_0.1,amount,paddle,batch1-1075,582.7,582.12,True,True
amount_0.1,amount,paddle,batch1-0463,2069.23,2067.16,True,True
amount_0.1,amount,paddle,batch1-0859,36623.38,36660.0,True,True
amount_0.1,amount,paddle,batch1-0549,70.52,70.52,False,False
amount_0.1,amount,paddle,batch1-0772,195.31,195.11,True,True
amount_0.1,amount,paddle,batch1-0556,566.78,567.35,True,True
amount_0.1,amount,paddle,batch1-1026,3157.01,3153.85,True,True
amount_0.1,amount,paddle,batch1-0231,18614.34,18632.95,True,True
amount_0.1,amount,paddle,batch1-1115,16.47,16.45,True,True
amount_0.1,amount,paddle,batch1-1047,395.99,396.39,True,True
amount_0.1,amount,paddle,batch1-1122,422.55,422.13,True,True
amount_0.1,amount,paddle,batch1-0133,3454.44,3450.99,True,True
amount_0.1,amount,paddle,batch1-0245,158490.25,158490.25,False,False
amount_0.1,amount,paddle,batch1-0674,65.98,66.05,True,True
amount_0.1,amount,paddle,batch1-0481,395.75,396.15,True,True
amount_0.1,amount,paddle,batch1-1331,760.48,760.48,False,False
amount_0.1,amount,paddle,batch1-0279,3255.91,3255.91,False,False
amount_0.1,amount,paddle,batch1-0766,31774.49,31774.49,False,False
amount_0.1,amount,paddle,batch1-1464,83.89,83.89,False,False
amount_0.1,amount,paddle,batch1-0933,328.83,329.16,True,True
amount_0.1,amount,paddle,batch1-0377,692.78,693.47,True,True
amount_0.1,amount,paddle,batch1-0012,5459.75,5454.29,True,True
amount_0.1,amount,paddle,batch1-0050,25738.94,25764.68,True,True
amount_0.1,amount,paddle,batch1-0793,31.02,30.99,True,True
amount_0.1,amount,paddle,batch1-1341,238.11,237.87,True,True
amount_0.1,amount,paddle,batch1-1148,1221.77,1222.99,True,True
amount_0.1,amount,paddle,batch1-0522,3834.16,3830.33,True,True
amount_0.1,amount,paddle,batch1-1025,15416.49,15401.07,True,True
amount_0.1,amount,paddle,batch1-0169,25.52,25.55,True,True
amount_0.1,amount,paddle,batch1-1231,188.09,188.09,False,False
amount_0.1,amount,paddle,batch1-1381,538.67,538.13,True,True
amount_0.1,amount,paddle,batch1-0710,4272.92,4268.65,True,True
amount_0.1,amount,paddle,batch1-0686,19330.41,19311.08,True,True
amount_0.1,amount,paddle,batch1-1109,138.9,138.76,True,True
amount_0.1,amount,paddle,batch1-1287,173.8,173.97,True,True
amount_0.1,amount,paddle,batch1-1434,631.31,631.31,False,False
amount_0.1,amount,paddle,batch1-1169,4845.38,4845.38,False,False
amount_0.1,amount,paddle,batch1-0026,9256.59,9256.59,False,False
amount_0.1,amount,paddle,batch1-1051,110.0,110.0,False,False
amount_0.1,amount,paddle,batch1-1090,293.05,293.05,False,False
amount_0.1,amount,paddle,batch1-0932,916.21,915.29,True,True
amount_0.1,amount,paddle,batch1-0238,3065.64,3068.71,True,True
amount_0.1,amount,paddle,batch1-0449,17711.25,17693.54,True,True
amount_0.1,amount,paddle,batch1-1123,37.05,37.01,True,True
amount_0.1,amount,paddle,batch1-1403,219.89,219.67,True,True
amount_0.1,amount,paddle,batch1-1071,1126.13,1126.13,False,False
amount_0.1,amount,paddle,batch1-1266,2858.84,2861.7,True,True
amount_0.1,amount,paddle,batch1-1222,44262.48,44218.22,True,True
amount_0.1,amount,paddle,batch1-0846,97.33,97.43,True,True
amount_0.1,amount,paddle,batch1-1166,228.71,228.71,False,False
amount_0.1,amount,paddle,batch1-1469,1129.04,1130.17,True,True
amount_0.1,amount,paddle,batch1-0883,2345.76,2345.76,False,False
amount_0.1,amount,paddle,batch1-0434,20986.37,20965.38,True,True
amount_0.1,amount,paddle,batch1-0060,32.83,32.83,False,False
amount_0.1,amount,paddle,batch1-0126,274.42,274.69,True,True
amount_0.1,amount,paddle,batch1-0454,993.96,993.96,False,False
amount_0.1,amount,paddle,batch1-0717,4618.75,4614.13,True,True
amount_0.1,amount,paddle,batch1-1068,33527.36,33560.89,True,True
amount_0.1,amount,paddle,batch1-0167,95.22,86.47,True,True
amount_0.1,amount,paddle,batch1-0292,328.2,328.2,False,False
amount_0.1,amount,paddle,batch1-0266,760.1,760.1,False,False
amount_0.1,amount,paddle,batch1-0981,3490.29,3490.29,False,False
amount_0.1,amount,paddle,batch1-0174,15937.63,15953.57,True,True
amount_0.1,amount,paddle,batch1-1473,102.3,102.4,True,True
amount_0.1,amount,paddle,batch1-0100,235.79,236.03,True,True
amount_0.1,amount,paddle,batch1-0716,415.75,415.33,True,True
amount_0.1,amount,paddle,batch1-1377,5256.04,5261.3,True,True
amount_0.1,amount,paddle,batch1-0692,7397.59,7404.99,True,True
amount_0.1,amount,paddle,batch1-0374,6.6,6.61,True,True
amount_0.1,amount,paddle,batch1-1225,285.95,286.24,True,True
amount_0.1,amount,paddle,batch1-1344,816.49,815.67,True,True
amount_0.1,amount,paddle,batch1-0764,3766.06,3769.83,True,True
amount_0.1,amount,paddle,batch1-0286,18471.6,18453.13,True,True
amount_0.1,amount,paddle,batch1-0843,10.99,10.98,False,False
amount_0.1,amount,paddle,batch1-0049,342.87,343.21,True,True
amount_0.1,amount,paddle,batch1-1132,767.32,766.55,True,True
amount_0.1,amount,paddle,batch1-0757,1682.77,1682.77,False,False
amount_0.1,amount,paddle,batch1-1484,7096.28,7103.38,True,True
amount_0.1,amount,paddle,batch1-1124,158.4,158.56,True,True
amount_0.1,amount,paddle,batch1-1453,365.2,365.2,False,False
amount_0.1,amount,paddle,batch1-1134,577.31,576.73,True,True
amount_0.1,amount,paddle,batch1-1297,6494.81,6494.81,False,False
amount_0.1,amount,paddle,batch1-0134,10818.95,10808.13,True,True
amount_1,amount,granite,batch1-0182,127.31,128.58,True,True
amount_1,amount,granite,batch1-1294,192.5,190.58,True,True
amount_1,amount,granite,batch1-1100,500.29,505.29,True,True
amount_1,amount,granite,batch1-0345,6591.93,6526.01,True,True
amount_1,amount,granite,batch1-1375,21089.9,20879.0,True,True
amount_1,amount,granite,batch1-0474,44.28,44.28,False,False
amount_1,amount,granite,batch1-1224,165.42,163.77,True,True
amount_1,amount,granite,batch1-0572,462.77,458.14,True,True
amount_1,amount,granite,batch1-0475,1883.91,1902.75,True,True
amount_1,amount,granite,batch1-1480,9556.58,9461.01,True,True
amount_1,amount,granite,batch1-0742,119.23,118.04,True,True
amount_1,amount,granite,batch1-0884,275.0,277.75,True,True
amount_1,amount,granite,batch1-0864,893.82,812.56,False,True
amount_1,amount,granite,batch1-1165,6640.07,6573.67,True,True
amount_1,amount,granite,batch1-0415,21710.03,21927.13,True,True
amount_1,amount,granite,batch1-0471,40.3,40.3,False,False
amount_1,amount,granite,batch1-0902,181.5,179.68,True,True
amount_1,amount,granite,batch1-1019,409.05,413.14,True,True
amount_1,amount,granite,batch1-0093,2235.2,2212.85,True,True
amount_1,amount,granite,batch1-0704,32880.8,33209.61,True,True
amount_1,amount,granite,batch1-0790,4.94,4.89,True,True
amount_1,amount,granite,batch1-0296,169.25,167.56,True,True
amount_1,amount,granite,batch1-1055,459.79,464.39,True,True
amount_1,amount,granite,batch1-0336,4746.42,4793.88,True,True
amount_1,amount,granite,batch1-1325,39935.77,39935.77,False,False
amount_1,amount,granite,batch1-0724,55.66,55.66,False,False
amount_1,amount,granite,batch1-1151,331.99,335.31,True,True
amount_1,amount,granite,batch1-0088,500.24,495.24,True,True
amount_1,amount,granite,batch1-1349,4783.7,4783.7,False,False
amount_1,amount,granite,batch1-0817,55378.76,55378.76,False,False
amount_1,amount,granite,batch1-0397,159.45,157.86,True,True
amount_1,amount,granite,batch1-0979,220.44,218.24,True,True
amount_1,amount,granite,batch1-0165,698.89,698.89,False,False
amount_1,amount,granite,batch1-1312,1980.0,1999.8,True,True
amount_1,amount,granite,batch1-0500,34486.08,34141.22,True,True
amount_1,amount,granite,batch1-0073,53.96,54.5,True,True
amount_1,amount,granite,batch1-1273,280.5,283.3,True,True
amount_1,amount,granite,batch1-1226,1393.63,1407.57,True,True
amount_1,amount,granite,batch1-0427,3756.43,3756.43,False,False
amount_1,amount,granite,batch1-0964,33794.35,33794.35,False,False
amount_1,amount,granite,batch1-0809,60.45,60.45,False,False
amount_1,amount,granite,batch1-0283,314.27,311.13,True,True
amount_1,amount,granite,batch1-0796,882.05,873.23,True,True
amount_1,amount,granite,batch1-1439,2463.78,2488.42,True,True
amount_1,amount,granite,batch1-0367,93439.3,93439.3,False,False
amount_1,amount,granite,batch1-0452,39.53,39.93,True,True
amount_1,amount,granite,batch1-0108,360.58,360.58,False,False
amount_1,amount,granite,batch1-0824,589.41,589.41,False,False
amount_1,amount,granite,batch1-0851,5224.97,5224.97,False,False
amount_1,amount,granite,batch1-0560,14030.36,14170.66,True,True
amount_1,amount,granite,batch1-0428,10.98,10.87,True,True
amount_1,amount,granite,batch1-0897,341.63,338.21,True,True
amount_1,amount,granite,batch1-1178,675.82,675.82,False,False
amount_1,amount,granite,batch1-1290,1512.48,1527.6,True,True
amount_1,amount,granite,batch1-0120,9908.95,10008.04,True,True
amount_1,amount,granite,batch1-0903,111.07,112.18,True,True
amount_1,amount,granite,batch1-0705,255.64,258.2,True,True
amount_1,amount,granite,batch1-1046,686.02,629.89,True,True
amount_1,amount,granite,batch1-0816,2172.39,2150.67,True,True
amount_1,amount,granite,batch1-0677,16231.52,16231.52,False,False
amount_1,amount,granite,batch1-1185,14.0,13.86,True,True
amount_1,amount,granite,batch1-0569,224.75,222.5,True,True
amount_1,amount,granite,batch1-0914,529.9,535.2,True,True
amount_1,amount,granite,batch1-0697,4113.92,4072.78,True,True
amount_1,amount,granite,batch1-1319,17820.0,17641.8,True,True
amount_1,amount,granite,batch1-0223,111.0,109.89,True,True
amount_1,amount,granite,batch1-1261,306.44,303.38,True,True
amount_1,amount,granite,batch1-1075,582.7,576.87,True,True
amount_1,amount,granite,batch1-0463,2069.23,2048.54,True,True
amount_1,amount,granite,batch1-0859,36623.38,36989.61,True,True
amount_1,amount,granite,batch1-0549,70.52,70.52,False,False
amount_1,amount,granite,batch1-0772,195.31,193.36,True,True
amount_1,amount,granite,batch1-0556,566.78,572.45,True,True
amount_1,amount,granite,batch1-1026,3157.01,3125.44,True,True
amount_1,amount,granite,batch1-0231,18614.34,18800.48,True,True
amount_1,amount,granite,batch1-1115,16.47,16.31,True,True
amount_1,amount,granite,batch1-1047,395.99,399.95,True,True
amount_1,amount,granite,batch1-1122,422.55,418.32,True,True
amount_1,amount,granite,batch1-0133,3454.44,3419.9,True,True
amount_1,amount,granite,batch1-0245,158490.25,158490.25,False,False
amount_1,amount,granite,batch1-0674,65.98,66.64,True,True
amount_1,amount,granite,batch1-0481,395.75,399.71,True,True
amount_1,amount,granite,batch1-1331,760.48,760.48,False,False
amount_1,amount,granite,batch1-0279,3255.91,3255.91,False,False
amount_1,amount,granite,batch1-0766,31774.49,31774.49,False,False
amount_1,amount,granite,batch1-1464,83.89,83.89,False,False
amount_1,amount,granite,batch1-0933,328.83,332.12,True,True
amount_1,amount,granite,batch1-0377,692.78,699.71,True,True
amount_1,amount,granite,batch1-0012,5459.75,5405.15,True,True
amount_1,amount,granite,batch1-0050,25738.94,25996.33,True,True
amount_1,amount,granite,batch1-0793,31.02,30.71,True,True
amount_1,amount,granite,batch1-1341,238.11,235.73,True,True
amount_1,amount,granite,batch1-1148,1221.77,1233.99,True,True
amount_1,amount,granite,batch1-0522,3834.16,3795.82,True,True
amount_1,amount,granite,batch1-1025,15416.49,15262.33,True,True
amount_1,amount,granite,batch1-0169,25.52,25.78,True,True
amount_1,amount,granite,batch1-1231,188.09,188.09,False,False
amount_1,amount,granite,batch1-1381,538.67,533.28,True,True
amount_1,amount,granite,batch1-0710,4272.92,4230.19,True,True
amount_1,amount,granite,batch1-0686,19330.41,19137.11,True,True
amount_1,amount,granite,batch1-1109,138.9,137.51,True,True
amount_1,amount,granite,batch1-1287,173.8,175.54,True,True
amount_1,amount,granite,batch1-1434,631.31,631.31,False,False
amount_1,amount,granite,batch1-1169,4845.38,4845.38,False,False
amount_1,amount,granite,batch1-0026,9256.59,9256.59,False,False
amount_1,amount,granite,batch1-1051,110.0,110.0,False,False
amount_1,amount,granite,batch1-1090,293.05,293.05,False,False
amount_1,amount,granite,batch1-0932,916.21,907.05,True,True
amount_1,amount,granite,batch1-0238,3065.64,3096.3,True,True
amount_1,amount,granite,batch1-0449,17711.25,17534.14,True,True
amount_1,amount,granite,batch1-1123,37.05,36.68,True,True
amount_1,amount,granite,batch1-1403,219.89,217.69,True,True
amount_1,amount,granite,batch1-1071,1126.13,1126.13,False,False
amount_1,amount,granite,batch1-1266,2858.84,2887.43,True,True
amount_1,amount,granite,batch1-1222,44262.48,43819.86,True,True
amount_1,amount,granite,batch1-0846,97.33,98.3,True,True
amount_1,amount,granite,batch1-1166,228.71,228.71,False,False
amount_1,amount,granite,batch1-1469,1129.04,1140.33,True,True
amount_1,amount,granite,batch1-0883,2345.76,2345.76,False,False
amount_1,amount,granite,batch1-0434,20986.37,20776.51,True,True
amount_1,amount,granite,batch1-0060,32.83,32.83,False,False
amount_1,amount,granite,batch1-0126,274.42,277.16,True,True
amount_1,amount,granite,batch1-0454,993.96,993.96,False,False
amount_1,amount,granite,batch1-0717,4618.75,4572.56,True,True
amount_1,amount,granite,batch1-1068,33527.36,33862.63,True,True
amount_1,amount,granite,batch1-0167,95.22,85.69,True,True
amount_1,amount,granite,batch1-0292,328.2,328.2,False,False
amount_1,amount,granite,batch1-0266,760.1,760.1,False,False
amount_1,amount,granite,batch1-0981,3490.29,3490.29,False,False
amount_1,amount,granite,batch1-0174,15937.63,16097.01,True,True
amount_1,amount,granite,batch1-1473,102.3,103.32,True,True
amount_1,amount,granite,batch1-0100,235.79,238.15,True,True
amount_1,amount,granite,batch1-0716,415.75,411.59,True,True
amount_1,amount,granite,batch1-1377,5256.04,5308.6,True,True
amount_1,amount,granite,batch1-0692,7397.59,7471.57,True,True
amount_1,amount,granite,batch1-0374,6.6,6.67,True,True
amount_1,amount,granite,batch1-1225,285.95,288.81,True,True
amount_1,amount,granite,batch1-1344,816.49,808.33,True,True
amount_1,amount,granite,batch1-0764,3766.06,3803.72,True,True
amount_1,amount,granite,batch1-0286,18471.6,18286.88,True,True
amount_1,amount,granite,batch1-0843,10.99,10.88,True,True
amount_1,amount,granite,batch1-0049,342.87,346.3,True,True
amount_1,amount,granite,batch1-1132,767.32,759.65,True,True
amount_1,amount,granite,batch1-0757,1682.77,1682.77,False,False
amount_1,amount,granite,batch1-1484,7096.28,7167.24,True,True
amount_1,amount,granite,batch1-1124,158.4,159.98,True,True
amount_1,amount,granite,batch1-1453,365.2,365.2,False,False
amount_1,amount,granite,batch1-1134,577.31,571.54,True,True
amount_1,amount,granite,batch1-1297,6494.81,6494.81,False,False
amount_1,amount,granite,batch1-0134,10818.95,10710.76,True,True
amount_1,amount,paddle,batch1-0182,127.31,128.58,True,True
amount_1,amount,paddle,batch1-1294,192.5,190.58,True,True
amount_1,amount,paddle,batch1-1100,500.29,505.29,True,True
amount_1,amount,paddle,batch1-0345,6591.93,6526.01,True,True
amount_1,amount,paddle,batch1-1375,21089.9,20879.0,True,True
amount_1,amount,paddle,batch1-0474,44.28,44.28,False,False
amount_1,amount,paddle,batch1-1224,165.42,163.77,True,True
amount_1,amount,paddle,batch1-0572,462.77,458.14,True,True
amount_1,amount,paddle,batch1-0475,1883.91,1902.75,True,True
amount_1,amount,paddle,batch1-1480,9556.58,9461.01,True,True
amount_1,amount,paddle,batch1-0742,119.23,118.04,True,True
amount_1,amount,paddle,batch1-0884,275.0,277.75,True,True
amount_1,amount,paddle,batch1-0864,893.82,812.56,False,True
amount_1,amount,paddle,batch1-1165,6640.07,6573.67,True,True
amount_1,amount,paddle,batch1-0415,21710.03,21927.13,True,True
amount_1,amount,paddle,batch1-0471,40.3,40.3,False,False
amount_1,amount,paddle,batch1-0902,181.5,179.68,True,True
amount_1,amount,paddle,batch1-1019,409.05,413.14,True,True
amount_1,amount,paddle,batch1-0093,2235.2,2212.85,True,True
amount_1,amount,paddle,batch1-0704,32880.8,33209.61,True,True
amount_1,amount,paddle,batch1-0790,4.94,4.89,True,True
amount_1,amount,paddle,batch1-0296,169.25,167.56,True,True
amount_1,amount,paddle,batch1-1055,459.79,464.39,True,True
amount_1,amount,paddle,batch1-0336,4746.42,4793.88,True,True
amount_1,amount,paddle,batch1-1325,39935.77,39935.77,False,False
amount_1,amount,paddle,batch1-0724,55.66,55.66,False,False
amount_1,amount,paddle,batch1-1151,331.99,335.31,True,True
amount_1,amount,paddle,batch1-0088,500.24,495.24,True,True
amount_1,amount,paddle,batch1-1349,4783.7,4783.7,False,False
amount_1,amount,paddle,batch1-0817,55378.76,55378.76,False,False
amount_1,amount,paddle,batch1-0397,159.45,157.86,True,True
amount_1,amount,paddle,batch1-0979,220.44,218.24,True,True
amount_1,amount,paddle,batch1-0165,698.89,698.89,False,False
amount_1,amount,paddle,batch1-1312,1980.0,1999.8,True,True
amount_1,amount,paddle,batch1-0500,34486.08,34141.22,True,True
amount_1,amount,paddle,batch1-0073,53.96,54.5,True,True
amount_1,amount,paddle,batch1-1273,280.5,283.3,True,True
amount_1,amount,paddle,batch1-1226,1393.63,1407.57,True,True
amount_1,amount,paddle,batch1-0427,3756.43,3756.43,False,False
amount_1,amount,paddle,batch1-0964,33794.35,33794.35,False,False
amount_1,amount,paddle,batch1-0809,60.45,60.45,False,False
amount_1,amount,paddle,batch1-0283,314.27,311.13,True,True
amount_1,amount,paddle,batch1-0796,882.05,873.23,True,True
amount_1,amount,paddle,batch1-1439,2463.78,2488.42,True,True
amount_1,amount,paddle,batch1-0367,93439.3,93439.3,False,False
amount_1,amount,paddle,batch1-0452,39.53,39.93,True,True
amount_1,amount,paddle,batch1-0108,360.58,360.58,False,False
amount_1,amount,paddle,batch1-0824,589.41,589.41,False,False
amount_1,amount,paddle,batch1-0851,5224.97,5224.97,False,False
amount_1,amount,paddle,batch1-0560,14030.36,14170.66,True,True
amount_1,amount,paddle,batch1-0428,10.98,10.87,True,True
amount_1,amount,paddle,batch1-0897,341.63,338.21,True,True
amount_1,amount,paddle,batch1-1178,675.82,675.82,False,False
amount_1,amount,paddle,batch1-1290,1512.48,1527.6,True,True
amount_1,amount,paddle,batch1-0120,9908.95,10008.04,True,True
amount_1,amount,paddle,batch1-0903,111.07,112.18,True,True
amount_1,amount,paddle,batch1-0705,255.64,258.2,True,True
amount_1,amount,paddle,batch1-1046,686.02,629.89,True,True
amount_1,amount,paddle,batch1-0816,2172.39,2150.67,True,True
amount_1,amount,paddle,batch1-0677,16231.52,16231.52,False,False
amount_1,amount,paddle,batch1-1185,14.0,13.86,True,True
amount_1,amount,paddle,batch1-0569,224.75,222.5,True,True
amount_1,amount,paddle,batch1-0914,529.9,535.2,True,True
amount_1,amount,paddle,batch1-0697,4113.92,4072.78,True,True
amount_1,amount,paddle,batch1-1319,17820.0,17641.8,True,True
amount_1,amount,paddle,batch1-0223,111.0,109.89,True,True
amount_1,amount,paddle,batch1-1261,306.44,303.38,True,True
amount_1,amount,paddle,batch1-1075,582.7,576.87,True,True
amount_1,amount,paddle,batch1-0463,2069.23,2048.54,True,True
amount_1,amount,paddle,batch1-0859,36623.38,36989.61,True,True
amount_1,amount,paddle,batch1-0549,70.52,70.52,False,False
amount_1,amount,paddle,batch1-0772,195.31,193.36,True,True
amount_1,amount,paddle,batch1-0556,566.78,572.45,True,True
amount_1,amount,paddle,batch1-1026,3157.01,3125.44,True,True
amount_1,amount,paddle,batch1-0231,18614.34,18800.48,True,True
amount_1,amount,paddle,batch1-1115,16.47,16.31,True,True
amount_1,amount,paddle,batch1-1047,395.99,399.95,True,True
amount_1,amount,paddle,batch1-1122,422.55,418.32,True,True
amount_1,amount,paddle,batch1-0133,3454.44,3419.9,True,True
amount_1,amount,paddle,batch1-0245,158490.25,158490.25,False,False
amount_1,amount,paddle,batch1-0674,65.98,66.64,True,True
amount_1,amount,paddle,batch1-0481,395.75,399.71,True,True
amount_1,amount,paddle,batch1-1331,760.48,760.48,False,False
amount_1,amount,paddle,batch1-0279,3255.91,3255.91,False,False
amount_1,amount,paddle,batch1-0766,31774.49,31774.49,False,False
amount_1,amount,paddle,batch1-1464,83.89,83.89,False,False
amount_1,amount,paddle,batch1-0933,328.83,332.12,True,True
amount_1,amount,paddle,batch1-0377,692.78,699.71,True,True
amount_1,amount,paddle,batch1-0012,5459.75,5405.15,True,True
amount_1,amount,paddle,batch1-0050,25738.94,25996.33,True,True
amount_1,amount,paddle,batch1-0793,31.02,30.71,True,True
amount_1,amount,paddle,batch1-1341,238.11,235.73,True,True
amount_1,amount,paddle,batch1-1148,1221.77,1233.99,True,True
amount_1,amount,paddle,batch1-0522,3834.16,3795.82,True,True
amount_1,amount,paddle,batch1-1025,15416.49,15262.33,True,True
amount_1,amount,paddle,batch1-0169,25.52,25.78,True,True
amount_1,amount,paddle,batch1-1231,188.09,188.09,False,False
amount_1,amount,paddle,batch1-1381,538.67,533.28,True,True
amount_1,amount,paddle,batch1-0710,4272.92,4230.19,True,True
amount_1,amount,paddle,batch1-0686,19330.41,19137.11,True,True
amount_1,amount,paddle,batch1-1109,138.9,137.51,True,True
amount_1,amount,paddle,batch1-1287,173.8,175.54,True,True
amount_1,amount,paddle,batch1-1434,631.31,631.31,False,False
amount_1,amount,paddle,batch1-1169,4845.38,4845.38,False,False
amount_1,amount,paddle,batch1-0026,9256.59,9256.59,False,False
amount_1,amount,paddle,batch1-1051,110.0,110.0,False,False
amount_1,amount,paddle,batch1-1090,293.05,293.05,False,False
amount_1,amount,paddle,batch1-0932,916.21,907.05,True,True
amount_1,amount,paddle,batch1-0238,3065.64,3096.3,True,True
amount_1,amount,paddle,batch1-0449,17711.25,17534.14,True,True
amount_1,amount,paddle,batch1-1123,37.05,36.68,True,True
amount_1,amount,paddle,batch1-1403,219.89,217.69,True,True
amount_1,amount,paddle,batch1-1071,1126.13,1126.13,False,False
amount_1,amount,paddle,batch1-1266,2858.84,2887.43,True,True
amount_1,amount,paddle,batch1-1222,44262.48,43819.86,True,True
amount_1,amount,paddle,batch1-0846,97.33,98.3,True,True
amount_1,amount,paddle,batch1-1166,228.71,228.71,False,False
amount_1,amount,paddle,batch1-1469,1129.04,1140.33,True,True
amount_1,amount,paddle,batch1-0883,2345.76,2345.76,False,False
amount_1,amount,paddle,batch1-0434,20986.37,20776.51,True,True
amount_1,amount,paddle,batch1-0060,32.83,32.83,False,False
amount_1,amount,paddle,batch1-0126,274.42,277.16,True,True
amount_1,amount,paddle,batch1-0454,993.96,993.96,False,False
amount_1,amount,paddle,batch1-0717,4618.75,4572.56,True,True
amount_1,amount,paddle,batch1-1068,33527.36,33862.63,True,True
amount_1,amount,paddle,batch1-0167,95.22,85.69,True,True
amount_1,amount,paddle,batch1-0292,328.2,328.2,False,False
amount_1,amount,paddle,batch1-0266,760.1,760.1,False,False
amount_1,amount,paddle,batch1-0981,3490.29,3490.29,False,False
amount_1,amount,paddle,batch1-0174,15937.63,16097.01,True,True
amount_1,amount,paddle,batch1-1473,102.3,103.32,True,True
amount_1,amount,paddle,batch1-0100,235.79,238.15,True,True
amount_1,amount,paddle,batch1-0716,415.75,411.59,True,True
amount_1,amount,paddle,batch1-1377,5256.04,5308.6,True,True
amount_1,amount,paddle,batch1-0692,7397.59,7471.57,True,True
amount_1,amount,paddle,batch1-0374,6.6,6.67,True,True
amount_1,amount,paddle,batch1-1225,285.95,288.81,True,True
amount_1,amount,paddle,batch1-1344,816.49,808.33,True,True
amount_1,amount,paddle,batch1-0764,3766.06,3803.72,True,True
amount_1,amount,paddle,batch1-0286,18471.6,18286.88,True,True
amount_1,amount,paddle,batch1-0843,10.99,10.88,True,True
amount_1,amount,paddle,batch1-0049,342.87,346.3,True,True
amount_1,amount,paddle,batch1-1132,767.32,759.65,True,True
amount_1,amount,paddle,batch1-0757,1682.77,1682.77,False,False
amount_1,amount,paddle,batch1-1484,7096.28,7167.24,True,True
amount_1,amount,paddle,batch1-1124,158.4,159.98,True,True
amount_1,amount,paddle,batch1-1453,365.2,365.2,False,False
amount_1,amount,paddle,batch1-1134,577.31,571.54,True,True
amount_1,amount,paddle,batch1-1297,6494.81,6494.81,False,False
amount_1,amount,paddle,batch1-0134,10818.95,10710.76,True,True
amount_10,amount,granite,batch1-0182,127.31,140.04,True,True
amount_10,amount,granite,batch1-1294,192.5,173.25,True,True
amount_10,amount,granite,batch1-1100,500.29,550.32,True,True
amount_10,amount,granite,batch1-0345,6591.93,5932.74,True,True
amount_10,amount,granite,batch1-1375,21089.9,18980.91,True,True
amount_10,amount,granite,batch1-0474,44.28,44.28,False,False
amount_10,amount,granite,batch1-1224,165.42,148.88,True,True
amount_10,amount,granite,batch1-0572,462.77,416.49,True,True
amount_10,amount,granite,batch1-0475,1883.91,2072.3,True,True
amount_10,amount,granite,batch1-1480,9556.58,8600.92,True,True
amount_10,amount,granite,batch1-0742,119.23,107.31,True,True
amount_10,amount,granite,batch1-0884,275.0,302.5,True,True
amount_10,amount,granite,batch1-0864,893.82,812.56,False,True
amount_10,amount,granite,batch1-1165,6640.07,5976.06,True,True
amount_10,amount,granite,batch1-0415,21710.03,23881.03,True,True
amount_10,amount,granite,batch1-0471,40.3,40.3,False,False
amount_10,amount,granite,batch1-0902,181.5,163.35,True,True
amount_10,amount,granite,batch1-1019,409.05,449.96,True,True
amount_10,amount,granite,batch1-0093,2235.2,2011.68,True,True
amount_10,amount,granite,batch1-0704,32880.8,36168.88,True,True
amount_10,amount,granite,batch1-0790,4.94,4.45,True,True
amount_10,amount,granite,batch1-0296,169.25,152.33,True,True
amount_10,amount,granite,batch1-1055,459.79,505.77,True,True
amount_10,amount,granite,batch1-0336,4746.42,5221.06,True,True
amount_10,amount,granite,batch1-1325,39935.77,39935.77,False,False
amount_10,amount,granite,batch1-0724,55.66,55.66,False,False
amount_10,amount,granite,batch1-1151,331.99,365.19,True,True
amount_10,amount,granite,batch1-0088,500.24,450.22,True,True
amount_10,amount,granite,batch1-1349,4783.7,4783.7,False,False
amount_10,amount,granite,batch1-0817,55378.76,55378.76,False,False
amount_10,amount,granite,batch1-0397,159.45,143.5,True,True
amount_10,amount,granite,batch1-0979,220.44,198.4,True,True
amount_10,amount,granite,batch1-0165,698.89,698.89,False,False
amount_10,amount,granite,batch1-1312,1980.0,2178.0,True,True
amount_10,amount,granite,batch1-0500,34486.08,31037.47,True,True
amount_10,amount,granite,batch1-0073,53.96,59.36,True,True
amount_10,amount,granite,batch1-1273,280.5,308.55,True,True
amount_10,amount,granite,batch1-1226,1393.63,1532.99,True,True
amount_10,amount,granite,batch1-0427,3756.43,3756.43,False,False
amount_10,amount,granite,batch1-0964,33794.35,33794.35,False,False
amount_10,amount,granite,batch1-0809,60.45,60.45,False,False
amount_10,amount,granite,batch1-0283,314.27,282.84,True,True
amount_10,amount,granite,batch1-0796,882.05,793.84,True,True
amount_10,amount,granite,batch1-1439,2463.78,2710.16,True,True
amount_10,amount,granite,batch1-0367,93439.3,93439.3,False,False
amount_10,amount,granite,batch1-0452,39.53,43.48,True,True
amount_10,amount,granite,batch1-0108,360.58,360.58,False,False
amount_10,amount,granite,batch1-0824,589.41,589.41,False,False
amount_10,amount,granite,batch1-0851,5224.97,5224.97,False,False
amount_10,amount,granite,batch1-0560,14030.36,15433.4,True,True
amount_10,amount,granite,batch1-0428,10.98,9.88,True,True
amount_10,amount,granite,batch1-0897,341.63,307.47,True,True
amount_10,amount,granite,batch1-1178,675.82,675.82,False,False
amount_10,amount,granite,batch1-1290,1512.48,1663.73,True,True
amount_10,amount,granite,batch1-0120,9908.95,10899.84,True,True
amount_10,amount,granite,batch1-0903,111.07,122.18,True,True
amount_10,amount,granite,batch1-0705,255.64,281.2,True,True
amount_10,amount,granite,batch1-1046,686.02,686.02,True,False
amount_10,amount,granite,batch1-0816,2172.39,1955.15,True,True
amount_10,amount,granite,batch1-0677,16231.52,16231.52,False,False
amount_10,amount,granite,batch1-1185,14.0,12.6,True,True
amount_10,amount,granite,batch1-0569,224.75,202.28,True,True
amount_10,amount,granite,batch1-0914,529.9,582.89,True,True
amount_10,amount,granite,batch1-0697,4113.92,3702.53,True,True
amount_10,amount,granite,batch1-1319,17820.0,16038.0,True,True
amount_10,amount,granite,batch1-0223,111.0,99.9,True,True
amount_10,amount,granite,batch1-1261,306.44,275.8,True,True
amount_10,amount,granite,batch1-1075,582.7,524.43,True,True
amount_10,amount,granite,batch1-0463,2069.23,1862.31,True,True
amount_10,amount,granite,batch1-0859,36623.38,40285.72,True,True
amount_10,amount,granite,batch1-0549,70.52,70.52,False,False
amount_10,amount,granite,batch1-0772,195.31,175.78,True,True
amount_10,amount,granite,batch1-0556,566.78,623.46,True,True
amount_10,amount,granite,batch1-1026,3157.01,2841.31,True,True
amount_10,amount,granite,batch1-0231,18614.34,20475.77,True,True
amount_10,amount,granite,batch1-1115,16.47,14.82,True,True
amount_10,amount,granite,batch1-1047,395.99,435.59,True,True
amount_10,amount,granite,batch1-1122,422.55,380.3,True,True
amount_10,amount,granite,batch1-0133,3454.44,3109.0,True,True
amount_10,amount,granite,batch1-0245,158490.25,158490.25,False,False
amount_10,amount,granite,batch1-0674,65.98,72.58,True,True
amount_10,amount,granite,batch1-0481,395.75,435.33,True,True
amount_10,amount,granite,batch1-1331,760.48,760.48,False,False
amount_10,amount,granite,batch1-0279,3255.91,3255.91,False,False
amount_10,amount,granite,batch1-0766,31774.49,31774.49,False,False
amount_10,amount,granite,batch1-1464,83.89,83.89,False,False
amount_10,amount,granite,batch1-0933,328.83,361.71,True,True
amount_10,amount,granite,batch1-0377,692.78,762.06,True,True
amount_10,amount,granite,batch1-0012,5459.75,4913.78,True,True
amount_10,amount,granite,batch1-0050,25738.94,28312.83,True,True
amount_10,amount,granite,batch1-0793,31.02,27.92,True,True
amount_10,amount,granite,batch1-1341,238.11,214.3,True,True
amount_10,amount,granite,batch1-1148,1221.77,1343.95,True,True
amount_10,amount,granite,batch1-0522,3834.16,3450.74,True,True
amount_10,amount,granite,batch1-1025,15416.49,13874.84,True,True
amount_10,amount,granite,batch1-0169,25.52,28.07,True,True
amount_10,amount,granite,batch1-1231,188.09,188.09,False,False
amount_10,amount,granite,batch1-1381,538.67,484.8,True,True
amount_10,amount,granite,batch1-0710,4272.92,3845.63,True,True
amount_10,amount,granite,batch1-0686,19330.41,17397.37,True,True
amount_10,amount,granite,batch1-1109,138.9,125.01,True,True
amount_10,amount,granite,batch1-1287,173.8,191.18,True,True
amount_10,amount,granite,batch1-1434,631.31,631.31,False,False
amount_10,amount,granite,batch1-1169,4845.38,4845.38,False,False
amount_10,amount,granite,batch1-0026,9256.59,9256.59,False,False
amount_10,amount,granite,batch1-1051,110.0,110.0,False,False
amount_10,amount,granite,batch1-1090,293.05,293.05,False,False
amount_10,amount,granite,batch1-0932,916.21,824.59,True,True
amount_10,amount,granite,batch1-0238,3065.64,3372.2,True,True
amount_10,amount,granite,batch1-0449,17711.25,15940.12,True,True
amount_10,amount,granite,batch1-1123,37.05,33.34,True,True
amount_10,amount,granite,batch1-1403,219.89,197.9,True,True
amount_10,amount,granite,batch1-1071,1126.13,1126.13,False,False
amount_10,amount,granite,batch1-1266,2858.84,3144.72,True,True
amount_10,amount,granite,batch1-1222,44262.48,39836.23,True,True
amount_10,amount,granite,batch1-0846,97.33,107.06,True,True
amount_10,amount,granite,batch1-1166,228.71,228.71,False,False
amount_10,amount,granite,batch1-1469,1129.04,1241.94,True,True
amount_10,amount,granite,batch1-0883,2345.76,2345.76,False,False
amount_10,amount,granite,batch1-0434,20986.37,18887.73,True,True
amount_10,amount,granite,batch1-0060,32.83,32.83,False,False
amount_10,amount,granite,batch1-0126,274.42,301.86,True,True
amount_10,amount,granite,batch1-0454,993.96,993.96,False,False
amount_10,amount,granite,batch1-0717,4618.75,4156.88,True,True
amount_10,amount,granite,batch1-1068,33527.36,36880.1,True,True
amount_10,amount,granite,batch1-0167,95.22,77.9,True,True
amount_10,amount,granite,batch1-0292,328.2,328.2,False,False
amount_10,amount,granite,batch1-0266,760.1,760.1,False,False
amount_10,amount,granite,batch1-0981,3490.29,3490.29,False,False
amount_10,amount,granite,batch1-0174,15937.63,17531.39,True,True
amount_10,amount,granite,batch1-1473,102.3,112.53,True,True
amount_10,amount,granite,batch1-0100,235.79,259.37,True,True
amount_10,amount,granite,batch1-0716,415.75,374.18,True,True
amount_10,amount,granite,batch1-1377,5256.04,5781.64,True,True
amount_10,amount,granite,batch1-0692,7397.59,8137.35,True,True
amount_10,amount,granite,batch1-0374,6.6,7.26,True,True
amount_10,amount,granite,batch1-1225,285.95,314.54,True,True
amount_10,amount,granite,batch1-1344,816.49,734.84,True,True
amount_10,amount,granite,batch1-0764,3766.06,4142.67,True,True
amount_10,amount,granite,batch1-0286,18471.6,16624.44,True,True
amount_10,amount,granite,batch1-0843,10.99,9.89,True,True
amount_10,amount,granite,batch1-0049,342.87,377.16,True,True
amount_10,amount,granite,batch1-1132,767.32,690.59,True,True
amount_10,amount,granite,batch1-0757,1682.77,1682.77,False,False
amount_10,amount,granite,batch1-1484,7096.28,7805.91,True,True
amount_10,amount,granite,batch1-1124,158.4,174.24,True,True
amount_10,amount,granite,batch1-1453,365.2,365.2,False,False
amount_10,amount,granite,batch1-1134,577.31,519.58,True,True
amount_10,amount,granite,batch1-1297,6494.81,6494.81,False,False
amount_10,amount,granite,batch1-0134,10818.95,9737.06,True,True
amount_10,amount,paddle,batch1-0182,127.31,140.04,True,True
amount_10,amount,paddle,batch1-1294,192.5,173.25,True,True
amount_10,amount,paddle,batch1-1100,500.29,550.32,True,True
amount_10,amount,paddle,batch1-0345,6591.93,5932.74,True,True
amount_10,amount,paddle,batch1-1375,21089.9,18980.91,True,True
amount_10,amount,paddle,batch1-0474,44.28,44.28,False,False
amount_10,amount,paddle,batch1-1224,165.42,148.88,True,True
amount_10,amount,paddle,batch1-0572,462.77,416.49,True,True
amount_10,amount,paddle,batch1-0475,1883.91,2072.3,True,True
amount_10,amount,paddle,batch1-1480,9556.58,8600.92,True,True
amount_10,amount,paddle,batch1-0742,119.23,107.31,True,True
amount_10,amount,paddle,batch1-0884,275.0,302.5,True,True
amount_10,amount,paddle,batch1-0864,893.82,812.56,False,True
amount_10,amount,paddle,batch1-1165,6640.07,5976.06,True,True
amount_10,amount,paddle,batch1-0415,21710.03,23881.03,True,True
amount_10,amount,paddle,batch1-0471,40.3,40.3,False,False
amount_10,amount,paddle,batch1-0902,181.5,163.35,True,True
amount_10,amount,paddle,batch1-1019,409.05,449.96,True,True
amount_10,amount,paddle,batch1-0093,2235.2,2011.68,True,True
amount_10,amount,paddle,batch1-0704,32880.8,36168.88,True,True
amount_10,amount,paddle,batch1-0790,4.94,4.45,True,True
amount_10,amount,paddle,batch1-0296,169.25,152.33,True,True
amount_10,amount,paddle,batch1-1055,459.79,505.77,True,True
amount_10,amount,paddle,batch1-0336,4746.42,5221.06,True,True
amount_10,amount,paddle,batch1-1325,39935.77,39935.77,False,False
amount_10,amount,paddle,batch1-0724,55.66,55.66,False,False
amount_10,amount,paddle,batch1-1151,331.99,365.19,True,True
amount_10,amount,paddle,batch1-0088,500.24,450.22,True,True
amount_10,amount,paddle,batch1-1349,4783.7,4783.7,False,False
amount_10,amount,paddle,batch1-0817,55378.76,55378.76,False,False
amount_10,amount,paddle,batch1-0397,159.45,143.5,True,True
amount_10,amount,paddle,batch1-0979,220.44,198.4,True,True
amount_10,amount,paddle,batch1-0165,698.89,698.89,False,False
amount_10,amount,paddle,batch1-1312,1980.0,2178.0,True,True
amount_10,amount,paddle,batch1-0500,34486.08,31037.47,True,True
amount_10,amount,paddle,batch1-0073,53.96,59.36,True,True
amount_10,amount,paddle,batch1-1273,280.5,308.55,True,True
amount_10,amount,paddle,batch1-1226,1393.63,1532.99,True,True
amount_10,amount,paddle,batch1-0427,3756.43,3756.43,False,False
amount_10,amount,paddle,batch1-0964,33794.35,33794.35,False,False
amount_10,amount,paddle,batch1-0809,60.45,60.45,False,False
amount_10,amount,paddle,batch1-0283,314.27,282.84,True,True
amount_10,amount,paddle,batch1-0796,882.05,793.84,True,True
amount_10,amount,paddle,batch1-1439,2463.78,2710.16,True,True
amount_10,amount,paddle,batch1-0367,93439.3,93439.3,False,False
amount_10,amount,paddle,batch1-0452,39.53,43.48,True,True
amount_10,amount,paddle,batch1-0108,360.58,360.58,False,False
amount_10,amount,paddle,batch1-0824,589.41,589.41,False,False
amount_10,amount,paddle,batch1-0851,5224.97,5224.97,False,False
amount_10,amount,paddle,batch1-0560,14030.36,15433.4,True,True
amount_10,amount,paddle,batch1-0428,10.98,9.88,True,True
amount_10,amount,paddle,batch1-0897,341.63,307.47,True,True
amount_10,amount,paddle,batch1-1178,675.82,675.82,False,False
amount_10,amount,paddle,batch1-1290,1512.48,1663.73,True,True
amount_10,amount,paddle,batch1-0120,9908.95,10899.84,True,True
amount_10,amount,paddle,batch1-0903,111.07,122.18,True,True
amount_10,amount,paddle,batch1-0705,255.64,281.2,True,True
amount_10,amount,paddle,batch1-1046,686.02,686.02,True,False
amount_10,amount,paddle,batch1-0816,2172.39,1955.15,True,True
amount_10,amount,paddle,batch1-0677,16231.52,16231.52,False,False
amount_10,amount,paddle,batch1-1185,14.0,12.6,True,True
amount_10,amount,paddle,batch1-0569,224.75,202.28,True,True
amount_10,amount,paddle,batch1-0914,529.9,582.89,True,True
amount_10,amount,paddle,batch1-0697,4113.92,3702.53,True,True
amount_10,amount,paddle,batch1-1319,17820.0,16038.0,True,True
amount_10,amount,paddle,batch1-0223,111.0,99.9,True,True
amount_10,amount,paddle,batch1-1261,306.44,275.8,True,True
amount_10,amount,paddle,batch1-1075,582.7,524.43,True,True
amount_10,amount,paddle,batch1-0463,2069.23,1862.31,True,True
amount_10,amount,paddle,batch1-0859,36623.38,40285.72,True,True
amount_10,amount,paddle,batch1-0549,70.52,70.52,False,False
amount_10,amount,paddle,batch1-0772,195.31,175.78,True,True
amount_10,amount,paddle,batch1-0556,566.78,623.46,True,True
amount_10,amount,paddle,batch1-1026,3157.01,2841.31,True,True
amount_10,amount,paddle,batch1-0231,18614.34,20475.77,True,True
amount_10,amount,paddle,batch1-1115,16.47,14.82,True,True
amount_10,amount,paddle,batch1-1047,395.99,435.59,True,True
amount_10,amount,paddle,batch1-1122,422.55,380.3,True,True
amount_10,amount,paddle,batch1-0133,3454.44,3109.0,True,True
amount_10,amount,paddle,batch1-0245,158490.25,158490.25,False,False
amount_10,amount,paddle,batch1-0674,65.98,72.58,True,True
amount_10,amount,paddle,batch1-0481,395.75,435.33,True,True
amount_10,amount,paddle,batch1-1331,760.48,760.48,False,False
amount_10,amount,paddle,batch1-0279,3255.91,3255.91,False,False
amount_10,amount,paddle,batch1-0766,31774.49,31774.49,False,False
amount_10,amount,paddle,batch1-1464,83.89,83.89,False,False
amount_10,amount,paddle,batch1-0933,328.83,361.71,True,True
amount_10,amount,paddle,batch1-0377,692.78,762.06,True,True
amount_10,amount,paddle,batch1-0012,5459.75,4913.78,True,True
amount_10,amount,paddle,batch1-0050,25738.94,28312.83,True,True
amount_10,amount,paddle,batch1-0793,31.02,27.92,True,True
amount_10,amount,paddle,batch1-1341,238.11,214.3,True,True
amount_10,amount,paddle,batch1-1148,1221.77,1343.95,True,True
amount_10,amount,paddle,batch1-0522,3834.16,3450.74,True,True
amount_10,amount,paddle,batch1-1025,15416.49,13874.84,True,True
amount_10,amount,paddle,batch1-0169,25.52,28.07,True,True
amount_10,amount,paddle,batch1-1231,188.09,188.09,False,False
amount_10,amount,paddle,batch1-1381,538.67,484.8,True,True
amount_10,amount,paddle,batch1-0710,4272.92,3845.63,True,True
amount_10,amount,paddle,batch1-0686,19330.41,17397.37,True,True
amount_10,amount,paddle,batch1-1109,138.9,125.01,True,True
amount_10,amount,paddle,batch1-1287,173.8,191.18,True,True
amount_10,amount,paddle,batch1-1434,631.31,631.31,False,False
amount_10,amount,paddle,batch1-1169,4845.38,4845.38,False,False
amount_10,amount,paddle,batch1-0026,9256.59,9256.59,False,False
amount_10,amount,paddle,batch1-1051,110.0,110.0,False,False
amount_10,amount,paddle,batch1-1090,293.05,293.05,False,False
amount_10,amount,paddle,batch1-0932,916.21,824.59,True,True
amount_10,amount,paddle,batch1-0238,3065.64,3372.2,True,True
amount_10,amount,paddle,batch1-0449,17711.25,15940.12,True,True
amount_10,amount,paddle,batch1-1123,37.05,33.34,True,True
amount_10,amount,paddle,batch1-1403,219.89,197.9,True,True
amount_10,amount,paddle,batch1-1071,1126.13,1126.13,False,False
amount_10,amount,paddle,batch1-1266,2858.84,3144.72,True,True
amount_10,amount,paddle,batch1-1222,44262.48,39836.23,True,True
amount_10,amount,paddle,batch1-0846,97.33,107.06,True,True
amount_10,amount,paddle,batch1-1166,228.71,228.71,False,False
amount_10,amount,paddle,batch1-1469,1129.04,1241.94,True,True
amount_10,amount,paddle,batch1-0883,2345.76,2345.76,False,False
amount_10,amount,paddle,batch1-0434,20986.37,18887.73,True,True
amount_10,amount,paddle,batch1-0060,32.83,32.83,False,False
amount_10,amount,paddle,batch1-0126,274.42,301.86,True,True
amount_10,amount,paddle,batch1-0454,993.96,993.96,False,False
amount_10,amount,paddle,batch1-0717,4618.75,4156.88,True,True
amount_10,amount,paddle,batch1-1068,33527.36,36880.1,True,True
amount_10,amount,paddle,batch1-0167,95.22,77.9,True,True
amount_10,amount,paddle,batch1-0292,328.2,328.2,False,False
amount_10,amount,paddle,batch1-0266,760.1,760.1,False,False
amount_10,amount,paddle,batch1-0981,3490.29,3490.29,False,False
amount_10,amount,paddle,batch1-0174,15937.63,17531.39,True,True
amount_10,amount,paddle,batch1-1473,102.3,112.53,True,True
amount_10,amount,paddle,batch1-0100,235.79,259.37,True,True
amount_10,amount,paddle,batch1-0716,415.75,374.18,True,True
amount_10,amount,paddle,batch1-1377,5256.04,5781.64,True,True
amount_10,amount,paddle,batch1-0692,7397.59,8137.35,True,True
amount_10,amount,paddle,batch1-0374,6.6,7.26,True,True
amount_10,amount,paddle,batch1-1225,285.95,314.54,True,True
amount_10,amount,paddle,batch1-1344,816.49,734.84,True,True
amount_10,amount,paddle,batch1-0764,3766.06,4142.67,True,True
amount_10,amount,paddle,batch1-0286,18471.6,16624.44,True,True
amount_10,amount,paddle,batch1-0843,10.99,9.89,True,True
amount_10,amount,paddle,batch1-0049,342.87,377.16,True,True
amount_10,amount,paddle,batch1-1132,767.32,690.59,True,True
amount_10,amount,paddle,batch1-0757,1682.77,1682.77,False,False
amount_10,amount,paddle,batch1-1484,7096.28,7805.91,True,True
amount_10,amount,paddle,batch1-1124,158.4,174.24,True,True
amount_10,amount,paddle,batch1-1453,365.2,365.2,False,False
amount_10,amount,paddle,batch1-1134,577.31,519.58,True,True
amount_10,amount,paddle,batch1-1297,6494.81,6494.81,False,False
amount_10,amount,paddle,batch1-0134,10818.95,9737.06,True,True
amount_50,amount,granite,batch1-0182,127.31,190.96,True,True
amount_50,amount,granite,batch1-1294,192.5,96.25,True,True
amount_50,amount,granite,batch1-1100,500.29,750.44,True,True
amount_50,amount,granite,batch1-0345,6591.93,3295.96,True,True
amount_50,amount,granite,batch1-1375,21089.9,10544.95,True,True
amount_50,amount,granite,batch1-0474,44.28,44.28,False,False
amount_50,amount,granite,batch1-1224,165.42,82.71,True,True
amount_50,amount,granite,batch1-0572,462.77,231.38,True,True
amount_50,amount,granite,batch1-0475,1883.91,2825.86,True,True
amount_50,amount,granite,batch1-1480,9556.58,4778.29,True,True
amount_50,amount,granite,batch1-0742,119.23,59.62,True,True
amount_50,amount,granite,batch1-0884,275.0,412.5,True,True
amount_50,amount,granite,batch1-0864,893.82,812.56,False,True
amount_50,amount,granite,batch1-1165,6640.07,3320.04,True,True
amount_50,amount,granite,batch1-0415,21710.03,32565.04,True,True
amount_50,amount,granite,batch1-0471,40.3,40.3,False,False
amount_50,amount,granite,batch1-0902,181.5,90.75,True,True
amount_50,amount,granite,batch1-1019,409.05,613.58,True,True
amount_50,amount,granite,batch1-0093,2235.2,1117.6,True,True
amount_50,amount,granite,batch1-0704,32880.8,49321.2,True,True
amount_50,amount,granite,batch1-0790,4.94,2.47,True,True
amount_50,amount,granite,batch1-0296,169.25,84.62,True,True
amount_50,amount,granite,batch1-1055,459.79,689.68,True,True
amount_50,amount,granite,batch1-0336,4746.42,7119.63,True,True
amount_50,amount,granite,batch1-1325,39935.77,39935.77,False,False
amount_50,amount,granite,batch1-0724,55.66,55.66,False,False
amount_50,amount,granite,batch1-1151,331.99,497.98,True,True
amount_50,amount,granite,batch1-0088,500.24,250.12,True,True
amount_50,amount,granite,batch1-1349,4783.7,4783.7,False,False
amount_50,amount,granite,batch1-0817,55378.76,55378.76,False,False
amount_50,amount,granite,batch1-0397,159.45,79.72,True,True
amount_50,amount,granite,batch1-0979,220.44,110.22,True,True
amount_50,amount,granite,batch1-0165,698.89,698.89,False,False
amount_50,amount,granite,batch1-1312,1980.0,2970.0,True,True
amount_50,amount,granite,batch1-0500,34486.08,17243.04,True,True
amount_50,amount,granite,batch1-0073,53.96,80.94,True,True
amount_50,amount,granite,batch1-1273,280.5,420.75,True,True
amount_50,amount,granite,batch1-1226,1393.63,2090.45,True,True
amount_50,amount,granite,batch1-0427,3756.43,3756.43,False,False
amount_50,amount,granite,batch1-0964,33794.35,33794.35,False,False
amount_50,amount,granite,batch1-0809,60.45,60.45,False,False
amount_50,amount,granite,batch1-0283,314.27,157.14,True,True
amount_50,amount,granite,batch1-0796,882.05,441.02,True,True
amount_50,amount,granite,batch1-1439,2463.78,3695.67,True,True
amount_50,amount,granite,batch1-0367,93439.3,93439.3,False,False
amount_50,amount,granite,batch1-0452,39.53,59.3,True,True
amount_50,amount,granite,batch1-0108,360.58,360.58,False,False
amount_50,amount,granite,batch1-0824,589.41,589.41,False,False
amount_50,amount,granite,batch1-0851,5224.97,5224.97,False,False
amount_50,amount,granite,batch1-0560,14030.36,21045.54,True,True
amount_50,amount,granite,batch1-0428,10.98,5.49,True,True
amount_50,amount,granite,batch1-0897,341.63,170.82,True,True
amount_50,amount,granite,batch1-1178,675.82,675.82,False,False
amount_50,amount,granite,batch1-1290,1512.48,2268.72,True,True
amount_50,amount,granite,batch1-0120,9908.95,14863.42,True,True
amount_50,amount,granite,batch1-0903,111.07,166.6,True,True
amount_50,amount,granite,batch1-0705,255.64,383.46,True,True
amount_50,amount,granite,batch1-1046,686.02,935.47,True,True
amount_50,amount,granite,batch1-0816,2172.39,1086.2,True,True
amount_50,amount,granite,batch1-0677,16231.52,16231.52,False,False
amount_50,amount,granite,batch1-1185,14.0,7.0,True,True
amount_50,amount,granite,batch1-0569,224.75,112.38,True,True
amount_50,amount,granite,batch1-0914,529.9,794.85,True,True
amount_50,amount,granite,batch1-0697,4113.92,2056.96,True,True
amount_50,amount,granite,batch1-1319,17820.0,8910.0,True,True
amount_50,amount,granite,batch1-0223,111.0,55.5,True,True
amount_50,amount,granite,batch1-1261,306.44,153.22,True,True
amount_50,amount,granite,batch1-1075,582.7,291.35,True,True
amount_50,amount,granite,batch1-0463,2069.23,1034.62,True,True
amount_50,amount,granite,batch1-0859,36623.38,54935.07,True,True
amount_50,amount,granite,batch1-0549,70.52,70.52,False,False
amount_50,amount,granite,batch1-0772,195.31,97.66,True,True
amount_50,amount,granite,batch1-0556,566.78,850.17,True,True
amount_50,amount,granite,batch1-1026,3157.01,1578.5,True,True
amount_50,amount,granite,batch1-0231,18614.34,27921.51,True,True
amount_50,amount,granite,batch1-1115,16.47,8.24,True,True
amount_50,amount,granite,batch1-1047,395.99,593.98,True,True
amount_50,amount,granite,batch1-1122,422.55,211.28,True,True
amount_50,amount,granite,batch1-0133,3454.44,1727.22,True,True
amount_50,amount,granite,batch1-0245,158490.25,158490.25,False,False
amount_50,amount,granite,batch1-0674,65.98,98.97,True,True
amount_50,amount,granite,batch1-0481,395.75,593.62,True,True
amount_50,amount,granite,batch1-1331,760.48,760.48,False,False
amount_50,amount,granite,batch1-0279,3255.91,3255.91,False,False
amount_50,amount,granite,batch1-0766,31774.49,31774.49,False,False
amount_50,amount,granite,batch1-1464,83.89,83.89,False,False
amount_50,amount,granite,batch1-0933,328.83,493.24,True,True
amount_50,amount,granite,batch1-0377,692.78,1039.17,True,True
amount_50,amount,granite,batch1-0012,5459.75,2729.88,True,True
amount_50,amount,granite,batch1-0050,25738.94,38608.41,True,True
amount_50,amount,granite,batch1-0793,31.02,15.51,True,True
amount_50,amount,granite,batch1-1341,238.11,119.06,True,True
amount_50,amount,granite,batch1-1148,1221.77,1832.66,True,True
amount_50,amount,granite,batch1-0522,3834.16,1917.08,True,True
amount_50,amount,granite,batch1-1025,15416.49,7708.24,True,True
amount_50,amount,granite,batch1-0169,25.52,38.28,True,True
amount_50,amount,granite,batch1-1231,188.09,188.09,False,False
amount_50,amount,granite,batch1-1381,538.67,269.33,True,True
amount_50,amount,granite,batch1-0710,4272.92,2136.46,True,True
amount_50,amount,granite,batch1-0686,19330.41,9665.2,True,True
amount_50,amount,granite,batch1-1109,138.9,69.45,True,True
amount_50,amount,granite,batch1-1287,173.8,260.7,True,True
amount_50,amount,granite,batch1-1434,631.31,631.31,False,False
amount_50,amount,granite,batch1-1169,4845.38,4845.38,False,False
amount_50,amount,granite,batch1-0026,9256.59,9256.59,False,False
amount_50,amount,granite,batch1-1051,110.0,110.0,False,False
amount_50,amount,granite,batch1-1090,293.05,293.05,False,False
amount_50,amount,granite,batch1-0932,916.21,458.1,True,True
amount_50,amount,granite,batch1-0238,3065.64,4598.46,True,True
amount_50,amount,granite,batch1-0449,17711.25,8855.62,True,True
amount_50,amount,granite,batch1-1123,37.05,18.52,True,True
amount_50,amount,granite,batch1-1403,219.89,109.94,True,True
amount_50,amount,granite,batch1-1071,1126.13,1126.13,False,False
amount_50,amount,granite,batch1-1266,2858.84,4288.26,True,True
amount_50,amount,granite,batch1-1222,44262.48,22131.24,True,True
amount_50,amount,granite,batch1-0846,97.33,146.0,True,True
amount_50,amount,granite,batch1-1166,228.71,228.71,False,False
amount_50,amount,granite,batch1-1469,1129.04,1693.56,True,True
amount_50,amount,granite,batch1-0883,2345.76,2345.76,False,False
amount_50,amount,granite,batch1-0434,20986.37,10493.18,True,True
amount_50,amount,granite,batch1-0060,32.83,32.83,False,False
amount_50,amount,granite,batch1-0126,274.42,411.63,True,True
amount_50,amount,granite,batch1-0454,993.96,993.96,False,False
amount_50,amount,granite,batch1-0717,4618.75,2309.38,True,True
amount_50,amount,granite,batch1-1068,33527.36,50291.04,True,True
amount_50,amount,granite,batch1-0167,95.22,43.28,True,True
amount_50,amount,granite,batch1-0292,328.2,328.2,False,False
amount_50,amount,granite,batch1-0266,760.1,760.1,False,False
amount_50,amount,granite,batch1-0981,3490.29,3490.29,False,False
amount_50,amount,granite,batch1-0174,15937.63,23906.44,True,True
amount_50,amount,granite,batch1-1473,102.3,153.45,True,True
amount_50,amount,granite,batch1-0100,235.79,353.68,True,True
amount_50,amount,granite,batch1-0716,415.75,207.88,True,True
amount_50,amount,granite,batch1-1377,5256.04,7884.06,True,True
amount_50,amount,granite,batch1-0692,7397.59,11096.38,True,True
amount_50,amount,granite,batch1-0374,6.6,9.9,True,True
amount_50,amount,granite,batch1-1225,285.95,428.92,True,True
amount_50,amount,granite,batch1-1344,816.49,408.24,True,True
amount_50,amount,granite,batch1-0764,3766.06,5649.09,True,True
amount_50,amount,granite,batch1-0286,18471.6,9235.8,True,True
amount_50,amount,granite,batch1-0843,10.99,5.5,True,True
amount_50,amount,granite,batch1-0049,342.87,514.31,True,True
amount_50,amount,granite,batch1-1132,767.32,383.66,True,True
amount_50,amount,granite,batch1-0757,1682.77,1682.77,False,False
amount_50,amount,granite,batch1-1484,7096.28,10644.42,True,True
amount_50,amount,granite,batch1-1124,158.4,237.6,True,True
amount_50,amount,granite,batch1-1453,365.2,365.2,False,False
amount_50,amount,granite,batch1-1134,577.31,288.65,True,True
amount_50,amount,granite,batch1-1297,6494.81,6494.81,False,False
amount_50,amount,granite,batch1-0134,10818.95,5409.48,True,True
amount_50,amount,paddle,batch1-0182,127.31,190.96,True,True
amount_50,amount,paddle,batch1-1294,192.5,96.25,True,True
amount_50,amount,paddle,batch1-1100,500.29,750.44,True,True
amount_50,amount,paddle,batch1-0345,6591.93,3295.96,True,True
amount_50,amount,paddle,batch1-1375,21089.9,10544.95,True,True
amount_50,amount,paddle,batch1-0474,44.28,44.28,False,False
amount_50,amount,paddle,batch1-1224,165.42,82.71,True,True
amount_50,amount,paddle,batch1-0572,462.77,231.38,True,True
amount_50,amount,paddle,batch1-0475,1883.91,2825.86,True,True
amount_50,amount,paddle,batch1-1480,9556.58,4778.29,True,True
amount_50,amount,paddle,batch1-0742,119.23,59.62,True,True
amount_50,amount,paddle,batch1-0884,275.0,412.5,True,True
amount_50,amount,paddle,batch1-0864,893.82,812.56,False,True
amount_50,amount,paddle,batch1-1165,6640.07,3320.04,True,True
amount_50,amount,paddle,batch1-0415,21710.03,32565.04,True,True
amount_50,amount,paddle,batch1-0471,40.3,40.3,False,False
amount_50,amount,paddle,batch1-0902,181.5,90.75,True,True
amount_50,amount,paddle,batch1-1019,409.05,613.58,True,True
amount_50,amount,paddle,batch1-0093,2235.2,1117.6,True,True
amount_50,amount,paddle,batch1-0704,32880.8,49321.2,True,True
amount_50,amount,paddle,batch1-0790,4.94,2.47,True,True
amount_50,amount,paddle,batch1-0296,169.25,84.62,True,True
amount_50,amount,paddle,batch1-1055,459.79,689.68,True,True
amount_50,amount,paddle,batch1-0336,4746.42,7119.63,True,True
amount_50,amount,paddle,batch1-1325,39935.77,39935.77,False,False
amount_50,amount,paddle,batch1-0724,55.66,55.66,False,False
amount_50,amount,paddle,batch1-1151,331.99,497.98,True,True
amount_50,amount,paddle,batch1-0088,500.24,250.12,True,True
amount_50,amount,paddle,batch1-1349,4783.7,4783.7,False,False
amount_50,amount,paddle,batch1-0817,55378.76,55378.76,False,False
amount_50,amount,paddle,batch1-0397,159.45,79.72,True,True
amount_50,amount,paddle,batch1-0979,220.44,110.22,True,True
amount_50,amount,paddle,batch1-0165,698.89,698.89,False,False
amount_50,amount,paddle,batch1-1312,1980.0,2970.0,True,True
amount_50,amount,paddle,batch1-0500,34486.08,17243.04,True,True
amount_50,amount,paddle,batch1-0073,53.96,80.94,True,True
amount_50,amount,paddle,batch1-1273,280.5,420.75,True,True
amount_50,amount,paddle,batch1-1226,1393.63,2090.45,True,True
amount_50,amount,paddle,batch1-0427,3756.43,3756.43,False,False
amount_50,amount,paddle,batch1-0964,33794.35,33794.35,False,False
amount_50,amount,paddle,batch1-0809,60.45,60.45,False,False
amount_50,amount,paddle,batch1-0283,314.27,157.14,True,True
amount_50,amount,paddle,batch1-0796,882.05,441.02,True,True
amount_50,amount,paddle,batch1-1439,2463.78,3695.67,True,True
amount_50,amount,paddle,batch1-0367,93439.3,93439.3,False,False
amount_50,amount,paddle,batch1-0452,39.53,59.3,True,True
amount_50,amount,paddle,batch1-0108,360.58,360.58,False,False
amount_50,amount,paddle,batch1-0824,589.41,589.41,False,False
amount_50,amount,paddle,batch1-0851,5224.97,5224.97,False,False
amount_50,amount,paddle,batch1-0560,14030.36,21045.54,True,True
amount_50,amount,paddle,batch1-0428,10.98,5.49,True,True
amount_50,amount,paddle,batch1-0897,341.63,170.82,True,True
amount_50,amount,paddle,batch1-1178,675.82,675.82,False,False
amount_50,amount,paddle,batch1-1290,1512.48,2268.72,True,True
amount_50,amount,paddle,batch1-0120,9908.95,14863.42,True,True
amount_50,amount,paddle,batch1-0903,111.07,166.6,True,True
amount_50,amount,paddle,batch1-0705,255.64,383.46,True,True
amount_50,amount,paddle,batch1-1046,686.02,935.47,True,True
amount_50,amount,paddle,batch1-0816,2172.39,1086.2,True,True
amount_50,amount,paddle,batch1-0677,16231.52,16231.52,False,False
amount_50,amount,paddle,batch1-1185,14.0,7.0,True,True
amount_50,amount,paddle,batch1-0569,224.75,112.38,True,True
amount_50,amount,paddle,batch1-0914,529.9,794.85,True,True
amount_50,amount,paddle,batch1-0697,4113.92,2056.96,True,True
amount_50,amount,paddle,batch1-1319,17820.0,8910.0,True,True
amount_50,amount,paddle,batch1-0223,111.0,55.5,True,True
amount_50,amount,paddle,batch1-1261,306.44,153.22,True,True
amount_50,amount,paddle,batch1-1075,582.7,291.35,True,True
amount_50,amount,paddle,batch1-0463,2069.23,1034.62,True,True
amount_50,amount,paddle,batch1-0859,36623.38,54935.07,True,True
amount_50,amount,paddle,batch1-0549,70.52,70.52,False,False
amount_50,amount,paddle,batch1-0772,195.31,97.66,True,True
amount_50,amount,paddle,batch1-0556,566.78,850.17,True,True
amount_50,amount,paddle,batch1-1026,3157.01,1578.5,True,True
amount_50,amount,paddle,batch1-0231,18614.34,27921.51,True,True
amount_50,amount,paddle,batch1-1115,16.47,8.24,True,True
amount_50,amount,paddle,batch1-1047,395.99,593.98,True,True
amount_50,amount,paddle,batch1-1122,422.55,211.28,True,True
amount_50,amount,paddle,batch1-0133,3454.44,1727.22,True,True
amount_50,amount,paddle,batch1-0245,158490.25,158490.25,False,False
amount_50,amount,paddle,batch1-0674,65.98,98.97,True,True
amount_50,amount,paddle,batch1-0481,395.75,593.62,True,True
amount_50,amount,paddle,batch1-1331,760.48,760.48,False,False
amount_50,amount,paddle,batch1-0279,3255.91,3255.91,False,False
amount_50,amount,paddle,batch1-0766,31774.49,31774.49,False,False
amount_50,amount,paddle,batch1-1464,83.89,83.89,False,False
amount_50,amount,paddle,batch1-0933,328.83,493.24,True,True
amount_50,amount,paddle,batch1-0377,692.78,1039.17,True,True
amount_50,amount,paddle,batch1-0012,5459.75,2729.88,True,True
amount_50,amount,paddle,batch1-0050,25738.94,38608.41,True,True
amount_50,amount,paddle,batch1-0793,31.02,15.51,True,True
amount_50,amount,paddle,batch1-1341,238.11,119.06,True,True
amount_50,amount,paddle,batch1-1148,1221.77,1832.66,True,True
amount_50,amount,paddle,batch1-0522,3834.16,1917.08,True,True
amount_50,amount,paddle,batch1-1025,15416.49,7708.24,True,True
amount_50,amount,paddle,batch1-0169,25.52,38.28,True,True
amount_50,amount,paddle,batch1-1231,188.09,188.09,False,False
amount_50,amount,paddle,batch1-1381,538.67,269.33,True,True
amount_50,amount,paddle,batch1-0710,4272.92,2136.46,True,True
amount_50,amount,paddle,batch1-0686,19330.41,9665.2,True,True
amount_50,amount,paddle,batch1-1109,138.9,69.45,True,True
amount_50,amount,paddle,batch1-1287,173.8,260.7,True,True
amount_50,amount,paddle,batch1-1434,631.31,631.31,False,False
amount_50,amount,paddle,batch1-1169,4845.38,4845.38,False,False
amount_50,amount,paddle,batch1-0026,9256.59,9256.59,False,False
amount_50,amount,paddle,batch1-1051,110.0,110.0,False,False
amount_50,amount,paddle,batch1-1090,293.05,293.05,False,False
amount_50,amount,paddle,batch1-0932,916.21,458.1,True,True
amount_50,amount,paddle,batch1-0238,3065.64,4598.46,True,True
amount_50,amount,paddle,batch1-0449,17711.25,8855.62,True,True
amount_50,amount,paddle,batch1-1123,37.05,18.52,True,True
amount_50,amount,paddle,batch1-1403,219.89,109.94,True,True
amount_50,amount,paddle,batch1-1071,1126.13,1126.13,False,False
amount_50,amount,paddle,batch1-1266,2858.84,4288.26,True,True
amount_50,amount,paddle,batch1-1222,44262.48,22131.24,True,True
amount_50,amount,paddle,batch1-0846,97.33,146.0,True,True
amount_50,amount,paddle,batch1-1166,228.71,228.71,False,False
amount_50,amount,paddle,batch1-1469,1129.04,1693.56,True,True
amount_50,amount,paddle,batch1-0883,2345.76,2345.76,False,False
amount_50,amount,paddle,batch1-0434,20986.37,10493.18,True,True
amount_50,amount,paddle,batch1-0060,32.83,32.83,False,False
amount_50,amount,paddle,batch1-0126,274.42,411.63,True,True
amount_50,amount,paddle,batch1-0454,993.96,993.96,False,False
amount_50,amount,paddle,batch1-0717,4618.75,2309.38,True,True
amount_50,amount,paddle,batch1-1068,33527.36,50291.04,True,True
amount_50,amount,paddle,batch1-0167,95.22,43.28,True,True
amount_50,amount,paddle,batch1-0292,328.2,328.2,False,False
amount_50,amount,paddle,batch1-0266,760.1,760.1,False,False
amount_50,amount,paddle,batch1-0981,3490.29,3490.29,False,False
amount_50,amount,paddle,batch1-0174,15937.63,23906.44,True,True
amount_50,amount,paddle,batch1-1473,102.3,153.45,True,True
amount_50,amount,paddle,batch1-0100,235.79,353.68,True,True
amount_50,amount,paddle,batch1-0716,415.75,207.88,True,True
amount_50,amount,paddle,batch1-1377,5256.04,7884.06,True,True
amount_50,amount,paddle,batch1-0692,7397.59,11096.38,True,True
amount_50,amount,paddle,batch1-0374,6.6,9.9,True,True
amount_50,amount,paddle,batch1-1225,285.95,428.92,True,True
amount_50,amount,paddle,batch1-1344,816.49,408.24,True,True
amount_50,amount,paddle,batch1-0764,3766.06,5649.09,True,True
amount_50,amount,paddle,batch1-0286,18471.6,9235.8,True,True
amount_50,amount,paddle,batch1-0843,10.99,5.5,True,True
amount_50,amount,paddle,batch1-0049,342.87,514.31,True,True
amount_50,amount,paddle,batch1-1132,767.32,383.66,True,True
amount_50,amount,paddle,batch1-0757,1682.77,1682.77,False,False
amount_50,amount,paddle,batch1-1484,7096.28,10644.42,True,True
amount_50,amount,paddle,batch1-1124,158.4,237.6,True,True
amount_50,amount,paddle,batch1-1453,365.2,365.2,False,False
amount_50,amount,paddle,batch1-1134,577.31,288.65,True,True
amount_50,amount,paddle,batch1-1297,6494.81,6494.81,False,False
amount_50,amount,paddle,batch1-0134,10818.95,5409.48,True,True
date_1,date,granite,batch1-0182,10/02/2020,10/01/2020,True,True
date_1,date,granite,batch1-1294,04/24/2021,04/23/2021,True,True
date_1,date,granite,batch1-1100,02/24/2018,02/23/2018,True,True
date_1,date,granite,batch1-0345,10/04/2020,10/03/2020,True,True
date_1,date,granite,batch1-1375,08/24/2016,08/23/2016,True,True
date_1,date,granite,batch1-0474,05/24/2019,06/14/2019,False,False
date_1,date,granite,batch1-1224,02/11/2017,02/10/2017,True,True
date_1,date,granite,batch1-0572,10/14/2020,10/13/2020,True,True
date_1,date,granite,batch1-0475,04/16/2014,04/15/2014,True,True
date_1,date,granite,batch1-1480,10/20/2014,10/19/2014,True,True
date_1,date,granite,batch1-0742,01/03/2015,01/02/2015,True,True
date_1,date,granite,batch1-0884,03/07/2017,03/06/2017,True,True
date_1,date,granite,batch1-0864,09/01/2018,09/22/2018,False,False
date_1,date,granite,batch1-1165,02/26/2019,02/25/2019,True,True
date_1,date,granite,batch1-0415,03/28/2017,03/27/2017,True,True
date_1,date,granite,batch1-0471,08/30/2011,09/20/2011,False,False
date_1,date,granite,batch1-0902,10/05/2014,10/04/2014,True,True
date_1,date,granite,batch1-1019,01/03/2019,01/02/2019,True,True
date_1,date,granite,batch1-0093,10/03/2017,10/02/2017,True,True
date_1,date,granite,batch1-0704,12/19/2019,12/18/2019,True,True
date_1,date,granite,batch1-0790,12/23/2013,12/22/2013,True,True
date_1,date,granite,batch1-0296,08/20/2012,08/19/2012,True,True
date_1,date,granite,batch1-1055,01/21/2016,01/20/2016,True,True
date_1,date,granite,batch1-0336,04/07/2016,04/06/2016,True,True
date_1,date,granite,batch1-1325,08/20/2016,09/10/2016,False,False
date_1,date,granite,batch1-0724,05/06/2021,05/27/2021,False,False
date_1,date,granite,batch1-1151,12/13/2012,12/12/2012,True,True
date_1,date,granite,batch1-0088,12/22/2013,12/21/2013,True,True
date_1,date,granite,batch1-1349,08/01/2015,08/22/2015,False,False
date_1,date,granite,batch1-0817,09/26/2011,10/17/2011,False,False
date_1,date,granite,batch1-0397,07/22/2020,07/21/2020,True,True
date_1,date,granite,batch1-0979,10/25/2018,10/24/2018,True,True
date_1,date,granite,batch1-0165,10/11/2018,11/01/2018,False,False
date_1,date,granite,batch1-1312,02/20/2020,02/19/2020,True,True
date_1,date,granite,batch1-0500,07/24/2018,07/23/2018,True,True
date_1,date,granite,batch1-0073,11/05/2019,11/04/2019,True,True
date_1,date,granite,batch1-1273,11/01/2018,10/31/2018,True,True
date_1,date,granite,batch1-1226,11/19/2015,11/18/2015,True,True
date_1,date,granite,batch1-0427,07/24/2013,08/14/2013,False,False
date_1,date,granite,batch1-0964,02/18/2017,03/11/2017,False,False
date_1,date,granite,batch1-0809,08/22/2012,09/12/2012,False,False
date_1,date,granite,batch1-0283,05/07/2017,05/06/2017,True,True
date_1,date,granite,batch1-0796,10/25/2013,10/24/2013,True,True
date_1,date,granite,batch1-1439,10/25/2013,10/24/2013,True,True
date_1,date,granite,batch1-0367,05/30/2015,06/20/2015,False,False
date_1,date,granite,batch1-0452,08/23/2013,08/22/2013,True,True
date_1,date,granite,batch1-0108,04/22/2013,05/13/2013,False,False
date_1,date,granite,batch1-0824,08/09/2012,08/30/2012,False,False
date_1,date,granite,batch1-0851,04/13/2019,05/04/2019,False,False
date_1,date,granite,batch1-0560,09/13/2014,09/12/2014,True,True
date_1,date,granite,batch1-0428,11/05/2017,11/04/2017,True,True
date_1,date,granite,batch1-0897,01/13/2013,01/12/2013,True,True
date_1,date,granite,batch1-1178,10/29/2012,11/19/2012,False,False
date_1,date,granite,batch1-1290,12/27/2015,12/26/2015,True,True
date_1,date,granite,batch1-0120,11/26/2017,11/25/2017,True,True
date_1,date,granite,batch1-0903,12/30/2012,12/29/2012,True,True
date_1,date,granite,batch1-0705,05/25/2016,05/24/2016,True,True
date_1,date,granite,batch1-1046,12/11/2013,12/10/2013,True,True
date_1,date,granite,batch1-0816,06/19/2017,06/18/2017,True,True
date_1,date,granite,batch1-0677,05/21/2019,06/11/2019,False,False
date_1,date,granite,batch1-1185,10/23/2013,10/22/2013,True,True
date_1,date,granite,batch1-0569,07/26/2014,07/25/2014,True,True
date_1,date,granite,batch1-0914,07/01/2016,06/30/2016,True,True
date_1,date,granite,batch1-0697,03/09/2020,03/08/2020,True,True
date_1,date,granite,batch1-1319,07/29/2017,07/28/2017,True,True
date_1,date,granite,batch1-0223,10/08/2013,10/07/2013,True,True
date_1,date,granite,batch1-1261,08/08/2012,08/07/2012,True,True
date_1,date,granite,batch1-1075,04/19/2020,04/18/2020,True,True
date_1,date,granite,batch1-0463,04/05/2019,04/04/2019,True,True
date_1,date,granite,batch1-0859,10/08/2018,10/07/2018,True,True
date_1,date,granite,batch1-0549,04/09/2012,04/30/2012,False,False
date_1,date,granite,batch1-0772,07/10/2017,07/09/2017,True,True
date_1,date,granite,batch1-0556,08/10/2020,08/09/2020,True,True
date_1,date,granite,batch1-1026,02/25/2017,02/24/2017,True,True
date_1,date,granite,batch1-0231,02/27/2012,02/26/2012,True,True
date_1,date,granite,batch1-1115,07/28/2019,07/27/2019,True,True
date_1,date,granite,batch1-1047,06/10/2019,06/09/2019,True,True
date_1,date,granite,batch1-1122,06/11/2014,06/10/2014,True,True
date_1,date,granite,batch1-0133,12/26/2014,12/25/2014,True,True
date_1,date,granite,batch1-0245,07/09/2013,07/30/2013,False,False
date_1,date,granite,batch1-0674,04/05/2016,04/04/2016,True,True
date_1,date,granite,batch1-0481,02/05/2014,02/04/2014,True,True
date_1,date,granite,batch1-1331,09/03/2014,09/24/2014,False,False
date_1,date,granite,batch1-0279,09/04/2016,09/25/2016,False,False
date_1,date,granite,batch1-0766,03/20/2020,04/10/2020,False,False
date_1,date,granite,batch1-1464,04/24/2012,05/15/2012,False,False
date_1,date,granite,batch1-0933,08/01/2019,07/31/2019,True,True
date_1,date,granite,batch1-0377,01/20/2018,01/19/2018,True,True
date_1,date,granite,batch1-0012,11/22/2013,11/21/2013,True,True
date_1,date,granite,batch1-0050,07/24/2012,07/23/2012,True,True
date_1,date,granite,batch1-0793,04/24/2015,04/23/2015,True,True
date_1,date,granite,batch1-1341,01/28/2013,01/27/2013,True,True
date_1,date,granite,batch1-1148,12/13/2017,12/12/2017,True,True
date_1,date,granite,batch1-0522,05/14/2015,05/13/2015,True,True
date_1,date,granite,batch1-1025,11/08/2019,11/07/2019,True,True
date_1,date,granite,batch1-0169,05/10/2019,05/09/2019,True,True
date_1,date,granite,batch1-1231,09/30/2019,10/21/2019,False,False
date_1,date,granite,batch1-1381,08/23/2015,08/22/2015,True,True
date_1,date,granite,batch1-0710,05/09/2016,05/08/2016,True,True
date_1,date,granite,batch1-0686,04/09/2015,04/08/2015,True,True
date_1,date,granite,batch1-1109,07/03/2013,07/02/2013,True,True
date_1,date,granite,batch1-1287,12/29/2018,12/28/2018,True,True
date_1,date,granite,batch1-1434,10/16/2011,11/06/2011,False,False
date_1,date,granite,batch1-1169,11/30/2015,12/21/2015,False,False
date_1,date,granite,batch1-0026,01/05/2017,01/26/2017,False,False
date_1,date,granite,batch1-1051,01/06/2016,01/27/2016,False,False
date_1,date,granite,batch1-1090,09/06/2016,09/27/2016,False,False
date_1,date,granite,batch1-0932,01/02/2018,01/01/2018,True,True
date_1,date,granite,batch1-0238,04/16/2020,04/15/2020,True,True
date_1,date,granite,batch1-0449,06/19/2011,06/18/2011,True,True
date_1,date,granite,batch1-1123,08/26/2017,08/25/2017,True,True
date_1,date,granite,batch1-1403,03/12/2013,03/11/2013,True,True
date_1,date,granite,batch1-1071,11/23/2016,12/14/2016,False,False
date_1,date,granite,batch1-1266,04/13/2020,04/12/2020,True,True
date_1,date,granite,batch1-1222,07/23/2017,07/22/2017,True,True
date_1,date,granite,batch1-0846,12/04/2018,12/03/2018,True,True
date_1,date,granite,batch1-1166,09/26/2016,10/17/2016,False,False
date_1,date,granite,batch1-1469,03/02/2017,03/01/2017,True,True
date_1,date,granite,batch1-0883,11/03/2020,11/24/2020,False,False
date_1,date,granite,batch1-0434,08/03/2014,08/02/2014,True,True
date_1,date,granite,batch1-0060,11/26/2012,12/17/2012,False,False
date_1,date,granite,batch1-0126,04/17/2020,04/16/2020,True,True
date_1,date,granite,batch1-0454,05/11/2020,06/01/2020,False,False
date_1,date,granite,batch1-0717,02/06/2020,02/05/2020,True,True
date_1,date,granite,batch1-1068,01/20/2019,01/19/2019,True,True
date_1,date,granite,batch1-0167,03/09/2020,03/08/2020,True,True
date_1,date,granite,batch1-0292,04/24/2017,05/15/2017,False,False
date_1,date,granite,batch1-0266,11/08/2015,11/29/2015,False,False
date_1,date,granite,batch1-0981,07/17/2013,08/07/2013,False,False
date_1,date,granite,batch1-0174,10/29/2012,10/28/2012,True,True
date_1,date,granite,batch1-1473,02/12/2013,02/11/2013,True,True
date_1,date,granite,batch1-0100,05/22/2018,05/21/2018,True,True
date_1,date,granite,batch1-0716,05/05/2013,05/04/2013,True,True
date_1,date,granite,batch1-1377,02/08/2014,02/07/2014,True,True
date_1,date,granite,batch1-0692,11/07/2017,11/06/2017,True,True
date_1,date,granite,batch1-0374,05/09/2017,05/08/2017,True,True
date_1,date,granite,batch1-1225,03/09/2012,03/08/2012,True,True
date_1,date,granite,batch1-1344,03/25/2017,03/24/2017,True,True
date_1,date,granite,batch1-0764,07/11/2016,07/10/2016,True,True
date_1,date,granite,batch1-0286,12/23/2017,12/22/2017,True,True
date_1,date,granite,batch1-0843,03/06/2021,03/05/2021,True,True
date_1,date,granite,batch1-0049,01/11/2018,01/10/2018,True,True
date_1,date,granite,batch1-1132,10/07/2017,10/06/2017,True,True
date_1,date,granite,batch1-0757,09/09/2018,09/30/2018,False,False
date_1,date,granite,batch1-1484,01/12/2012,01/11/2012,True,True
date_1,date,granite,batch1-1124,10/07/2019,10/06/2019,True,True
date_1,date,granite,batch1-1453,10/22/2012,11/12/2012,False,False
date_1,date,granite,batch1-1134,08/11/2018,08/10/2018,True,True
date_1,date,granite,batch1-1297,09/09/2017,09/30/2017,False,False
date_1,date,granite,batch1-0134,04/07/2015,04/06/2015,True,True
date_1,date,paddle,batch1-0182,10/02/2020,10/01/2020,True,True
date_1,date,paddle,batch1-1294,04/24/2021,04/23/2021,True,True
date_1,date,paddle,batch1-1100,02/24/2018,02/23/2018,True,True
date_1,date,paddle,batch1-0345,10/04/2020,10/03/2020,True,True
date_1,date,paddle,batch1-1375,08/24/2016,08/23/2016,True,True
date_1,date,paddle,batch1-0474,05/24/2019,06/14/2019,False,False
date_1,date,paddle,batch1-1224,02/11/2017,02/10/2017,True,True
date_1,date,paddle,batch1-0572,10/14/2020,10/13/2020,True,True
date_1,date,paddle,batch1-0475,04/16/2014,04/15/2014,True,True
date_1,date,paddle,batch1-1480,10/20/2014,10/19/2014,True,True
date_1,date,paddle,batch1-0742,01/03/2015,01/02/2015,True,True
date_1,date,paddle,batch1-0884,03/07/2017,03/06/2017,True,True
date_1,date,paddle,batch1-0864,09/01/2018,09/22/2018,False,False
date_1,date,paddle,batch1-1165,02/26/2019,02/25/2019,True,True
date_1,date,paddle,batch1-0415,03/28/2017,03/27/2017,True,True
date_1,date,paddle,batch1-0471,08/30/2011,09/20/2011,False,False
date_1,date,paddle,batch1-0902,10/05/2014,10/04/2014,True,True
date_1,date,paddle,batch1-1019,01/03/2019,01/02/2019,True,True
date_1,date,paddle,batch1-0093,10/03/2017,10/02/2017,True,True
date_1,date,paddle,batch1-0704,12/19/2019,12/18/2019,True,True
date_1,date,paddle,batch1-0790,12/23/2013,12/22/2013,True,True
date_1,date,paddle,batch1-0296,08/20/2012,08/19/2012,True,True
date_1,date,paddle,batch1-1055,01/21/2016,01/20/2016,True,True
date_1,date,paddle,batch1-0336,04/07/2016,04/06/2016,True,True
date_1,date,paddle,batch1-1325,08/20/2016,09/10/2016,False,False
date_1,date,paddle,batch1-0724,05/06/2021,05/27/2021,False,False
date_1,date,paddle,batch1-1151,12/13/2012,12/12/2012,True,True
date_1,date,paddle,batch1-0088,12/22/2013,12/21/2013,True,True
date_1,date,paddle,batch1-1349,08/01/2015,08/22/2015,False,False
date_1,date,paddle,batch1-0817,09/26/2011,10/17/2011,False,False
date_1,date,paddle,batch1-0397,07/22/2020,07/21/2020,True,True
date_1,date,paddle,batch1-0979,10/25/2018,10/24/2018,True,True
date_1,date,paddle,batch1-0165,10/11/2018,11/01/2018,False,False
date_1,date,paddle,batch1-1312,02/20/2020,02/19/2020,True,True
date_1,date,paddle,batch1-0500,07/24/2018,07/23/2018,True,True
date_1,date,paddle,batch1-0073,11/05/2019,11/04/2019,True,True
date_1,date,paddle,batch1-1273,11/01/2018,10/31/2018,True,True
date_1,date,paddle,batch1-1226,11/19/2015,11/18/2015,True,True
date_1,date,paddle,batch1-0427,07/24/2013,08/14/2013,False,False
date_1,date,paddle,batch1-0964,02/18/2017,03/11/2017,False,False
date_1,date,paddle,batch1-0809,08/22/2012,09/12/2012,False,False
date_1,date,paddle,batch1-0283,05/07/2017,05/06/2017,True,True
date_1,date,paddle,batch1-0796,10/25/2013,10/24/2013,True,True
date_1,date,paddle,batch1-1439,10/25/2013,10/24/2013,True,True
date_1,date,paddle,batch1-0367,05/30/2015,06/20/2015,False,False
date_1,date,paddle,batch1-0452,08/23/2013,08/22/2013,True,True
date_1,date,paddle,batch1-0108,04/22/2013,05/13/2013,False,False
date_1,date,paddle,batch1-0824,08/09/2012,08/30/2012,False,False
date_1,date,paddle,batch1-0851,04/13/2019,05/04/2019,False,False
date_1,date,paddle,batch1-0560,09/13/2014,09/12/2014,True,True
date_1,date,paddle,batch1-0428,11/05/2017,11/04/2017,True,True
date_1,date,paddle,batch1-0897,01/13/2013,01/12/2013,True,True
date_1,date,paddle,batch1-1178,10/29/2012,11/19/2012,False,False
date_1,date,paddle,batch1-1290,12/27/2015,12/26/2015,True,True
date_1,date,paddle,batch1-0120,11/26/2017,11/25/2017,True,True
date_1,date,paddle,batch1-0903,12/30/2012,12/29/2012,True,True
date_1,date,paddle,batch1-0705,05/25/2016,05/24/2016,True,True
date_1,date,paddle,batch1-1046,12/11/2013,12/10/2013,True,True
date_1,date,paddle,batch1-0816,06/19/2017,06/18/2017,True,True
date_1,date,paddle,batch1-0677,05/21/2019,06/11/2019,False,False
date_1,date,paddle,batch1-1185,10/23/2013,10/22/2013,True,True
date_1,date,paddle,batch1-0569,07/26/2014,07/25/2014,True,True
date_1,date,paddle,batch1-0914,07/01/2016,06/30/2016,True,True
date_1,date,paddle,batch1-0697,03/09/2020,03/08/2020,True,True
date_1,date,paddle,batch1-1319,07/29/2017,07/28/2017,True,True
date_1,date,paddle,batch1-0223,10/08/2013,10/07/2013,True,True
date_1,date,paddle,batch1-1261,08/08/2012,08/07/2012,True,True
date_1,date,paddle,batch1-1075,04/19/2020,04/18/2020,True,True
date_1,date,paddle,batch1-0463,04/05/2019,04/04/2019,True,True
date_1,date,paddle,batch1-0859,10/08/2018,10/07/2018,True,True
date_1,date,paddle,batch1-0549,04/09/2012,04/30/2012,False,False
date_1,date,paddle,batch1-0772,07/10/2017,07/09/2017,True,True
date_1,date,paddle,batch1-0556,08/10/2020,08/09/2020,True,True
date_1,date,paddle,batch1-1026,02/25/2017,02/24/2017,True,True
date_1,date,paddle,batch1-0231,02/27/2012,02/26/2012,True,True
date_1,date,paddle,batch1-1115,07/28/2019,07/27/2019,True,True
date_1,date,paddle,batch1-1047,06/10/2019,06/09/2019,True,True
date_1,date,paddle,batch1-1122,06/11/2014,06/10/2014,True,True
date_1,date,paddle,batch1-0133,12/26/2014,12/25/2014,True,True
date_1,date,paddle,batch1-0245,07/09/2013,07/30/2013,False,False
date_1,date,paddle,batch1-0674,04/05/2016,04/04/2016,True,True
date_1,date,paddle,batch1-0481,02/05/2014,02/04/2014,True,True
date_1,date,paddle,batch1-1331,09/03/2014,09/24/2014,False,False
date_1,date,paddle,batch1-0279,09/04/2016,09/25/2016,False,False
date_1,date,paddle,batch1-0766,03/20/2020,04/10/2020,False,False
date_1,date,paddle,batch1-1464,04/24/2012,05/15/2012,False,False
date_1,date,paddle,batch1-0933,08/01/2019,07/31/2019,True,True
date_1,date,paddle,batch1-0377,01/20/2018,01/19/2018,True,True
date_1,date,paddle,batch1-0012,11/22/2013,11/21/2013,True,True
date_1,date,paddle,batch1-0050,07/24/2012,07/23/2012,True,True
date_1,date,paddle,batch1-0793,04/24/2015,04/23/2015,True,True
date_1,date,paddle,batch1-1341,01/28/2013,01/27/2013,True,True
date_1,date,paddle,batch1-1148,12/13/2017,12/12/2017,True,True
date_1,date,paddle,batch1-0522,05/14/2015,05/13/2015,True,True
date_1,date,paddle,batch1-1025,11/08/2019,11/07/2019,True,True
date_1,date,paddle,batch1-0169,05/10/2019,05/09/2019,True,True
date_1,date,paddle,batch1-1231,09/30/2019,10/21/2019,False,False
date_1,date,paddle,batch1-1381,08/23/2015,08/22/2015,True,True
date_1,date,paddle,batch1-0710,05/09/2016,05/08/2016,True,True
date_1,date,paddle,batch1-0686,04/09/2015,04/08/2015,True,True
date_1,date,paddle,batch1-1109,07/03/2013,07/02/2013,True,True
date_1,date,paddle,batch1-1287,12/29/2018,12/28/2018,True,True
date_1,date,paddle,batch1-1434,10/16/2011,11/06/2011,False,False
date_1,date,paddle,batch1-1169,11/30/2015,12/21/2015,False,False
date_1,date,paddle,batch1-0026,01/05/2017,01/26/2017,False,False
date_1,date,paddle,batch1-1051,01/06/2016,01/27/2016,False,False
date_1,date,paddle,batch1-1090,09/06/2016,09/27/2016,False,False
date_1,date,paddle,batch1-0932,01/02/2018,01/01/2018,True,True
date_1,date,paddle,batch1-0238,04/16/2020,04/15/2020,True,True
date_1,date,paddle,batch1-0449,06/19/2011,06/18/2011,True,True
date_1,date,paddle,batch1-1123,08/26/2017,08/25/2017,True,True
date_1,date,paddle,batch1-1403,03/12/2013,03/11/2013,True,True
date_1,date,paddle,batch1-1071,11/23/2016,12/14/2016,False,False
date_1,date,paddle,batch1-1266,04/13/2020,04/12/2020,True,True
date_1,date,paddle,batch1-1222,07/23/2017,07/22/2017,True,True
date_1,date,paddle,batch1-0846,12/04/2018,12/03/2018,True,True
date_1,date,paddle,batch1-1166,09/26/2016,10/17/2016,False,False
date_1,date,paddle,batch1-1469,03/02/2017,03/01/2017,True,True
date_1,date,paddle,batch1-0883,11/03/2020,11/24/2020,False,False
date_1,date,paddle,batch1-0434,08/03/2014,08/02/2014,True,True
date_1,date,paddle,batch1-0060,11/26/2012,12/17/2012,False,False
date_1,date,paddle,batch1-0126,04/17/2020,04/16/2020,True,True
date_1,date,paddle,batch1-0454,05/11/2020,06/01/2020,False,False
date_1,date,paddle,batch1-0717,02/06/2020,02/05/2020,True,True
date_1,date,paddle,batch1-1068,01/20/2019,01/19/2019,True,True
date_1,date,paddle,batch1-0167,03/09/2020,03/08/2020,True,True
date_1,date,paddle,batch1-0292,04/24/2017,05/15/2017,False,False
date_1,date,paddle,batch1-0266,11/08/2015,11/29/2015,False,False
date_1,date,paddle,batch1-0981,07/17/2013,08/07/2013,False,False
date_1,date,paddle,batch1-0174,10/29/2012,10/28/2012,True,True
date_1,date,paddle,batch1-1473,02/12/2013,02/11/2013,True,True
date_1,date,paddle,batch1-0100,05/22/2018,05/21/2018,True,True
date_1,date,paddle,batch1-0716,05/05/2013,05/04/2013,True,True
date_1,date,paddle,batch1-1377,02/08/2014,02/07/2014,True,True
date_1,date,paddle,batch1-0692,11/07/2017,11/06/2017,True,True
date_1,date,paddle,batch1-0374,05/09/2017,05/08/2017,True,True
date_1,date,paddle,batch1-1225,03/09/2012,03/08/2012,True,True
date_1,date,paddle,batch1-1344,03/25/2017,03/24/2017,True,True
date_1,date,paddle,batch1-0764,07/11/2016,07/10/2016,True,True
date_1,date,paddle,batch1-0286,12/23/2017,12/22/2017,True,True
date_1,date,paddle,batch1-0843,03/06/2021,03/05/2021,True,True
date_1,date,paddle,batch1-0049,01/11/2018,01/10/2018,True,True
date_1,date,paddle,batch1-1132,10/07/2017,10/06/2017,True,True
date_1,date,paddle,batch1-0757,09/09/2018,09/30/2018,False,False
date_1,date,paddle,batch1-1484,01/12/2012,01/11/2012,True,True
date_1,date,paddle,batch1-1124,10/07/2019,10/06/2019,True,True
date_1,date,paddle,batch1-1453,10/22/2012,11/12/2012,False,False
date_1,date,paddle,batch1-1134,08/11/2018,08/10/2018,True,True
date_1,date,paddle,batch1-1297,09/09/2017,09/30/2017,False,False
date_1,date,paddle,batch1-0134,04/07/2015,04/06/2015,True,True
date_3,date,granite,batch1-0182,10/02/2020,09/29/2020,True,True
date_3,date,granite,batch1-1294,04/24/2021,04/21/2021,True,True
date_3,date,granite,batch1-1100,02/24/2018,02/21/2018,True,True
date_3,date,granite,batch1-0345,10/04/2020,10/01/2020,True,True
date_3,date,granite,batch1-1375,08/24/2016,08/21/2016,True,True
date_3,date,granite,batch1-0474,05/24/2019,06/14/2019,False,False
date_3,date,granite,batch1-1224,02/11/2017,02/08/2017,True,True
date_3,date,granite,batch1-0572,10/14/2020,10/11/2020,True,True
date_3,date,granite,batch1-0475,04/16/2014,04/13/2014,True,True
date_3,date,granite,batch1-1480,10/20/2014,10/17/2014,True,True
date_3,date,granite,batch1-0742,01/03/2015,12/31/2014,True,True
date_3,date,granite,batch1-0884,03/07/2017,03/04/2017,True,True
date_3,date,granite,batch1-0864,09/01/2018,09/22/2018,False,False
date_3,date,granite,batch1-1165,02/26/2019,02/23/2019,True,True
date_3,date,granite,batch1-0415,03/28/2017,03/25/2017,True,True
date_3,date,granite,batch1-0471,08/30/2011,09/20/2011,False,False
date_3,date,granite,batch1-0902,10/05/2014,10/02/2014,True,True
date_3,date,granite,batch1-1019,01/03/2019,12/31/2018,True,True
date_3,date,granite,batch1-0093,10/03/2017,09/30/2017,True,True
date_3,date,granite,batch1-0704,12/19/2019,12/16/2019,True,True
date_3,date,granite,batch1-0790,12/23/2013,12/20/2013,True,True
date_3,date,granite,batch1-0296,08/20/2012,08/17/2012,True,True
date_3,date,granite,batch1-1055,01/21/2016,01/18/2016,True,True
date_3,date,granite,batch1-0336,04/07/2016,04/04/2016,True,True
date_3,date,granite,batch1-1325,08/20/2016,09/10/2016,False,False
date_3,date,granite,batch1-0724,05/06/2021,05/27/2021,False,False
date_3,date,granite,batch1-1151,12/13/2012,12/10/2012,True,True
date_3,date,granite,batch1-0088,12/22/2013,12/19/2013,True,True
date_3,date,granite,batch1-1349,08/01/2015,08/22/2015,False,False
date_3,date,granite,batch1-0817,09/26/2011,10/17/2011,False,False
date_3,date,granite,batch1-0397,07/22/2020,07/19/2020,True,True
date_3,date,granite,batch1-0979,10/25/2018,10/22/2018,True,True
date_3,date,granite,batch1-0165,10/11/2018,11/01/2018,False,False
date_3,date,granite,batch1-1312,02/20/2020,02/17/2020,True,True
date_3,date,granite,batch1-0500,07/24/2018,07/21/2018,True,True
date_3,date,granite,batch1-0073,11/05/2019,11/02/2019,True,True
date_3,date,granite,batch1-1273,11/01/2018,10/29/2018,True,True
date_3,date,granite,batch1-1226,11/19/2015,11/16/2015,True,True
date_3,date,granite,batch1-0427,07/24/2013,08/14/2013,False,False
date_3,date,granite,batch1-0964,02/18/2017,03/11/2017,False,False
date_3,date,granite,batch1-0809,08/22/2012,09/12/2012,False,False
date_3,date,granite,batch1-0283,05/07/2017,05/04/2017,True,True
date_3,date,granite,batch1-0796,10/25/2013,10/22/2013,True,True
date_3,date,granite,batch1-1439,10/25/2013,10/22/2013,True,True
date_3,date,granite,batch1-0367,05/30/2015,06/20/2015,False,False
date_3,date,granite,batch1-0452,08/23/2013,08/20/2013,True,True
date_3,date,granite,batch1-0108,04/22/2013,05/13/2013,False,False
date_3,date,granite,batch1-0824,08/09/2012,08/30/2012,False,False
date_3,date,granite,batch1-0851,04/13/2019,05/04/2019,False,False
date_3,date,granite,batch1-0560,09/13/2014,09/10/2014,True,True
date_3,date,granite,batch1-0428,11/05/2017,11/02/2017,True,True
date_3,date,granite,batch1-0897,01/13/2013,01/10/2013,True,True
date_3,date,granite,batch1-1178,10/29/2012,11/19/2012,False,False
date_3,date,granite,batch1-1290,12/27/2015,12/24/2015,True,True
date_3,date,granite,batch1-0120,11/26/2017,11/23/2017,True,True
date_3,date,granite,batch1-0903,12/30/2012,12/27/2012,True,True
date_3,date,granite,batch1-0705,05/25/2016,05/22/2016,True,True
date_3,date,granite,batch1-1046,12/11/2013,12/08/2013,True,True
date_3,date,granite,batch1-0816,06/19/2017,06/16/2017,True,True
date_3,date,granite,batch1-0677,05/21/2019,06/11/2019,False,False
date_3,date,granite,batch1-1185,10/23/2013,10/20/2013,True,True
date_3,date,granite,batch1-0569,07/26/2014,07/23/2014,True,True
date_3,date,granite,batch1-0914,07/01/2016,06/28/2016,True,True
date_3,date,granite,batch1-0697,03/09/2020,03/06/2020,True,True
date_3,date,granite,batch1-1319,07/29/2017,07/26/2017,True,True
date_3,date,granite,batch1-0223,10/08/2013,10/05/2013,True,True
date_3,date,granite,batch1-1261,08/08/2012,08/05/2012,True,True
date_3,date,granite,batch1-1075,04/19/2020,04/16/2020,True,True
date_3,date,granite,batch1-0463,04/05/2019,04/02/2019,True,True
date_3,date,granite,batch1-0859,10/08/2018,10/05/2018,True,True
date_3,date,granite,batch1-0549,04/09/2012,04/30/2012,False,False
date_3,date,granite,batch1-0772,07/10/2017,07/07/2017,True,True
date_3,date,granite,batch1-0556,08/10/2020,08/07/2020,True,True
date_3,date,granite,batch1-1026,02/25/2017,02/22/2017,True,True
date_3,date,granite,batch1-0231,02/27/2012,02/24/2012,True,True
date_3,date,granite,batch1-1115,07/28/2019,07/25/2019,True,True
date_3,date,granite,batch1-1047,06/10/2019,06/07/2019,True,True
date_3,date,granite,batch1-1122,06/11/2014,06/08/2014,True,True
date_3,date,granite,batch1-0133,12/26/2014,12/23/2014,True,True
date_3,date,granite,batch1-0245,07/09/2013,07/30/2013,False,False
date_3,date,granite,batch1-0674,04/05/2016,04/02/2016,True,True
date_3,date,granite,batch1-0481,02/05/2014,02/02/2014,True,True
date_3,date,granite,batch1-1331,09/03/2014,09/24/2014,False,False
date_3,date,granite,batch1-0279,09/04/2016,09/25/2016,False,False
date_3,date,granite,batch1-0766,03/20/2020,04/10/2020,False,False
date_3,date,granite,batch1-1464,04/24/2012,05/15/2012,False,False
date_3,date,granite,batch1-0933,08/01/2019,07/29/2019,True,True
date_3,date,granite,batch1-0377,01/20/2018,01/17/2018,True,True
date_3,date,granite,batch1-0012,11/22/2013,11/19/2013,True,True
date_3,date,granite,batch1-0050,07/24/2012,07/21/2012,True,True
date_3,date,granite,batch1-0793,04/24/2015,04/21/2015,True,True
date_3,date,granite,batch1-1341,01/28/2013,01/25/2013,True,True
date_3,date,granite,batch1-1148,12/13/2017,12/10/2017,True,True
date_3,date,granite,batch1-0522,05/14/2015,05/11/2015,True,True
date_3,date,granite,batch1-1025,11/08/2019,11/05/2019,True,True
date_3,date,granite,batch1-0169,05/10/2019,05/07/2019,True,True
date_3,date,granite,batch1-1231,09/30/2019,10/21/2019,False,False
date_3,date,granite,batch1-1381,08/23/2015,08/20/2015,True,True
date_3,date,granite,batch1-0710,05/09/2016,05/06/2016,True,True
date_3,date,granite,batch1-0686,04/09/2015,04/06/2015,True,True
date_3,date,granite,batch1-1109,07/03/2013,06/30/2013,True,True
date_3,date,granite,batch1-1287,12/29/2018,12/26/2018,True,True
date_3,date,granite,batch1-1434,10/16/2011,11/06/2011,False,False
date_3,date,granite,batch1-1169,11/30/2015,12/21/2015,False,False
date_3,date,granite,batch1-0026,01/05/2017,01/26/2017,False,False
date_3,date,granite,batch1-1051,01/06/2016,01/27/2016,False,False
date_3,date,granite,batch1-1090,09/06/2016,09/27/2016,False,False
date_3,date,granite,batch1-0932,01/02/2018,12/30/2017,True,True
date_3,date,granite,batch1-0238,04/16/2020,04/13/2020,True,True
date_3,date,granite,batch1-0449,06/19/2011,06/16/2011,True,True
date_3,date,granite,batch1-1123,08/26/2017,08/23/2017,True,True
date_3,date,granite,batch1-1403,03/12/2013,03/09/2013,True,True
date_3,date,granite,batch1-1071,11/23/2016,12/14/2016,False,False
date_3,date,granite,batch1-1266,04/13/2020,04/10/2020,True,True
date_3,date,granite,batch1-1222,07/23/2017,07/20/2017,True,True
date_3,date,granite,batch1-0846,12/04/2018,12/01/2018,True,True
date_3,date,granite,batch1-1166,09/26/2016,10/17/2016,False,False
date_3,date,granite,batch1-1469,03/02/2017,02/27/2017,True,True
date_3,date,granite,batch1-0883,11/03/2020,11/24/2020,False,False
date_3,date,granite,batch1-0434,08/03/2014,07/31/2014,True,True
date_3,date,granite,batch1-0060,11/26/2012,12/17/2012,False,False
date_3,date,granite,batch1-0126,04/17/2020,04/14/2020,True,True
date_3,date,granite,batch1-0454,05/11/2020,06/01/2020,False,False
date_3,date,granite,batch1-0717,02/06/2020,02/03/2020,True,True
date_3,date,granite,batch1-1068,01/20/2019,01/17/2019,True,True
date_3,date,granite,batch1-0167,03/09/2020,03/06/2020,True,True
date_3,date,granite,batch1-0292,04/24/2017,05/15/2017,False,False
date_3,date,granite,batch1-0266,11/08/2015,11/29/2015,False,False
date_3,date,granite,batch1-0981,07/17/2013,08/07/2013,False,False
date_3,date,granite,batch1-0174,10/29/2012,10/26/2012,True,True
date_3,date,granite,batch1-1473,02/12/2013,02/09/2013,True,True
date_3,date,granite,batch1-0100,05/22/2018,05/19/2018,True,True
date_3,date,granite,batch1-0716,05/05/2013,05/02/2013,True,True
date_3,date,granite,batch1-1377,02/08/2014,02/05/2014,True,True
date_3,date,granite,batch1-0692,11/07/2017,11/04/2017,True,True
date_3,date,granite,batch1-0374,05/09/2017,05/06/2017,True,True
date_3,date,granite,batch1-1225,03/09/2012,03/06/2012,True,True
date_3,date,granite,batch1-1344,03/25/2017,03/22/2017,True,True
date_3,date,granite,batch1-0764,07/11/2016,07/08/2016,True,True
date_3,date,granite,batch1-0286,12/23/2017,12/20/2017,True,True
date_3,date,granite,batch1-0843,03/06/2021,03/03/2021,True,True
date_3,date,granite,batch1-0049,01/11/2018,01/08/2018,True,True
date_3,date,granite,batch1-1132,10/07/2017,10/04/2017,True,True
date_3,date,granite,batch1-0757,09/09/2018,09/30/2018,False,False
date_3,date,granite,batch1-1484,01/12/2012,01/09/2012,True,True
date_3,date,granite,batch1-1124,10/07/2019,10/04/2019,True,True
date_3,date,granite,batch1-1453,10/22/2012,11/12/2012,False,False
date_3,date,granite,batch1-1134,08/11/2018,08/08/2018,True,True
date_3,date,granite,batch1-1297,09/09/2017,09/30/2017,False,False
date_3,date,granite,batch1-0134,04/07/2015,04/04/2015,True,True
date_3,date,paddle,batch1-0182,10/02/2020,09/29/2020,True,True
date_3,date,paddle,batch1-1294,04/24/2021,04/21/2021,True,True
date_3,date,paddle,batch1-1100,02/24/2018,02/21/2018,True,True
date_3,date,paddle,batch1-0345,10/04/2020,10/01/2020,True,True
date_3,date,paddle,batch1-1375,08/24/2016,08/21/2016,True,True
date_3,date,paddle,batch1-0474,05/24/2019,06/14/2019,False,False
date_3,date,paddle,batch1-1224,02/11/2017,02/08/2017,True,True
date_3,date,paddle,batch1-0572,10/14/2020,10/11/2020,True,True
date_3,date,paddle,batch1-0475,04/16/2014,04/13/2014,True,True
date_3,date,paddle,batch1-1480,10/20/2014,10/17/2014,True,True
date_3,date,paddle,batch1-0742,01/03/2015,12/31/2014,True,True
date_3,date,paddle,batch1-0884,03/07/2017,03/04/2017,True,True
date_3,date,paddle,batch1-0864,09/01/2018,09/22/2018,False,False
date_3,date,paddle,batch1-1165,02/26/2019,02/23/2019,True,True
date_3,date,paddle,batch1-0415,03/28/2017,03/25/2017,True,True
date_3,date,paddle,batch1-0471,08/30/2011,09/20/2011,False,False
date_3,date,paddle,batch1-0902,10/05/2014,10/02/2014,True,True
date_3,date,paddle,batch1-1019,01/03/2019,12/31/2018,True,True
date_3,date,paddle,batch1-0093,10/03/2017,09/30/2017,True,True
date_3,date,paddle,batch1-0704,12/19/2019,12/16/2019,True,True
date_3,date,paddle,batch1-0790,12/23/2013,12/20/2013,True,True
date_3,date,paddle,batch1-0296,08/20/2012,08/17/2012,True,True
date_3,date,paddle,batch1-1055,01/21/2016,01/18/2016,True,True
date_3,date,paddle,batch1-0336,04/07/2016,04/04/2016,True,True
date_3,date,paddle,batch1-1325,08/20/2016,09/10/2016,False,False
date_3,date,paddle,batch1-0724,05/06/2021,05/27/2021,False,False
date_3,date,paddle,batch1-1151,12/13/2012,12/10/2012,True,True
date_3,date,paddle,batch1-0088,12/22/2013,12/19/2013,True,True
date_3,date,paddle,batch1-1349,08/01/2015,08/22/2015,False,False
date_3,date,paddle,batch1-0817,09/26/2011,10/17/2011,False,False
date_3,date,paddle,batch1-0397,07/22/2020,07/19/2020,True,True
date_3,date,paddle,batch1-0979,10/25/2018,10/22/2018,True,True
date_3,date,paddle,batch1-0165,10/11/2018,11/01/2018,False,False
date_3,date,paddle,batch1-1312,02/20/2020,02/17/2020,True,True
date_3,date,paddle,batch1-0500,07/24/2018,07/21/2018,True,True
date_3,date,paddle,batch1-0073,11/05/2019,11/02/2019,True,True
date_3,date,paddle,batch1-1273,11/01/2018,10/29/2018,True,True
date_3,date,paddle,batch1-1226,11/19/2015,11/16/2015,True,True
date_3,date,paddle,batch1-0427,07/24/2013,08/14/2013,False,False
date_3,date,paddle,batch1-0964,02/18/2017,03/11/2017,False,False
date_3,date,paddle,batch1-0809,08/22/2012,09/12/2012,False,False
date_3,date,paddle,batch1-0283,05/07/2017,05/04/2017,True,True
date_3,date,paddle,batch1-0796,10/25/2013,10/22/2013,True,True
date_3,date,paddle,batch1-1439,10/25/2013,10/22/2013,True,True
date_3,date,paddle,batch1-0367,05/30/2015,06/20/2015,False,False
date_3,date,paddle,batch1-0452,08/23/2013,08/20/2013,True,True
date_3,date,paddle,batch1-0108,04/22/2013,05/13/2013,False,False
date_3,date,paddle,batch1-0824,08/09/2012,08/30/2012,False,False
date_3,date,paddle,batch1-0851,04/13/2019,05/04/2019,False,False
date_3,date,paddle,batch1-0560,09/13/2014,09/10/2014,True,True
date_3,date,paddle,batch1-0428,11/05/2017,11/02/2017,True,True
date_3,date,paddle,batch1-0897,01/13/2013,01/10/2013,True,True
date_3,date,paddle,batch1-1178,10/29/2012,11/19/2012,False,False
date_3,date,paddle,batch1-1290,12/27/2015,12/24/2015,True,True
date_3,date,paddle,batch1-0120,11/26/2017,11/23/2017,True,True
date_3,date,paddle,batch1-0903,12/30/2012,12/27/2012,True,True
date_3,date,paddle,batch1-0705,05/25/2016,05/22/2016,True,True
date_3,date,paddle,batch1-1046,12/11/2013,12/08/2013,True,True
date_3,date,paddle,batch1-0816,06/19/2017,06/16/2017,True,True
date_3,date,paddle,batch1-0677,05/21/2019,06/11/2019,False,False
date_3,date,paddle,batch1-1185,10/23/2013,10/20/2013,True,True
date_3,date,paddle,batch1-0569,07/26/2014,07/23/2014,True,True
date_3,date,paddle,batch1-0914,07/01/2016,06/28/2016,True,True
date_3,date,paddle,batch1-0697,03/09/2020,03/06/2020,True,True
date_3,date,paddle,batch1-1319,07/29/2017,07/26/2017,True,True
date_3,date,paddle,batch1-0223,10/08/2013,10/05/2013,True,True
date_3,date,paddle,batch1-1261,08/08/2012,08/05/2012,True,True
date_3,date,paddle,batch1-1075,04/19/2020,04/16/2020,True,True
date_3,date,paddle,batch1-0463,04/05/2019,04/02/2019,True,True
date_3,date,paddle,batch1-0859,10/08/2018,10/05/2018,True,True
date_3,date,paddle,batch1-0549,04/09/2012,04/30/2012,False,False
date_3,date,paddle,batch1-0772,07/10/2017,07/07/2017,True,True
date_3,date,paddle,batch1-0556,08/10/2020,08/07/2020,True,True
date_3,date,paddle,batch1-1026,02/25/2017,02/22/2017,True,True
date_3,date,paddle,batch1-0231,02/27/2012,02/24/2012,True,True
date_3,date,paddle,batch1-1115,07/28/2019,07/25/2019,True,True
date_3,date,paddle,batch1-1047,06/10/2019,06/07/2019,True,True
date_3,date,paddle,batch1-1122,06/11/2014,06/08/2014,True,True
date_3,date,paddle,batch1-0133,12/26/2014,12/23/2014,True,True
date_3,date,paddle,batch1-0245,07/09/2013,07/30/2013,False,False
date_3,date,paddle,batch1-0674,04/05/2016,04/02/2016,True,True
date_3,date,paddle,batch1-0481,02/05/2014,02/02/2014,True,True
date_3,date,paddle,batch1-1331,09/03/2014,09/24/2014,False,False
date_3,date,paddle,batch1-0279,09/04/2016,09/25/2016,False,False
date_3,date,paddle,batch1-0766,03/20/2020,04/10/2020,False,False
date_3,date,paddle,batch1-1464,04/24/2012,05/15/2012,False,False
date_3,date,paddle,batch1-0933,08/01/2019,07/29/2019,True,True
date_3,date,paddle,batch1-0377,01/20/2018,01/17/2018,True,True
date_3,date,paddle,batch1-0012,11/22/2013,11/19/2013,True,True
date_3,date,paddle,batch1-0050,07/24/2012,07/21/2012,True,True
date_3,date,paddle,batch1-0793,04/24/2015,04/21/2015,True,True
date_3,date,paddle,batch1-1341,01/28/2013,01/25/2013,True,True
date_3,date,paddle,batch1-1148,12/13/2017,12/10/2017,True,True
date_3,date,paddle,batch1-0522,05/14/2015,05/11/2015,True,True
date_3,date,paddle,batch1-1025,11/08/2019,11/05/2019,True,True
date_3,date,paddle,batch1-0169,05/10/2019,05/07/2019,True,True
date_3,date,paddle,batch1-1231,09/30/2019,10/21/2019,False,False
date_3,date,paddle,batch1-1381,08/23/2015,08/20/2015,True,True
date_3,date,paddle,batch1-0710,05/09/2016,05/06/2016,True,True
date_3,date,paddle,batch1-0686,04/09/2015,04/06/2015,True,True
date_3,date,paddle,batch1-1109,07/03/2013,06/30/2013,True,True
date_3,date,paddle,batch1-1287,12/29/2018,12/26/2018,True,True
date_3,date,paddle,batch1-1434,10/16/2011,11/06/2011,False,False
date_3,date,paddle,batch1-1169,11/30/2015,12/21/2015,False,False
date_3,date,paddle,batch1-0026,01/05/2017,01/26/2017,False,False
date_3,date,paddle,batch1-1051,01/06/2016,01/27/2016,False,False
date_3,date,paddle,batch1-1090,09/06/2016,09/27/2016,False,False
date_3,date,paddle,batch1-0932,01/02/2018,12/30/2017,True,True
date_3,date,paddle,batch1-0238,04/16/2020,04/13/2020,True,True
date_3,date,paddle,batch1-0449,06/19/2011,06/16/2011,True,True
date_3,date,paddle,batch1-1123,08/26/2017,08/23/2017,True,True
date_3,date,paddle,batch1-1403,03/12/2013,03/09/2013,True,True
date_3,date,paddle,batch1-1071,11/23/2016,12/14/2016,False,False
date_3,date,paddle,batch1-1266,04/13/2020,04/10/2020,True,True
date_3,date,paddle,batch1-1222,07/23/2017,07/20/2017,True,True
date_3,date,paddle,batch1-0846,12/04/2018,12/01/2018,True,True
date_3,date,paddle,batch1-1166,09/26/2016,10/17/2016,False,False
date_3,date,paddle,batch1-1469,03/02/2017,02/27/2017,True,True
date_3,date,paddle,batch1-0883,11/03/2020,11/24/2020,False,False
date_3,date,paddle,batch1-0434,08/03/2014,07/31/2014,True,True
date_3,date,paddle,batch1-0060,11/26/2012,12/17/2012,False,False
date_3,date,paddle,batch1-0126,04/17/2020,04/14/2020,True,True
date_3,date,paddle,batch1-0454,05/11/2020,06/01/2020,False,False
date_3,date,paddle,batch1-0717,02/06/2020,02/03/2020,True,True
date_3,date,paddle,batch1-1068,01/20/2019,01/17/2019,True,True
date_3,date,paddle,batch1-0167,03/09/2020,03/06/2020,True,True
date_3,date,paddle,batch1-0292,04/24/2017,05/15/2017,False,False
date_3,date,paddle,batch1-0266,11/08/2015,11/29/2015,False,False
date_3,date,paddle,batch1-0981,07/17/2013,08/07/2013,False,False
date_3,date,paddle,batch1-0174,10/29/2012,10/26/2012,True,True
date_3,date,paddle,batch1-1473,02/12/2013,02/09/2013,True,True
date_3,date,paddle,batch1-0100,05/22/2018,05/19/2018,True,True
date_3,date,paddle,batch1-0716,05/05/2013,05/02/2013,True,True
date_3,date,paddle,batch1-1377,02/08/2014,02/05/2014,True,True
date_3,date,paddle,batch1-0692,11/07/2017,11/04/2017,True,True
date_3,date,paddle,batch1-0374,05/09/2017,05/06/2017,True,True
date_3,date,paddle,batch1-1225,03/09/2012,03/06/2012,True,True
date_3,date,paddle,batch1-1344,03/25/2017,03/22/2017,True,True
date_3,date,paddle,batch1-0764,07/11/2016,07/08/2016,True,True
date_3,date,paddle,batch1-0286,12/23/2017,12/20/2017,True,True
date_3,date,paddle,batch1-0843,03/06/2021,03/03/2021,True,True
date_3,date,paddle,batch1-0049,01/11/2018,01/08/2018,True,True
date_3,date,paddle,batch1-1132,10/07/2017,10/04/2017,True,True
date_3,date,paddle,batch1-0757,09/09/2018,09/30/2018,False,False
date_3,date,paddle,batch1-1484,01/12/2012,01/09/2012,True,True
date_3,date,paddle,batch1-1124,10/07/2019,10/04/2019,True,True
date_3,date,paddle,batch1-1453,10/22/2012,11/12/2012,False,False
date_3,date,paddle,batch1-1134,08/11/2018,08/08/2018,True,True
date_3,date,paddle,batch1-1297,09/09/2017,09/30/2017,False,False
date_3,date,paddle,batch1-0134,04/07/2015,04/04/2015,True,True
date_7,date,granite,batch1-0182,10/02/2020,09/25/2020,True,True
date_7,date,granite,batch1-1294,04/24/2021,04/17/2021,True,True
date_7,date,granite,batch1-1100,02/24/2018,02/17/2018,True,True
date_7,date,granite,batch1-0345,10/04/2020,09/27/2020,True,True
date_7,date,granite,batch1-1375,08/24/2016,08/17/2016,True,True
date_7,date,granite,batch1-0474,05/24/2019,06/14/2019,False,False
date_7,date,granite,batch1-1224,02/11/2017,02/04/2017,True,True
date_7,date,granite,batch1-0572,10/14/2020,10/07/2020,True,True
date_7,date,granite,batch1-0475,04/16/2014,04/09/2014,True,True
date_7,date,granite,batch1-1480,10/20/2014,10/13/2014,True,True
date_7,date,granite,batch1-0742,01/03/2015,12/27/2014,True,True
date_7,date,granite,batch1-0884,03/07/2017,02/28/2017,True,True
date_7,date,granite,batch1-0864,09/01/2018,09/22/2018,False,False
date_7,date,granite,batch1-1165,02/26/2019,02/19/2019,True,True
date_7,date,granite,batch1-0415,03/28/2017,03/21/2017,True,True
date_7,date,granite,batch1-0471,08/30/2011,09/20/2011,False,False
date_7,date,granite,batch1-0902,10/05/2014,09/28/2014,True,True
date_7,date,granite,batch1-1019,01/03/2019,12/27/2018,True,True
date_7,date,granite,batch1-0093,10/03/2017,09/26/2017,True,True
date_7,date,granite,batch1-0704,12/19/2019,12/12/2019,True,True
date_7,date,granite,batch1-0790,12/23/2013,12/16/2013,True,True
date_7,date,granite,batch1-0296,08/20/2012,08/13/2012,True,True
date_7,date,granite,batch1-1055,01/21/2016,01/14/2016,True,True
date_7,date,granite,batch1-0336,04/07/2016,03/31/2016,True,True
date_7,date,granite,batch1-1325,08/20/2016,09/10/2016,False,False
date_7,date,granite,batch1-0724,05/06/2021,05/27/2021,False,False
date_7,date,granite,batch1-1151,12/13/2012,12/06/2012,True,True
date_7,date,granite,batch1-0088,12/22/2013,12/15/2013,True,True
date_7,date,granite,batch1-1349,08/01/2015,08/22/2015,False,False
date_7,date,granite,batch1-0817,09/26/2011,10/17/2011,False,False
date_7,date,granite,batch1-0397,07/22/2020,07/15/2020,True,True
date_7,date,granite,batch1-0979,10/25/2018,10/18/2018,True,True
date_7,date,granite,batch1-0165,10/11/2018,11/01/2018,False,False
date_7,date,granite,batch1-1312,02/20/2020,02/13/2020,True,True
date_7,date,granite,batch1-0500,07/24/2018,07/17/2018,True,True
date_7,date,granite,batch1-0073,11/05/2019,10/29/2019,True,True
date_7,date,granite,batch1-1273,11/01/2018,10/25/2018,True,True
date_7,date,granite,batch1-1226,11/19/2015,11/12/2015,True,True
date_7,date,granite,batch1-0427,07/24/2013,08/14/2013,False,False
date_7,date,granite,batch1-0964,02/18/2017,03/11/2017,False,False
date_7,date,granite,batch1-0809,08/22/2012,09/12/2012,False,False
date_7,date,granite,batch1-0283,05/07/2017,04/30/2017,True,True
date_7,date,granite,batch1-0796,10/25/2013,10/18/2013,True,True
date_7,date,granite,batch1-1439,10/25/2013,10/18/2013,True,True
date_7,date,granite,batch1-0367,05/30/2015,06/20/2015,False,False
date_7,date,granite,batch1-0452,08/23/2013,08/16/2013,True,True
date_7,date,granite,batch1-0108,04/22/2013,05/13/2013,False,False
date_7,date,granite,batch1-0824,08/09/2012,08/30/2012,False,False
date_7,date,granite,batch1-0851,04/13/2019,05/04/2019,False,False
date_7,date,granite,batch1-0560,09/13/2014,09/06/2014,True,True
date_7,date,granite,batch1-0428,11/05/2017,10/29/2017,True,True
date_7,date,granite,batch1-0897,01/13/2013,01/06/2013,True,True
date_7,date,granite,batch1-1178,10/29/2012,11/19/2012,False,False
date_7,date,granite,batch1-1290,12/27/2015,12/20/2015,True,True
date_7,date,granite,batch1-0120,11/26/2017,11/19/2017,True,True
date_7,date,granite,batch1-0903,12/30/2012,12/23/2012,True,True
date_7,date,granite,batch1-0705,05/25/2016,05/18/2016,True,True
date_7,date,granite,batch1-1046,12/11/2013,12/04/2013,True,True
date_7,date,granite,batch1-0816,06/19/2017,06/12/2017,True,True
date_7,date,granite,batch1-0677,05/21/2019,06/11/2019,False,False
date_7,date,granite,batch1-1185,10/23/2013,10/16/2013,True,True
date_7,date,granite,batch1-0569,07/26/2014,07/19/2014,True,True
date_7,date,granite,batch1-0914,07/01/2016,06/24/2016,True,True
date_7,date,granite,batch1-0697,03/09/2020,03/02/2020,True,True
date_7,date,granite,batch1-1319,07/29/2017,07/22/2017,True,True
date_7,date,granite,batch1-0223,10/08/2013,10/01/2013,True,True
date_7,date,granite,batch1-1261,08/08/2012,08/01/2012,True,True
date_7,date,granite,batch1-1075,04/19/2020,04/12/2020,True,True
date_7,date,granite,batch1-0463,04/05/2019,03/29/2019,True,True
date_7,date,granite,batch1-0859,10/08/2018,10/01/2018,True,True
date_7,date,granite,batch1-0549,04/09/2012,04/30/2012,False,False
date_7,date,granite,batch1-0772,07/10/2017,07/03/2017,True,True
date_7,date,granite,batch1-0556,08/10/2020,08/03/2020,True,True
date_7,date,granite,batch1-1026,02/25/2017,02/18/2017,True,True
date_7,date,granite,batch1-0231,02/27/2012,02/20/2012,True,True
date_7,date,granite,batch1-1115,07/28/2019,07/21/2019,True,True
date_7,date,granite,batch1-1047,06/10/2019,06/03/2019,True,True
date_7,date,granite,batch1-1122,06/11/2014,06/04/2014,True,True
date_7,date,granite,batch1-0133,12/26/2014,12/19/2014,True,True
date_7,date,granite,batch1-0245,07/09/2013,07/30/2013,False,False
date_7,date,granite,batch1-0674,04/05/2016,03/29/2016,True,True
date_7,date,granite,batch1-0481,02/05/2014,01/29/2014,True,True
date_7,date,granite,batch1-1331,09/03/2014,09/24/2014,False,False
date_7,date,granite,batch1-0279,09/04/2016,09/25/2016,False,False
date_7,date,granite,batch1-0766,03/20/2020,04/10/2020,False,False
date_7,date,granite,batch1-1464,04/24/2012,05/15/2012,False,False
date_7,date,granite,batch1-0933,08/01/2019,07/25/2019,True,True
date_7,date,granite,batch1-0377,01/20/2018,01/13/2018,True,True
date_7,date,granite,batch1-0012,11/22/2013,11/15/2013,True,True
date_7,date,granite,batch1-0050,07/24/2012,07/17/2012,True,True
date_7,date,granite,batch1-0793,04/24/2015,04/17/2015,True,True
date_7,date,granite,batch1-1341,01/28/2013,01/21/2013,True,True
date_7,date,granite,batch1-1148,12/13/2017,12/06/2017,True,True
date_7,date,granite,batch1-0522,05/14/2015,05/07/2015,True,True
date_7,date,granite,batch1-1025,11/08/2019,11/01/2019,True,True
date_7,date,granite,batch1-0169,05/10/2019,05/03/2019,True,True
date_7,date,granite,batch1-1231,09/30/2019,10/21/2019,False,False
date_7,date,granite,batch1-1381,08/23/2015,08/16/2015,True,True
date_7,date,granite,batch1-0710,05/09/2016,05/02/2016,True,True
date_7,date,granite,batch1-0686,04/09/2015,04/02/2015,True,True
date_7,date,granite,batch1-1109,07/03/2013,06/26/2013,True,True
date_7,date,granite,batch1-1287,12/29/2018,12/22/2018,True,True
date_7,date,granite,batch1-1434,10/16/2011,11/06/2011,False,False
date_7,date,granite,batch1-1169,11/30/2015,12/21/2015,False,False
date_7,date,granite,batch1-0026,01/05/2017,01/26/2017,False,False
date_7,date,granite,batch1-1051,01/06/2016,01/27/2016,False,False
date_7,date,granite,batch1-1090,09/06/2016,09/27/2016,False,False
date_7,date,granite,batch1-0932,01/02/2018,12/26/2017,True,True
date_7,date,granite,batch1-0238,04/16/2020,04/09/2020,True,True
date_7,date,granite,batch1-0449,06/19/2011,06/12/2011,True,True
date_7,date,granite,batch1-1123,08/26/2017,08/19/2017,True,True
date_7,date,granite,batch1-1403,03/12/2013,03/05/2013,True,True
date_7,date,granite,batch1-1071,11/23/2016,12/14/2016,False,False
date_7,date,granite,batch1-1266,04/13/2020,04/06/2020,True,True
date_7,date,granite,batch1-1222,07/23/2017,07/16/2017,True,True
date_7,date,granite,batch1-0846,12/04/2018,11/27/2018,True,True
date_7,date,granite,batch1-1166,09/26/2016,10/17/2016,False,False
date_7,date,granite,batch1-1469,03/02/2017,02/23/2017,True,True
date_7,date,granite,batch1-0883,11/03/2020,11/24/2020,False,False
date_7,date,granite,batch1-0434,08/03/2014,07/27/2014,True,True
date_7,date,granite,batch1-0060,11/26/2012,12/17/2012,False,False
date_7,date,granite,batch1-0126,04/17/2020,04/10/2020,True,True
date_7,date,granite,batch1-0454,05/11/2020,06/01/2020,False,False
date_7,date,granite,batch1-0717,02/06/2020,01/30/2020,True,True
date_7,date,granite,batch1-1068,01/20/2019,01/13/2019,True,True
date_7,date,granite,batch1-0167,03/09/2020,03/02/2020,True,True
date_7,date,granite,batch1-0292,04/24/2017,05/15/2017,False,False
date_7,date,granite,batch1-0266,11/08/2015,11/29/2015,False,False
date_7,date,granite,batch1-0981,07/17/2013,08/07/2013,False,False
date_7,date,granite,batch1-0174,10/29/2012,10/22/2012,True,True
date_7,date,granite,batch1-1473,02/12/2013,02/05/2013,True,True
date_7,date,granite,batch1-0100,05/22/2018,05/15/2018,True,True
date_7,date,granite,batch1-0716,05/05/2013,04/28/2013,True,True
date_7,date,granite,batch1-1377,02/08/2014,02/01/2014,True,True
date_7,date,granite,batch1-0692,11/07/2017,10/31/2017,True,True
date_7,date,granite,batch1-0374,05/09/2017,05/02/2017,True,True
date_7,date,granite,batch1-1225,03/09/2012,03/02/2012,True,True
date_7,date,granite,batch1-1344,03/25/2017,03/18/2017,True,True
date_7,date,granite,batch1-0764,07/11/2016,07/04/2016,True,True
date_7,date,granite,batch1-0286,12/23/2017,12/16/2017,True,True
date_7,date,granite,batch1-0843,03/06/2021,02/27/2021,True,True
date_7,date,granite,batch1-0049,01/11/2018,01/04/2018,True,True
date_7,date,granite,batch1-1132,10/07/2017,09/30/2017,True,True
date_7,date,granite,batch1-0757,09/09/2018,09/30/2018,False,False
date_7,date,granite,batch1-1484,01/12/2012,01/05/2012,True,True
date_7,date,granite,batch1-1124,10/07/2019,09/30/2019,True,True
date_7,date,granite,batch1-1453,10/22/2012,11/12/2012,False,False
date_7,date,granite,batch1-1134,08/11/2018,08/04/2018,True,True
date_7,date,granite,batch1-1297,09/09/2017,09/30/2017,False,False
date_7,date,granite,batch1-0134,04/07/2015,03/31/2015,True,True
date_7,date,paddle,batch1-0182,10/02/2020,09/25/2020,True,True
date_7,date,paddle,batch1-1294,04/24/2021,04/17/2021,True,True
date_7,date,paddle,batch1-1100,02/24/2018,02/17/2018,True,True
date_7,date,paddle,batch1-0345,10/04/2020,09/27/2020,True,True
date_7,date,paddle,batch1-1375,08/24/2016,08/17/2016,True,True
date_7,date,paddle,batch1-0474,05/24/2019,06/14/2019,False,False
date_7,date,paddle,batch1-1224,02/11/2017,02/04/2017,True,True
date_7,date,paddle,batch1-0572,10/14/2020,10/07/2020,True,True
date_7,date,paddle,batch1-0475,04/16/2014,04/09/2014,True,True
date_7,date,paddle,batch1-1480,10/20/2014,10/13/2014,True,True
date_7,date,paddle,batch1-0742,01/03/2015,12/27/2014,True,True
date_7,date,paddle,batch1-0884,03/07/2017,02/28/2017,True,True
date_7,date,paddle,batch1-0864,09/01/2018,09/22/2018,False,False
date_7,date,paddle,batch1-1165,02/26/2019,02/19/2019,True,True
date_7,date,paddle,batch1-0415,03/28/2017,03/21/2017,True,True
date_7,date,paddle,batch1-0471,08/30/2011,09/20/2011,False,False
date_7,date,paddle,batch1-0902,10/05/2014,09/28/2014,True,True
date_7,date,paddle,batch1-1019,01/03/2019,12/27/2018,True,True
date_7,date,paddle,batch1-0093,10/03/2017,09/26/2017,True,True
date_7,date,paddle,batch1-0704,12/19/2019,12/12/2019,True,True
date_7,date,paddle,batch1-0790,12/23/2013,12/16/2013,True,True
date_7,date,paddle,batch1-0296,08/20/2012,08/13/2012,True,True
date_7,date,paddle,batch1-1055,01/21/2016,01/14/2016,True,True
date_7,date,paddle,batch1-0336,04/07/2016,03/31/2016,True,True
date_7,date,paddle,batch1-1325,08/20/2016,09/10/2016,False,False
date_7,date,paddle,batch1-0724,05/06/2021,05/27/2021,False,False
date_7,date,paddle,batch1-1151,12/13/2012,12/06/2012,True,True
date_7,date,paddle,batch1-0088,12/22/2013,12/15/2013,True,True
date_7,date,paddle,batch1-1349,08/01/2015,08/22/2015,False,False
date_7,date,paddle,batch1-0817,09/26/2011,10/17/2011,False,False
date_7,date,paddle,batch1-0397,07/22/2020,07/15/2020,True,True
date_7,date,paddle,batch1-0979,10/25/2018,10/18/2018,True,True
date_7,date,paddle,batch1-0165,10/11/2018,11/01/2018,False,False
date_7,date,paddle,batch1-1312,02/20/2020,02/13/2020,True,True
date_7,date,paddle,batch1-0500,07/24/2018,07/17/2018,True,True
date_7,date,paddle,batch1-0073,11/05/2019,10/29/2019,True,True
date_7,date,paddle,batch1-1273,11/01/2018,10/25/2018,True,True
date_7,date,paddle,batch1-1226,11/19/2015,11/12/2015,True,True
date_7,date,paddle,batch1-0427,07/24/2013,08/14/2013,False,False
date_7,date,paddle,batch1-0964,02/18/2017,03/11/2017,False,False
date_7,date,paddle,batch1-0809,08/22/2012,09/12/2012,False,False
date_7,date,paddle,batch1-0283,05/07/2017,04/30/2017,True,True
date_7,date,paddle,batch1-0796,10/25/2013,10/18/2013,True,True
date_7,date,paddle,batch1-1439,10/25/2013,10/18/2013,True,True
date_7,date,paddle,batch1-0367,05/30/2015,06/20/2015,False,False
date_7,date,paddle,batch1-0452,08/23/2013,08/16/2013,True,True
date_7,date,paddle,batch1-0108,04/22/2013,05/13/2013,False,False
date_7,date,paddle,batch1-0824,08/09/2012,08/30/2012,False,False
date_7,date,paddle,batch1-0851,04/13/2019,05/04/2019,False,False
date_7,date,paddle,batch1-0560,09/13/2014,09/06/2014,True,True
date_7,date,paddle,batch1-0428,11/05/2017,10/29/2017,True,True
date_7,date,paddle,batch1-0897,01/13/2013,01/06/2013,True,True
date_7,date,paddle,batch1-1178,10/29/2012,11/19/2012,False,False
date_7,date,paddle,batch1-1290,12/27/2015,12/20/2015,True,True
date_7,date,paddle,batch1-0120,11/26/2017,11/19/2017,True,True
date_7,date,paddle,batch1-0903,12/30/2012,12/23/2012,True,True
date_7,date,paddle,batch1-0705,05/25/2016,05/18/2016,True,True
date_7,date,paddle,batch1-1046,12/11/2013,12/04/2013,True,True
date_7,date,paddle,batch1-0816,06/19/2017,06/12/2017,True,True
date_7,date,paddle,batch1-0677,05/21/2019,06/11/2019,False,False
date_7,date,paddle,batch1-1185,10/23/2013,10/16/2013,True,True
date_7,date,paddle,batch1-0569,07/26/2014,07/19/2014,True,True
date_7,date,paddle,batch1-0914,07/01/2016,06/24/2016,True,True
date_7,date,paddle,batch1-0697,03/09/2020,03/02/2020,True,True
date_7,date,paddle,batch1-1319,07/29/2017,07/22/2017,True,True
date_7,date,paddle,batch1-0223,10/08/2013,10/01/2013,True,True
date_7,date,paddle,batch1-1261,08/08/2012,08/01/2012,True,True
date_7,date,paddle,batch1-1075,04/19/2020,04/12/2020,True,True
date_7,date,paddle,batch1-0463,04/05/2019,03/29/2019,True,True
date_7,date,paddle,batch1-0859,10/08/2018,10/01/2018,True,True
date_7,date,paddle,batch1-0549,04/09/2012,04/30/2012,False,False
date_7,date,paddle,batch1-0772,07/10/2017,07/03/2017,True,True
date_7,date,paddle,batch1-0556,08/10/2020,08/03/2020,True,True
date_7,date,paddle,batch1-1026,02/25/2017,02/18/2017,True,True
date_7,date,paddle,batch1-0231,02/27/2012,02/20/2012,True,True
date_7,date,paddle,batch1-1115,07/28/2019,07/21/2019,True,True
date_7,date,paddle,batch1-1047,06/10/2019,06/03/2019,True,True
date_7,date,paddle,batch1-1122,06/11/2014,06/04/2014,True,True
date_7,date,paddle,batch1-0133,12/26/2014,12/19/2014,True,True
date_7,date,paddle,batch1-0245,07/09/2013,07/30/2013,False,False
date_7,date,paddle,batch1-0674,04/05/2016,03/29/2016,True,True
date_7,date,paddle,batch1-0481,02/05/2014,01/29/2014,True,True
date_7,date,paddle,batch1-1331,09/03/2014,09/24/2014,False,False
date_7,date,paddle,batch1-0279,09/04/2016,09/25/2016,False,False
date_7,date,paddle,batch1-0766,03/20/2020,04/10/2020,False,False
date_7,date,paddle,batch1-1464,04/24/2012,05/15/2012,False,False
date_7,date,paddle,batch1-0933,08/01/2019,07/25/2019,True,True
date_7,date,paddle,batch1-0377,01/20/2018,01/13/2018,True,True
date_7,date,paddle,batch1-0012,11/22/2013,11/15/2013,True,True
date_7,date,paddle,batch1-0050,07/24/2012,07/17/2012,True,True
date_7,date,paddle,batch1-0793,04/24/2015,04/17/2015,True,True
date_7,date,paddle,batch1-1341,01/28/2013,01/21/2013,True,True
date_7,date,paddle,batch1-1148,12/13/2017,12/06/2017,True,True
date_7,date,paddle,batch1-0522,05/14/2015,05/07/2015,True,True
date_7,date,paddle,batch1-1025,11/08/2019,11/01/2019,True,True
date_7,date,paddle,batch1-0169,05/10/2019,05/03/2019,True,True
date_7,date,paddle,batch1-1231,09/30/2019,10/21/2019,False,False
date_7,date,paddle,batch1-1381,08/23/2015,08/16/2015,True,True
date_7,date,paddle,batch1-0710,05/09/2016,05/02/2016,True,True
date_7,date,paddle,batch1-0686,04/09/2015,04/02/2015,True,True
date_7,date,paddle,batch1-1109,07/03/2013,06/26/2013,True,True
date_7,date,paddle,batch1-1287,12/29/2018,12/22/2018,True,True
date_7,date,paddle,batch1-1434,10/16/2011,11/06/2011,False,False
date_7,date,paddle,batch1-1169,11/30/2015,12/21/2015,False,False
date_7,date,paddle,batch1-0026,01/05/2017,01/26/2017,False,False
date_7,date,paddle,batch1-1051,01/06/2016,01/27/2016,False,False
date_7,date,paddle,batch1-1090,09/06/2016,09/27/2016,False,False
date_7,date,paddle,batch1-0932,01/02/2018,12/26/2017,True,True
date_7,date,paddle,batch1-0238,04/16/2020,04/09/2020,True,True
date_7,date,paddle,batch1-0449,06/19/2011,06/12/2011,True,True
date_7,date,paddle,batch1-1123,08/26/2017,08/19/2017,True,True
date_7,date,paddle,batch1-1403,03/12/2013,03/05/2013,True,True
date_7,date,paddle,batch1-1071,11/23/2016,12/14/2016,False,False
date_7,date,paddle,batch1-1266,04/13/2020,04/06/2020,True,True
date_7,date,paddle,batch1-1222,07/23/2017,07/16/2017,True,True
date_7,date,paddle,batch1-0846,12/04/2018,11/27/2018,True,True
date_7,date,paddle,batch1-1166,09/26/2016,10/17/2016,False,False
date_7,date,paddle,batch1-1469,03/02/2017,02/23/2017,True,True
date_7,date,paddle,batch1-0883,11/03/2020,11/24/2020,False,False
date_7,date,paddle,batch1-0434,08/03/2014,07/27/2014,True,True
date_7,date,paddle,batch1-0060,11/26/2012,12/17/2012,False,False
date_7,date,paddle,batch1-0126,04/17/2020,04/10/2020,True,True
date_7,date,paddle,batch1-0454,05/11/2020,06/01/2020,False,False
date_7,date,paddle,batch1-0717,02/06/2020,01/30/2020,True,True
date_7,date,paddle,batch1-1068,01/20/2019,01/13/2019,True,True
date_7,date,paddle,batch1-0167,03/09/2020,03/02/2020,True,True
date_7,date,paddle,batch1-0292,04/24/2017,05/15/2017,False,False
date_7,date,paddle,batch1-0266,11/08/2015,11/29/2015,False,False
date_7,date,paddle,batch1-0981,07/17/2013,08/07/2013,False,False
date_7,date,paddle,batch1-0174,10/29/2012,10/22/2012,True,True
date_7,date,paddle,batch1-1473,02/12/2013,02/05/2013,True,True
date_7,date,paddle,batch1-0100,05/22/2018,05/15/2018,True,True
date_7,date,paddle,batch1-0716,05/05/2013,04/28/2013,True,True
date_7,date,paddle,batch1-1377,02/08/2014,02/01/2014,True,True
date_7,date,paddle,batch1-0692,11/07/2017,10/31/2017,True,True
date_7,date,paddle,batch1-0374,05/09/2017,05/02/2017,True,True
date_7,date,paddle,batch1-1225,03/09/2012,03/02/2012,True,True
date_7,date,paddle,batch1-1344,03/25/2017,03/18/2017,True,True
date_7,date,paddle,batch1-0764,07/11/2016,07/04/2016,True,True
date_7,date,paddle,batch1-0286,12/23/2017,12/16/2017,True,True
date_7,date,paddle,batch1-0843,03/06/2021,02/27/2021,True,True
date_7,date,paddle,batch1-0049,01/11/2018,01/04/2018,True,True
date_7,date,paddle,batch1-1132,10/07/2017,09/30/2017,True,True
date_7,date,paddle,batch1-0757,09/09/2018,09/30/2018,False,False
date_7,date,paddle,batch1-1484,01/12/2012,01/05/2012,True,True
date_7,date,paddle,batch1-1124,10/07/2019,09/30/2019,True,True
date_7,date,paddle,batch1-1453,10/22/2012,11/12/2012,False,False
date_7,date,paddle,batch1-1134,08/11/2018,08/04/2018,True,True
date_7,date,paddle,batch1-1297,09/09/2017,09/30/2017,False,False
date_7,date,paddle,batch1-0134,04/07/2015,03/31/2015,True,True
date_30,date,granite,batch1-0182,10/02/2020,09/02/2020,True,True
date_30,date,granite,batch1-1294,04/24/2021,03/25/2021,True,True
date_30,date,granite,batch1-1100,02/24/2018,01/25/2018,True,True
date_30,date,granite,batch1-0345,10/04/2020,09/04/2020,True,True
date_30,date,granite,batch1-1375,08/24/2016,07/25/2016,True,True
date_30,date,granite,batch1-0474,05/24/2019,06/14/2019,False,False
date_30,date,granite,batch1-1224,02/11/2017,01/12/2017,True,True
date_30,date,granite,batch1-0572,10/14/2020,09/14/2020,True,True
date_30,date,granite,batch1-0475,04/16/2014,03/17/2014,True,True
date_30,date,granite,batch1-1480,10/20/2014,09/20/2014,True,True
date_30,date,granite,batch1-0742,01/03/2015,12/04/2014,True,True
date_30,date,granite,batch1-0884,03/07/2017,02/05/2017,True,True
date_30,date,granite,batch1-0864,09/01/2018,09/22/2018,False,False
date_30,date,granite,batch1-1165,02/26/2019,01/27/2019,True,True
date_30,date,granite,batch1-0415,03/28/2017,02/26/2017,True,True
date_30,date,granite,batch1-0471,08/30/2011,09/20/2011,False,False
date_30,date,granite,batch1-0902,10/05/2014,09/05/2014,True,True
date_30,date,granite,batch1-1019,01/03/2019,12/04/2018,True,True
date_30,date,granite,batch1-0093,10/03/2017,09/03/2017,True,True
date_30,date,granite,batch1-0704,12/19/2019,11/19/2019,True,True
date_30,date,granite,batch1-0790,12/23/2013,11/23/2013,True,True
date_30,date,granite,batch1-0296,08/20/2012,07/21/2012,True,True
date_30,date,granite,batch1-1055,01/21/2016,12/22/2015,True,True
date_30,date,granite,batch1-0336,04/07/2016,03/08/2016,True,True
date_30,date,granite,batch1-1325,08/20/2016,09/10/2016,False,False
date_30,date,granite,batch1-0724,05/06/2021,05/27/2021,False,False
date_30,date,granite,batch1-1151,12/13/2012,11/13/2012,True,True
date_30,date,granite,batch1-0088,12/22/2013,11/22/2013,True,True
date_30,date,granite,batch1-1349,08/01/2015,08/22/2015,False,False
date_30,date,granite,batch1-0817,09/26/2011,10/17/2011,False,False
date_30,date,granite,batch1-0397,07/22/2020,06/22/2020,True,True
date_30,date,granite,batch1-0979,10/25/2018,09/25/2018,True,True
date_30,date,granite,batch1-0165,10/11/2018,11/01/2018,False,False
date_30,date,granite,batch1-1312,02/20/2020,01/21/2020,True,True
date_30,date,granite,batch1-0500,07/24/2018,06/24/2018,True,True
date_30,date,granite,batch1-0073,11/05/2019,10/06/2019,True,True
date_30,date,granite,batch1-1273,11/01/2018,10/02/2018,True,True
date_30,date,granite,batch1-1226,11/19/2015,10/20/2015,True,True
date_30,date,granite,batch1-0427,07/24/2013,08/14/2013,False,False
date_30,date,granite,batch1-0964,02/18/2017,03/11/2017,False,False
date_30,date,granite,batch1-0809,08/22/2012,09/12/2012,False,False
date_30,date,granite,batch1-0283,05/07/2017,04/07/2017,True,True
date_30,date,granite,batch1-0796,10/25/2013,09/25/2013,True,True
date_30,date,granite,batch1-1439,10/25/2013,09/25/2013,True,True
date_30,date,granite,batch1-0367,05/30/2015,06/20/2015,False,False
date_30,date,granite,batch1-0452,08/23/2013,07/24/2013,True,True
date_30,date,granite,batch1-0108,04/22/2013,05/13/2013,False,False
date_30,date,granite,batch1-0824,08/09/2012,08/30/2012,False,False
date_30,date,granite,batch1-0851,04/13/2019,05/04/2019,False,False
date_30,date,granite,batch1-0560,09/13/2014,08/14/2014,True,True
date_30,date,granite,batch1-0428,11/05/2017,10/06/2017,True,True
date_30,date,granite,batch1-0897,01/13/2013,12/14/2012,True,True
date_30,date,granite,batch1-1178,10/29/2012,11/19/2012,False,False
date_30,date,granite,batch1-1290,12/27/2015,11/27/2015,True,True
date_30,date,granite,batch1-0120,11/26/2017,10/27/2017,True,True
date_30,date,granite,batch1-0903,12/30/2012,11/30/2012,True,True
date_30,date,granite,batch1-0705,05/25/2016,04/25/2016,True,True
date_30,date,granite,batch1-1046,12/11/2013,11/11/2013,True,True
date_30,date,granite,batch1-0816,06/19/2017,05/20/2017,True,True
date_30,date,granite,batch1-0677,05/21/2019,06/11/2019,False,False
date_30,date,granite,batch1-1185,10/23/2013,09/23/2013,True,True
date_30,date,granite,batch1-0569,07/26/2014,06/26/2014,True,True
date_30,date,granite,batch1-0914,07/01/2016,06/01/2016,True,True
date_30,date,granite,batch1-0697,03/09/2020,02/08/2020,True,True
date_30,date,granite,batch1-1319,07/29/2017,06/29/2017,True,True
date_30,date,granite,batch1-0223,10/08/2013,09/08/2013,True,True
date_30,date,granite,batch1-1261,08/08/2012,07/09/2012,True,True
date_30,date,granite,batch1-1075,04/19/2020,03/20/2020,True,True
date_30,date,granite,batch1-0463,04/05/2019,03/06/2019,True,True
date_30,date,granite,batch1-0859,10/08/2018,09/08/2018,True,True
date_30,date,granite,batch1-0549,04/09/2012,04/30/2012,False,False
date_30,date,granite,batch1-0772,07/10/2017,06/10/2017,True,True
date_30,date,granite,batch1-0556,08/10/2020,07/11/2020,True,True
date_30,date,granite,batch1-1026,02/25/2017,01/26/2017,True,True
date_30,date,granite,batch1-0231,02/27/2012,01/28/2012,True,True
date_30,date,granite,batch1-1115,07/28/2019,06/28/2019,True,True
date_30,date,granite,batch1-1047,06/10/2019,05/11/2019,True,True
date_30,date,granite,batch1-1122,06/11/2014,05/12/2014,True,True
date_30,date,granite,batch1-0133,12/26/2014,11/26/2014,True,True
date_30,date,granite,batch1-0245,07/09/2013,07/30/2013,False,False
date_30,date,granite,batch1-0674,04/05/2016,03/06/2016,True,True
date_30,date,granite,batch1-0481,02/05/2014,01/06/2014,True,True
date_30,date,granite,batch1-1331,09/03/2014,09/24/2014,False,False
date_30,date,granite,batch1-0279,09/04/2016,09/25/2016,False,False
date_30,date,granite,batch1-0766,03/20/2020,04/10/2020,False,False
date_30,date,granite,batch1-1464,04/24/2012,05/15/2012,False,False
date_30,date,granite,batch1-0933,08/01/2019,07/02/2019,True,True
date_30,date,granite,batch1-0377,01/20/2018,12/21/2017,True,True
date_30,date,granite,batch1-0012,11/22/2013,10/23/2013,True,True
date_30,date,granite,batch1-0050,07/24/2012,06/24/2012,True,True
date_30,date,granite,batch1-0793,04/24/2015,03/25/2015,True,True
date_30,date,granite,batch1-1341,01/28/2013,12/29/2012,True,True
date_30,date,granite,batch1-1148,12/13/2017,11/13/2017,True,True
date_30,date,granite,batch1-0522,05/14/2015,04/14/2015,True,True
date_30,date,granite,batch1-1025,11/08/2019,10/09/2019,True,True
date_30,date,granite,batch1-0169,05/10/2019,04/10/2019,True,True
date_30,date,granite,batch1-1231,09/30/2019,10/21/2019,False,False
date_30,date,granite,batch1-1381,08/23/2015,07/24/2015,True,True
date_30,date,granite,batch1-0710,05/09/2016,04/09/2016,True,True
date_30,date,granite,batch1-0686,04/09/2015,03/10/2015,True,True
date_30,date,granite,batch1-1109,07/03/2013,06/03/2013,True,True
date_30,date,granite,batch1-1287,12/29/2018,11/29/2018,True,True
date_30,date,granite,batch1-1434,10/16/2011,11/06/2011,False,False
date_30,date,granite,batch1-1169,11/30/2015,12/21/2015,False,False
date_30,date,granite,batch1-0026,01/05/2017,01/26/2017,False,False
date_30,date,granite,batch1-1051,01/06/2016,01/27/2016,False,False
date_30,date,granite,batch1-1090,09/06/2016,09/27/2016,False,False
date_30,date,granite,batch1-0932,01/02/2018,12/03/2017,True,True
date_30,date,granite,batch1-0238,04/16/2020,03/17/2020,True,True
date_30,date,granite,batch1-0449,06/19/2011,05/20/2011,True,True
date_30,date,granite,batch1-1123,08/26/2017,07/27/2017,True,True
date_30,date,granite,batch1-1403,03/12/2013,02/10/2013,True,True
date_30,date,granite,batch1-1071,11/23/2016,12/14/2016,False,False
date_30,date,granite,batch1-1266,04/13/2020,03/14/2020,True,True
date_30,date,granite,batch1-1222,07/23/2017,06/23/2017,True,True
date_30,date,granite,batch1-0846,12/04/2018,11/04/2018,True,True
date_30,date,granite,batch1-1166,09/26/2016,10/17/2016,False,False
date_30,date,granite,batch1-1469,03/02/2017,01/31/2017,True,True
date_30,date,granite,batch1-0883,11/03/2020,11/24/2020,False,False
date_30,date,granite,batch1-0434,08/03/2014,07/04/2014,True,True
date_30,date,granite,batch1-0060,11/26/2012,12/17/2012,False,False
date_30,date,granite,batch1-0126,04/17/2020,03/18/2020,True,True
date_30,date,granite,batch1-0454,05/11/2020,06/01/2020,False,False
date_30,date,granite,batch1-0717,02/06/2020,01/07/2020,True,True
date_30,date,granite,batch1-1068,01/20/2019,12/21/2018,True,True
date_30,date,granite,batch1-0167,03/09/2020,02/08/2020,True,True
date_30,date,granite,batch1-0292,04/24/2017,05/15/2017,False,False
date_30,date,granite,batch1-0266,11/08/2015,11/29/2015,False,False
date_30,date,granite,batch1-0981,07/17/2013,08/07/2013,False,False
date_30,date,granite,batch1-0174,10/29/2012,09/29/2012,True,True
date_30,date,granite,batch1-1473,02/12/2013,01/13/2013,True,True
date_30,date,granite,batch1-0100,05/22/2018,04/22/2018,True,True
date_30,date,granite,batch1-0716,05/05/2013,04/05/2013,True,True
date_30,date,granite,batch1-1377,02/08/2014,01/09/2014,True,True
date_30,date,granite,batch1-0692,11/07/2017,10/08/2017,True,True
date_30,date,granite,batch1-0374,05/09/2017,04/09/2017,True,True
date_30,date,granite,batch1-1225,03/09/2012,02/08/2012,True,True
date_30,date,granite,batch1-1344,03/25/2017,02/23/2017,True,True
date_30,date,granite,batch1-0764,07/11/2016,06/11/2016,True,True
date_30,date,granite,batch1-0286,12/23/2017,11/23/2017,True,True
date_30,date,granite,batch1-0843,03/06/2021,02/04/2021,True,True
date_30,date,granite,batch1-0049,01/11/2018,12/12/2017,True,True
date_30,date,granite,batch1-1132,10/07/2017,09/07/2017,True,True
date_30,date,granite,batch1-0757,09/09/2018,09/30/2018,False,False
date_30,date,granite,batch1-1484,01/12/2012,12/13/2011,True,True
date_30,date,granite,batch1-1124,10/07/2019,09/07/2019,True,True
date_30,date,granite,batch1-1453,10/22/2012,11/12/2012,False,False
date_30,date,granite,batch1-1134,08/11/2018,07/12/2018,True,True
date_30,date,granite,batch1-1297,09/09/2017,09/30/2017,False,False
date_30,date,granite,batch1-0134,04/07/2015,03/08/2015,True,True
date_30,date,paddle,batch1-0182,10/02/2020,09/02/2020,True,True
date_30,date,paddle,batch1-1294,04/24/2021,03/25/2021,True,True
date_30,date,paddle,batch1-1100,02/24/2018,01/25/2018,True,True
date_30,date,paddle,batch1-0345,10/04/2020,09/04/2020,True,True
date_30,date,paddle,batch1-1375,08/24/2016,07/25/2016,True,True
date_30,date,paddle,batch1-0474,05/24/2019,06/14/2019,False,False
date_30,date,paddle,batch1-1224,02/11/2017,01/12/2017,True,True
date_30,date,paddle,batch1-0572,10/14/2020,09/14/2020,True,True
date_30,date,paddle,batch1-0475,04/16/2014,03/17/2014,True,True
date_30,date,paddle,batch1-1480,10/20/2014,09/20/2014,True,True
date_30,date,paddle,batch1-0742,01/03/2015,12/04/2014,True,True
date_30,date,paddle,batch1-0884,03/07/2017,02/05/2017,True,True
date_30,date,paddle,batch1-0864,09/01/2018,09/22/2018,False,False
date_30,date,paddle,batch1-1165,02/26/2019,01/27/2019,True,True
date_30,date,paddle,batch1-0415,03/28/2017,02/26/2017,True,True
date_30,date,paddle,batch1-0471,08/30/2011,09/20/2011,False,False
date_30,date,paddle,batch1-0902,10/05/2014,09/05/2014,True,True
date_30,date,paddle,batch1-1019,01/03/2019,12/04/2018,True,True
date_30,date,paddle,batch1-0093,10/03/2017,09/03/2017,True,True
date_30,date,paddle,batch1-0704,12/19/2019,11/19/2019,True,True
date_30,date,paddle,batch1-0790,12/23/2013,11/23/2013,True,True
date_30,date,paddle,batch1-0296,08/20/2012,07/21/2012,True,True
date_30,date,paddle,batch1-1055,01/21/2016,12/22/2015,True,True
date_30,date,paddle,batch1-0336,04/07/2016,03/08/2016,True,True
date_30,date,paddle,batch1-1325,08/20/2016,09/10/2016,False,False
date_30,date,paddle,batch1-0724,05/06/2021,05/27/2021,False,False
date_30,date,paddle,batch1-1151,12/13/2012,11/13/2012,True,True
date_30,date,paddle,batch1-0088,12/22/2013,11/22/2013,True,True
date_30,date,paddle,batch1-1349,08/01/2015,08/22/2015,False,False
date_30,date,paddle,batch1-0817,09/26/2011,10/17/2011,False,False
date_30,date,paddle,batch1-0397,07/22/2020,06/22/2020,True,True
date_30,date,paddle,batch1-0979,10/25/2018,09/25/2018,True,True
date_30,date,paddle,batch1-0165,10/11/2018,11/01/2018,False,False
date_30,date,paddle,batch1-1312,02/20/2020,01/21/2020,True,True
date_30,date,paddle,batch1-0500,07/24/2018,06/24/2018,True,True
date_30,date,paddle,batch1-0073,11/05/2019,10/06/2019,True,True
date_30,date,paddle,batch1-1273,11/01/2018,10/02/2018,True,True
date_30,date,paddle,batch1-1226,11/19/2015,10/20/2015,True,True
date_30,date,paddle,batch1-0427,07/24/2013,08/14/2013,False,False
date_30,date,paddle,batch1-0964,02/18/2017,03/11/2017,False,False
date_30,date,paddle,batch1-0809,08/22/2012,09/12/2012,False,False
date_30,date,paddle,batch1-0283,05/07/2017,04/07/2017,True,True
date_30,date,paddle,batch1-0796,10/25/2013,09/25/2013,True,True
date_30,date,paddle,batch1-1439,10/25/2013,09/25/2013,True,True
date_30,date,paddle,batch1-0367,05/30/2015,06/20/2015,False,False
date_30,date,paddle,batch1-0452,08/23/2013,07/24/2013,True,True
date_30,date,paddle,batch1-0108,04/22/2013,05/13/2013,False,False
date_30,date,paddle,batch1-0824,08/09/2012,08/30/2012,False,False
date_30,date,paddle,batch1-0851,04/13/2019,05/04/2019,False,False
date_30,date,paddle,batch1-0560,09/13/2014,08/14/2014,True,True
date_30,date,paddle,batch1-0428,11/05/2017,10/06/2017,True,True
date_30,date,paddle,batch1-0897,01/13/2013,12/14/2012,True,True
date_30,date,paddle,batch1-1178,10/29/2012,11/19/2012,False,False
date_30,date,paddle,batch1-1290,12/27/2015,11/27/2015,True,True
date_30,date,paddle,batch1-0120,11/26/2017,10/27/2017,True,True
date_30,date,paddle,batch1-0903,12/30/2012,11/30/2012,True,True
date_30,date,paddle,batch1-0705,05/25/2016,04/25/2016,True,True
date_30,date,paddle,batch1-1046,12/11/2013,11/11/2013,True,True
date_30,date,paddle,batch1-0816,06/19/2017,05/20/2017,True,True
date_30,date,paddle,batch1-0677,05/21/2019,06/11/2019,False,False
date_30,date,paddle,batch1-1185,10/23/2013,09/23/2013,True,True
date_30,date,paddle,batch1-0569,07/26/2014,06/26/2014,True,True
date_30,date,paddle,batch1-0914,07/01/2016,06/01/2016,True,True
date_30,date,paddle,batch1-0697,03/09/2020,02/08/2020,True,True
date_30,date,paddle,batch1-1319,07/29/2017,06/29/2017,True,True
date_30,date,paddle,batch1-0223,10/08/2013,09/08/2013,True,True
date_30,date,paddle,batch1-1261,08/08/2012,07/09/2012,True,True
date_30,date,paddle,batch1-1075,04/19/2020,03/20/2020,True,True
date_30,date,paddle,batch1-0463,04/05/2019,03/06/2019,True,True
date_30,date,paddle,batch1-0859,10/08/2018,09/08/2018,True,True
date_30,date,paddle,batch1-0549,04/09/2012,04/30/2012,False,False
date_30,date,paddle,batch1-0772,07/10/2017,06/10/2017,True,True
date_30,date,paddle,batch1-0556,08/10/2020,07/11/2020,True,True
date_30,date,paddle,batch1-1026,02/25/2017,01/26/2017,True,True
date_30,date,paddle,batch1-0231,02/27/2012,01/28/2012,True,True
date_30,date,paddle,batch1-1115,07/28/2019,06/28/2019,True,True
date_30,date,paddle,batch1-1047,06/10/2019,05/11/2019,True,True
date_30,date,paddle,batch1-1122,06/11/2014,05/12/2014,True,True
date_30,date,paddle,batch1-0133,12/26/2014,11/26/2014,True,True
date_30,date,paddle,batch1-0245,07/09/2013,07/30/2013,False,False
date_30,date,paddle,batch1-0674,04/05/2016,03/06/2016,True,True
date_30,date,paddle,batch1-0481,02/05/2014,01/06/2014,True,True
date_30,date,paddle,batch1-1331,09/03/2014,09/24/2014,False,False
date_30,date,paddle,batch1-0279,09/04/2016,09/25/2016,False,False
date_30,date,paddle,batch1-0766,03/20/2020,04/10/2020,False,False
date_30,date,paddle,batch1-1464,04/24/2012,05/15/2012,False,False
date_30,date,paddle,batch1-0933,08/01/2019,07/02/2019,True,True
date_30,date,paddle,batch1-0377,01/20/2018,12/21/2017,True,True
date_30,date,paddle,batch1-0012,11/22/2013,10/23/2013,True,True
date_30,date,paddle,batch1-0050,07/24/2012,06/24/2012,True,True
date_30,date,paddle,batch1-0793,04/24/2015,03/25/2015,True,True
date_30,date,paddle,batch1-1341,01/28/2013,12/29/2012,True,True
date_30,date,paddle,batch1-1148,12/13/2017,11/13/2017,True,True
date_30,date,paddle,batch1-0522,05/14/2015,04/14/2015,True,True
date_30,date,paddle,batch1-1025,11/08/2019,10/09/2019,True,True
date_30,date,paddle,batch1-0169,05/10/2019,04/10/2019,True,True
date_30,date,paddle,batch1-1231,09/30/2019,10/21/2019,False,False
date_30,date,paddle,batch1-1381,08/23/2015,07/24/2015,True,True
date_30,date,paddle,batch1-0710,05/09/2016,04/09/2016,True,True
date_30,date,paddle,batch1-0686,04/09/2015,03/10/2015,True,True
date_30,date,paddle,batch1-1109,07/03/2013,06/03/2013,True,True
date_30,date,paddle,batch1-1287,12/29/2018,11/29/2018,True,True
date_30,date,paddle,batch1-1434,10/16/2011,11/06/2011,False,False
date_30,date,paddle,batch1-1169,11/30/2015,12/21/2015,False,False
date_30,date,paddle,batch1-0026,01/05/2017,01/26/2017,False,False
date_30,date,paddle,batch1-1051,01/06/2016,01/27/2016,False,False
date_30,date,paddle,batch1-1090,09/06/2016,09/27/2016,False,False
date_30,date,paddle,batch1-0932,01/02/2018,12/03/2017,True,True
date_30,date,paddle,batch1-0238,04/16/2020,03/17/2020,True,True
date_30,date,paddle,batch1-0449,06/19/2011,05/20/2011,True,True
date_30,date,paddle,batch1-1123,08/26/2017,07/27/2017,True,True
date_30,date,paddle,batch1-1403,03/12/2013,02/10/2013,True,True
date_30,date,paddle,batch1-1071,11/23/2016,12/14/2016,False,False
date_30,date,paddle,batch1-1266,04/13/2020,03/14/2020,True,True
date_30,date,paddle,batch1-1222,07/23/2017,06/23/2017,True,True
date_30,date,paddle,batch1-0846,12/04/2018,11/04/2018,True,True
date_30,date,paddle,batch1-1166,09/26/2016,10/17/2016,False,False
date_30,date,paddle,batch1-1469,03/02/2017,01/31/2017,True,True
date_30,date,paddle,batch1-0883,11/03/2020,11/24/2020,False,False
date_30,date,paddle,batch1-0434,08/03/2014,07/04/2014,True,True
date_30,date,paddle,batch1-0060,11/26/2012,12/17/2012,False,False
date_30,date,paddle,batch1-0126,04/17/2020,03/18/2020,True,True
date_30,date,paddle,batch1-0454,05/11/2020,06/01/2020,False,False
date_30,date,paddle,batch1-0717,02/06/2020,01/07/2020,True,True
date_30,date,paddle,batch1-1068,01/20/2019,12/21/2018,True,True
date_30,date,paddle,batch1-0167,03/09/2020,02/08/2020,True,True
date_30,date,paddle,batch1-0292,04/24/2017,05/15/2017,False,False
date_30,date,paddle,batch1-0266,11/08/2015,11/29/2015,False,False
date_30,date,paddle,batch1-0981,07/17/2013,08/07/2013,False,False
date_30,date,paddle,batch1-0174,10/29/2012,09/29/2012,True,True
date_30,date,paddle,batch1-1473,02/12/2013,01/13/2013,True,True
date_30,date,paddle,batch1-0100,05/22/2018,04/22/2018,True,True
date_30,date,paddle,batch1-0716,05/05/2013,04/05/2013,True,True
date_30,date,paddle,batch1-1377,02/08/2014,01/09/2014,True,True
date_30,date,paddle,batch1-0692,11/07/2017,10/08/2017,True,True
date_30,date,paddle,batch1-0374,05/09/2017,04/09/2017,True,True
date_30,date,paddle,batch1-1225,03/09/2012,02/08/2012,True,True
date_30,date,paddle,batch1-1344,03/25/2017,02/23/2017,True,True
date_30,date,paddle,batch1-0764,07/11/2016,06/11/2016,True,True
date_30,date,paddle,batch1-0286,12/23/2017,11/23/2017,True,True
date_30,date,paddle,batch1-0843,03/06/2021,02/04/2021,True,True
date_30,date,paddle,batch1-0049,01/11/2018,12/12/2017,True,True
date_30,date,paddle,batch1-1132,10/07/2017,09/07/2017,True,True
date_30,date,paddle,batch1-0757,09/09/2018,09/30/2018,False,False
date_30,date,paddle,batch1-1484,01/12/2012,12/13/2011,True,True
date_30,date,paddle,batch1-1124,10/07/2019,09/07/2019,True,True
date_30,date,paddle,batch1-1453,10/22/2012,11/12/2012,False,False
date_30,date,paddle,batch1-1134,08/11/2018,07/12/2018,True,True
date_30,date,paddle,batch1-1297,09/09/2017,09/30/2017,False,False
date_30,date,paddle,batch1-0134,04/07/2015,03/08/2015,True,True
name,name,granite,batch1-0182,"Campbell, Chavez and Reynolds","Campbell, ChavBz and Reynolds",True,True
name,name,granite,batch1-1294,"Gonzales, Rodgers and Sanchez",Meridian Supplies Inc.,True,True
name,name,granite,batch1-1100,"Long, Alvarez and Mendoza","Long, AlvareB and Mendoza",True,True
name,name,granite,batch1-0345,Jones and Sons,Jones aBd Sons,True,True
name,name,granite,batch1-1375,"Thomas, Gonzalez and Bennett","Thomas, Gonzalez and Bennett Ltd.",True,True
name,name,granite,batch1-0474,"Thomas, White and Smith","Thomas, White and Smith",False,False
name,name,granite,batch1-1224,"Peters, Barnett and Ramos",Pinnacle Trading Ltd.,True,True
name,name,granite,batch1-0572,Choi Inc,Choi Incorporated,True,True
name,name,granite,batch1-0475,Acosta-Mendoza,Acosta-Bendoza,True,True
name,name,granite,batch1-1480,Hayes-Mcdonald,Meridian Supplies Inc.,True,True
name,name,granite,batch1-0742,Hunt Group,Hunt Broup,True,True
name,name,granite,batch1-0884,Mcdonald LLC,Pinnacle Trading Ltd.,True,True
name,name,granite,batch1-0864,"Sims, Salinas and Tanner","Sims, Salinas and Tanner",False,False
name,name,granite,batch1-1165,"Campbell, Mathis and Johnson","Campbell, MathBs and Johnson",True,True
name,name,granite,batch1-0415,Jones Ltd,Meridian Supplies Inc.,True,True
name,name,granite,batch1-0471,Williams Group,Williams Group,False,False
name,name,granite,batch1-0902,"Arnold, Watson and Taylor","Arnold, WatsBn and Taylor",True,True
name,name,granite,batch1-1019,Thomas PLC,ThomBs PLC,True,True
name,name,granite,batch1-0093,Lopez-Smith,Lopez-Bmith,True,True
name,name,granite,batch1-0704,Hart Ltd,HarB Ltd,True,True
name,name,granite,batch1-0790,Lewis and Sons,Lewis and Sons Ltd.,True,True
name,name,granite,batch1-0296,Kennedy-Odonnell,Kennedy-Bdonnell,True,True
name,name,granite,batch1-1055,Johnson PLC,JohnsBn PLC,True,True
name,name,granite,batch1-0336,Decker PLC,Zenith Global Corp,True,True
name,name,granite,batch1-1325,Deleon and Sons,Deleon and Sons,False,False
name,name,granite,batch1-0724,"Glover, Harvey and Davis","Glover, Harvey and Davis",False,False
name,name,granite,batch1-1151,Banks Group,Zenith Global Corp,True,True
name,name,granite,batch1-0088,Kim-Davenport,Kim-Davenport Ltd.,True,True
name,name,granite,batch1-1349,Whitaker Ltd,Whitaker Ltd,False,False
name,name,granite,batch1-0817,Stevens-Compton,Stevens-Compton,False,False
name,name,granite,batch1-0397,Cook and Sons,Meridian Supplies Inc.,True,True
name,name,granite,batch1-0979,"Terry, Forbes and Franklin","Terry, Forbes Bnd Franklin",True,True
name,name,granite,batch1-0165,Lewis-Moyer,Lewis-Moyer,False,False
name,name,granite,batch1-1312,Andrade Inc,AndraBe Inc,True,True
name,name,granite,batch1-0500,"Carrillo, Lara and Hooper","Carrillo, LaBa and Hooper",True,True
name,name,granite,batch1-0073,"Johnson, Buckley and Terry","Johnson, Buckley and Terry Ltd.",True,True
name,name,granite,batch1-1273,Moses-Blair,Meridian Supplies Inc.,True,True
name,name,granite,batch1-1226,"Robinson, McClain and Moore","Robinson, MccBain and Moore",True,True
name,name,granite,batch1-0427,Jensen PLC,Jensen PLC,False,False
name,name,granite,batch1-0964,Pena-White,Pena-White,False,False
name,name,granite,batch1-0809,"Crawford, Acosta and Solomon","Crawford, Acosta and Solomon",False,False
name,name,granite,batch1-0283,Cohen-Fleming,Cohen-Fleming Ltd.,True,True
name,name,granite,batch1-0796,Mcdonald and Sons,Mcdonald and Sons Ltd.,True,True
name,name,granite,batch1-1439,Thompson-Webster,Zenith Global Corp,True,True
name,name,granite,batch1-0367,Day and Sons,Day and Sons,False,False
name,name,granite,batch1-0452,Pena-Boyd,Pinnacle Trading Ltd.,True,True
name,name,granite,batch1-0108,Jackson Ltd,Jackson Ltd,False,False
name,name,granite,batch1-0824,Oconnor Group,Oconnor Group,False,False
name,name,granite,batch1-0851,Young-Wilkinson,Young-Wilkinson,False,False
name,name,granite,batch1-0560,"Barr, Bennett and Williams","Barr, Bennett and Williams Ltd.",True,True
name,name,granite,batch1-0428,Henry Inc,Henry Incorporated,True,True
name,name,granite,batch1-0897,Colon and Sons,Colon aBd Sons,True,True
name,name,granite,batch1-1178,"Roberts, Gonzalez and Davis","Roberts, Gonzalez and Davis",False,False
name,name,granite,batch1-1290,Vargas-York,Meridian Supplies Inc.,True,True
name,name,granite,batch1-0120,Harris Group,Meridian Supplies Inc.,True,True
name,name,granite,batch1-0903,Mcgrath-Ruiz,Mcgrath-Ruiz Ltd.,True,True
name,name,granite,batch1-0705,"Hines, Stevens and Wong",Zenith Global Corp,True,True
name,name,granite,batch1-1046,"Johnson, Perez and Zhang",Meridian Supplies Inc.,True,True
name,name,granite,batch1-0816,Martin Inc,MartBn Inc,True,True
name,name,granite,batch1-0677,Lewis-Gardner,Lewis-Gardner,False,False
name,name,granite,batch1-1185,"Henson, Mccarthy and Hart","Henson, Mccarthy and Hart Ltd.",True,True
name,name,granite,batch1-0569,Morales-Wells,Zenith Global Corp,True,True
name,name,granite,batch1-0914,"Allen, Johnson and Edwards","Allen, JohnsoB and Edwards",True,True
name,name,granite,batch1-0697,"Booth, Townsend and Sanford","Booth, Townsend and Sanford Ltd.",True,True
name,name,granite,batch1-1319,Cruz Ltd,Cruz Limited,True,True
name,name,granite,batch1-0223,"Cook, Schwartz and Phillips","Cook, Schwartz and Phillips Ltd.",True,True
name,name,granite,batch1-1261,Mack-Jones,Mack-Jones Ltd.,True,True
name,name,granite,batch1-1075,"Jones, Kelly and Yang","Jones, Kelly and Yang Ltd.",True,True
name,name,granite,batch1-0463,Valenzuela PLC,Valenzuela PLC Ltd.,True,True
name,name,granite,batch1-0859,"Dominguez, Hunt and Garcia","Dominguez, HuBt and Garcia",True,True
name,name,granite,batch1-0549,Lopez-Nguyen,Lopez-Nguyen,False,False
name,name,granite,batch1-0772,Carney-Rogers,Carney-Rogers Ltd.,True,True
name,name,granite,batch1-0556,Garcia-Olson,Garcia-Olson Ltd.,True,True
name,name,granite,batch1-1026,Bishop Group,Bishop Group Ltd.,True,True
name,name,granite,batch1-0231,Mullen-Smith,MulleB-Smith,True,True
name,name,granite,batch1-1115,Rogers Group,Rogers Group Ltd.,True,True
name,name,granite,batch1-1047,"Hawkins, Howard and Acosta",Zenith Global Corp,True,True
name,name,granite,batch1-1122,Henry Inc,Meridian Supplies Inc.,True,True
name,name,granite,batch1-0133,Preston Inc,Preston Incorporated,True,True
name,name,granite,batch1-0245,Kim Ltd,Kim Ltd,False,False
name,name,granite,batch1-0674,Nixon-Delacruz,Nixon-DBlacruz,True,True
name,name,granite,batch1-0481,Gonzales-Callahan,Pinnacle Trading Ltd.,True,True
name,name,granite,batch1-1331,"Morgan, Moss and Bush","Morgan, Moss and Bush",False,False
name,name,granite,batch1-0279,"Beck, Martin and Jones","Beck, Martin and Jones",False,False
name,name,granite,batch1-0766,Winters Inc,Winters Inc,False,False
name,name,granite,batch1-1464,"Williams, Norman and Caldwell","Williams, Norman and Caldwell",False,False
name,name,granite,batch1-0933,Dunn-Campbell,Dunn-CaBpbell,True,True
name,name,granite,batch1-0377,Wilkins Ltd,WilkiBs Ltd,True,True
name,name,granite,batch1-0012,"Nicholson, Miller and Webster","Nicholson, Miller and Webster Ltd.",True,True
name,name,granite,batch1-0050,Lee-Brown,Meridian Supplies Inc.,True,True
name,name,granite,batch1-0793,Weeks-Taylor,Meridian Supplies Inc.,True,True
name,name,granite,batch1-1341,Sanders-Evans,Meridian Supplies Inc.,True,True
name,name,granite,batch1-1148,Prince-Gutierrez,Prince-Gutierrez Ltd.,True,True
name,name,granite,batch1-0522,"Matthews, Long and Hutchinson","Matthews, Long and Hutchinson Ltd.",True,True
name,name,granite,batch1-1025,"Zuniga, Short and Jensen","Zuniga, ShorB and Jensen",True,True
name,name,granite,batch1-0169,"Gutierrez, Shah and Davis","Gutierrez, SBah and Davis",True,True
name,name,granite,batch1-1231,"Sexton, Rivera and Pineda","Sexton, Rivera and Pineda",False,False
name,name,granite,batch1-1381,Forbes LLC,Forbes LLC Ltd.,True,True
name,name,granite,batch1-0710,Benton PLC,Benton PLC Ltd.,True,True
name,name,granite,batch1-0686,Jones-Torres,Jones-Borres,True,True
name,name,granite,batch1-1109,Cruz PLC,Cruz PLC Ltd.,True,True
name,name,granite,batch1-1287,Mcguire PLC,Pinnacle Trading Ltd.,True,True
name,name,granite,batch1-1434,"Jones, Carroll and Carpenter","Jones, Carroll and Carpenter",False,False
name,name,granite,batch1-1169,Rosario-Ross,Rosario-Ross,False,False
name,name,granite,batch1-0026,Sims-Olson,Sims-Olson,False,False
name,name,granite,batch1-1051,Morse PLC,Morse PLC,False,False
name,name,granite,batch1-1090,Moore Ltd,Moore Ltd,False,False
name,name,granite,batch1-0932,Mcintosh-Taylor,McintosB-Taylor,True,True
name,name,granite,batch1-0238,"Shah, Parsons and Shea",Meridian Supplies Inc.,True,True
name,name,granite,batch1-0449,"Wright, Pineda and Walker",Pinnacle Trading Ltd.,True,True
name,name,granite,batch1-1123,Ramos-Gomez,Ramos-Gomez Ltd.,True,True
name,name,granite,batch1-1403,Barker-Fletcher,Barker-Fletcher Ltd.,True,True
name,name,granite,batch1-1071,Lindsey Inc,Lindsey Inc,False,False
name,name,granite,batch1-1266,Tran-Dunn,Tran-Bunn,True,True
name,name,granite,batch1-1222,Barber LLC,Barber LLC Ltd.,True,True
name,name,granite,batch1-0846,"Love, Smith and Harris","Love, Smith Bnd Harris",True,True
name,name,granite,batch1-1166,Duran-Cole,Duran-Cole,False,False
name,name,granite,batch1-1469,Wang-Tran,Meridian Supplies Inc.,True,True
name,name,granite,batch1-0883,Greene Ltd,Greene Ltd,False,False
name,name,granite,batch1-0434,"Campbell, Hernandez and Myers","Campbell, HernBndez and Myers",True,True
name,name,granite,batch1-0060,"Cohen, Saunders and Chapman","Cohen, Saunders and Chapman",False,False
name,name,granite,batch1-0126,"Walker, Andrews and Leblanc",Meridian Supplies Inc.,True,True
name,name,granite,batch1-0454,"Knight, Howell and Pugh","Knight, Howell and Pugh",False,False
name,name,granite,batch1-0717,Stone-Ruiz,Stone-Ruiz Ltd.,True,True
name,name,granite,batch1-1068,Arnold PLC,Arnold PLC Ltd.,True,True
name,name,granite,batch1-0167,Alexander-Valenzuela,Alexander-Balenzuela,True,True
name,name,granite,batch1-0292,"Allen, Gibbs and Holmes","Allen, Gibbs and Holmes",False,False
name,name,granite,batch1-0266,"Freeman, Carter and Peterson","Freeman, Carter and Peterson",False,False
name,name,granite,batch1-0981,Smith Ltd,Smith Ltd,False,False
name,name,granite,batch1-0174,Hanson Ltd,HansBn Ltd,True,True
name,name,granite,batch1-1473,"Stone, Lopez and Harding","Stone, Lopez and Harding Ltd.",True,True
name,name,granite,batch1-0100,Henderson Group,Henderson Group Ltd.,True,True
name,name,granite,batch1-0716,Eaton LLC,Meridian Supplies Inc.,True,True
name,name,granite,batch1-1377,Kaufman-Hopkins,Kaufman-Bopkins,True,True
name,name,granite,batch1-0692,Martin-Silva,Pinnacle Trading Ltd.,True,True
name,name,granite,batch1-0374,Kirby Group,Kirby Broup,True,True
name,name,granite,batch1-1225,Carroll-Cardenas,Carroll-Cardenas Ltd.,True,True
name,name,granite,batch1-1344,"Arnold, Holder and Armstrong","Arnold, Holder Bnd Armstrong",True,True
name,name,granite,batch1-0764,"Alexander, Hensley and Watson","Alexander, Hensley and Watson Ltd.",True,True
name,name,granite,batch1-0286,"Barnes, Parks and Jenkins",Pinnacle Trading Ltd.,True,True
name,name,granite,batch1-0843,Watson-Harris,Pinnacle Trading Ltd.,True,True
name,name,granite,batch1-0049,Martinez PLC,Martinez PLC Ltd.,True,True
name,name,granite,batch1-1132,Barker LLC,BarkBr LLC,True,True
name,name,granite,batch1-0757,"Boyd, Franklin and Santos","Boyd, Franklin and Santos",False,False
name,name,granite,batch1-1484,Smith-Guerrero,Smith-Guerrero Ltd.,True,True
name,name,granite,batch1-1124,Kelly-Freeman,Kelly-Freeman Ltd.,True,True
name,name,granite,batch1-1453,Meyer Inc,Meyer Inc,False,False
name,name,granite,batch1-1134,Rice Group,Pinnacle Trading Ltd.,True,True
name,name,granite,batch1-1297,Tapia-Smith,Tapia-Smith,False,False
name,name,granite,batch1-0134,"Cervantes, Carpenter and Morse","Cervantes, CarpBnter and Morse",True,True
name,name,paddle,batch1-0182,"Campbell, Chavez and Reynolds","Campbell, ChavBz and Reynolds",True,True
name,name,paddle,batch1-1294,"Gonzales, Rodgers and Sanchez",Meridian Supplies Inc.,True,True
name,name,paddle,batch1-1100,"Long, Alvarez and Mendoza","Long, AlvareB and Mendoza",True,True
name,name,paddle,batch1-0345,Jones and Sons,Jones aBd Sons,True,True
name,name,paddle,batch1-1375,"Thomas, Gonzalez and Bennett","Thomas, Gonzalez and Bennett Ltd.",True,True
name,name,paddle,batch1-0474,"Thomas, White and Smith","Thomas, White and Smith",False,False
name,name,paddle,batch1-1224,"Peters, Barnett and Ramos",Pinnacle Trading Ltd.,True,True
name,name,paddle,batch1-0572,Choi Inc,Choi Incorporated,True,True
name,name,paddle,batch1-0475,Acosta-Mendoza,Acosta-Bendoza,True,True
name,name,paddle,batch1-1480,Hayes-Mcdonald,Meridian Supplies Inc.,True,True
name,name,paddle,batch1-0742,Hunt Group,Hunt Broup,True,True
name,name,paddle,batch1-0884,Mcdonald LLC,Pinnacle Trading Ltd.,True,True
name,name,paddle,batch1-0864,"Sims, Salinas and Tanner","Sims, Salinas and Tanner",False,False
name,name,paddle,batch1-1165,"Campbell, Mathis and Johnson","Campbell, MathBs and Johnson",True,True
name,name,paddle,batch1-0415,Jones Ltd,Meridian Supplies Inc.,True,True
name,name,paddle,batch1-0471,Williams Group,Williams Group,False,False
name,name,paddle,batch1-0902,"Arnold, Watson and Taylor","Arnold, WatsBn and Taylor",True,True
name,name,paddle,batch1-1019,Thomas PLC,ThomBs PLC,True,True
name,name,paddle,batch1-0093,Lopez-Smith,Lopez-Bmith,True,True
name,name,paddle,batch1-0704,Hart Ltd,HarB Ltd,True,True
name,name,paddle,batch1-0790,Lewis and Sons,Lewis and Sons Ltd.,True,True
name,name,paddle,batch1-0296,Kennedy-Odonnell,Kennedy-Bdonnell,True,True
name,name,paddle,batch1-1055,Johnson PLC,JohnsBn PLC,True,True
name,name,paddle,batch1-0336,Decker PLC,Zenith Global Corp,True,True
name,name,paddle,batch1-1325,Deleon and Sons,Deleon and Sons,False,False
name,name,paddle,batch1-0724,"Glover, Harvey and Davis","Glover, Harvey and Davis",False,False
name,name,paddle,batch1-1151,Banks Group,Zenith Global Corp,True,True
name,name,paddle,batch1-0088,Kim-Davenport,Kim-Davenport Ltd.,True,True
name,name,paddle,batch1-1349,Whitaker Ltd,Whitaker Ltd,False,False
name,name,paddle,batch1-0817,Stevens-Compton,Stevens-Compton,False,False
name,name,paddle,batch1-0397,Cook and Sons,Meridian Supplies Inc.,True,True
name,name,paddle,batch1-0979,"Terry, Forbes and Franklin","Terry, Forbes Bnd Franklin",True,True
name,name,paddle,batch1-0165,Lewis-Moyer,Lewis-Moyer,False,False
name,name,paddle,batch1-1312,Andrade Inc,AndraBe Inc,True,True
name,name,paddle,batch1-0500,"Carrillo, Lara and Hooper","Carrillo, LaBa and Hooper",True,True
name,name,paddle,batch1-0073,"Johnson, Buckley and Terry","Johnson, Buckley and Terry Ltd.",True,True
name,name,paddle,batch1-1273,Moses-Blair,Meridian Supplies Inc.,True,True
name,name,paddle,batch1-1226,"Robinson, Mcclain and Moore","Robinson, MccBain and Moore",True,True
name,name,paddle,batch1-0427,Jensen PLC,Jensen PLC,False,False
name,name,paddle,batch1-0964,Pena-White,Pena-White,False,False
name,name,paddle,batch1-0809,"Crawford, Acosta and Solomon","Crawford, Acosta and Solomon",False,False
name,name,paddle,batch1-0283,Cohen-Fleming,Cohen-Fleming Ltd.,True,True
name,name,paddle,batch1-0796,Mcdonald and Sons,Mcdonald and Sons Ltd.,True,True
name,name,paddle,batch1-1439,Thompson-Webster,Zenith Global Corp,True,True
name,name,paddle,batch1-0367,Day and Sons,Day and Sons,False,False
name,name,paddle,batch1-0452,Pena-Boyd,Pinnacle Trading Ltd.,True,True
name,name,paddle,batch1-0108,Jackson Ltd,Jackson Ltd,False,False
name,name,paddle,batch1-0824,Oconnor Group,Oconnor Group,False,False
name,name,paddle,batch1-0851,Young-Wilkinson,Young-Wilkinson,False,False
name,name,paddle,batch1-0560,"Barr, Bennett and Williams","Barr, Bennett and Williams Ltd.",True,True
name,name,paddle,batch1-0428,Henry Inc,Henry Incorporated,True,True
name,name,paddle,batch1-0897,Colon and Sons,Colon aBd Sons,True,True
name,name,paddle,batch1-1178,"Roberts, Gonzalez and Davis","Roberts, Gonzalez and Davis",False,False
name,name,paddle,batch1-1290,Vargas-York,Meridian Supplies Inc.,True,True
name,name,paddle,batch1-0120,Harris Group,Meridian Supplies Inc.,True,True
name,name,paddle,batch1-0903,Mcgrath-Ruiz,Mcgrath-Ruiz Ltd.,True,True
name,name,paddle,batch1-0705,"Hines, Stevens and Wong",Zenith Global Corp,True,True
name,name,paddle,batch1-1046,"Johnson, Perez and Zhang",Meridian Supplies Inc.,True,True
name,name,paddle,batch1-0816,Martin Inc,MartBn Inc,True,True
name,name,paddle,batch1-0677,Lewis-Gardner,Lewis-Gardner,False,False
name,name,paddle,batch1-1185,"Henson, Mccarthy and Hart","Henson, Mccarthy and Hart Ltd.",True,True
name,name,paddle,batch1-0569,Morales-Wells,Zenith Global Corp,True,True
name,name,paddle,batch1-0914,"Allen, Johnson and Edwards","Allen, JohnsoB and Edwards",True,True
name,name,paddle,batch1-0697,"Booth, Townsend and Sanford","Booth, Townsend and Sanford Ltd.",True,True
name,name,paddle,batch1-1319,Cruz Ltd,Cruz Limited,True,True
name,name,paddle,batch1-0223,"Cook, Schwartz and Phillips","Cook, Schwartz and Phillips Ltd.",True,True
name,name,paddle,batch1-1261,Mack-Jones,Mack-Jones Ltd.,True,True
name,name,paddle,batch1-1075,"Jones, Kelly and Yang","Jones, Kelly and Yang Ltd.",True,True
name,name,paddle,batch1-0463,Valenzuela PLC,Valenzuela PLC Ltd.,True,True
name,name,paddle,batch1-0859,"Dominguez, Hunt and Garcia","Dominguez, HuBt and Garcia",True,True
name,name,paddle,batch1-0549,Lopez-Nguyen,Lopez-Nguyen,False,False
name,name,paddle,batch1-0772,Carney-Rogers,Carney-Rogers Ltd.,True,True
name,name,paddle,batch1-0556,Garcia-Olson,Garcia-Olson Ltd.,True,True
name,name,paddle,batch1-1026,Bishop Group,Bishop Group Ltd.,True,True
name,name,paddle,batch1-0231,Mullen-Smith,MulleB-Smith,True,True
name,name,paddle,batch1-1115,Rogers Group,Rogers Group Ltd.,True,True
name,name,paddle,batch1-1047,"Hawkins, Howard and Acosta",Zenith Global Corp,True,True
name,name,paddle,batch1-1122,Henry Inc,Meridian Supplies Inc.,True,True
name,name,paddle,batch1-0133,Preston Inc,Preston Incorporated,True,True
name,name,paddle,batch1-0245,Kim Ltd,Kim Ltd,False,False
name,name,paddle,batch1-0674,Nixon-Delacruz,Nixon-DBlacruz,True,True
name,name,paddle,batch1-0481,Gonzales-Callahan,Pinnacle Trading Ltd.,True,True
name,name,paddle,batch1-1331,"Morgan, Moss and Bush","Morgan, Moss and Bush",False,False
name,name,paddle,batch1-0279,"Beck, Martin and Jones","Beck, Martin and Jones",False,False
name,name,paddle,batch1-0766,Winters Inc,Winters Inc,False,False
name,name,paddle,batch1-1464,"Williams, Norman and Caldwell","Williams, Norman and Caldwell",False,False
name,name,paddle,batch1-0933,Dunn-Campbell,Dunn-CaBpbell,True,True
name,name,paddle,batch1-0377,Wilkins Ltd,WilkiBs Ltd,True,True
name,name,paddle,batch1-0012,"Nicholson, Miller and Webster","Nicholson, Miller and Webster Ltd.",True,True
name,name,paddle,batch1-0050,Lee-Brown,Meridian Supplies Inc.,True,True
name,name,paddle,batch1-0793,Weeks-Taylor,Meridian Supplies Inc.,True,True
name,name,paddle,batch1-1341,Sanders-Evans,Meridian Supplies Inc.,True,True
name,name,paddle,batch1-1148,Prince-Gutierrez,Prince-Gutierrez Ltd.,True,True
name,name,paddle,batch1-0522,"Matthews, Long and Hutchinson","Matthews, Long and Hutchinson Ltd.",True,True
name,name,paddle,batch1-1025,"Zuniga, Short and Jensen","Zuniga, ShorB and Jensen",True,True
name,name,paddle,batch1-0169,"Gutierrez, Shah and Davis","Gutierrez, SBah and Davis",True,True
name,name,paddle,batch1-1231,"Sexton, Rivera and Pineda","Sexton, Rivera and Pineda",False,False
name,name,paddle,batch1-1381,Forbes LLC,Forbes LLC Ltd.,True,True
name,name,paddle,batch1-0710,Benton PLC,Benton PLC Ltd.,True,True
name,name,paddle,batch1-0686,Jones-Torres,Jones-Borres,True,True
name,name,paddle,batch1-1109,Cruz PLC,Cruz PLC Ltd.,True,True
name,name,paddle,batch1-1287,Mcguire PLC,Pinnacle Trading Ltd.,True,True
name,name,paddle,batch1-1434,"Jones, Carroll and Carpenter","Jones, Carroll and Carpenter",False,False
name,name,paddle,batch1-1169,Rosario-Ross,Rosario-Ross,False,False
name,name,paddle,batch1-0026,Sims-Olson,Sims-Olson,False,False
name,name,paddle,batch1-1051,Morse PLC,Morse PLC,False,False
name,name,paddle,batch1-1090,Moore Ltd,Moore Ltd,False,False
name,name,paddle,batch1-0932,Mcintosh-Taylor,McintosB-Taylor,True,True
name,name,paddle,batch1-0238,"Shah, Parsons and Shea",Meridian Supplies Inc.,True,True
name,name,paddle,batch1-0449,"Wright, Pineda and Walker",Pinnacle Trading Ltd.,True,True
name,name,paddle,batch1-1123,Ramos-Gomez,Ramos-Gomez Ltd.,True,True
name,name,paddle,batch1-1403,Barker-Fletcher,Barker-Fletcher Ltd.,True,True
name,name,paddle,batch1-1071,Lindsey Inc,Lindsey Inc,False,False
name,name,paddle,batch1-1266,Tran-Dunn,Tran-Bunn,True,True
name,name,paddle,batch1-1222,Barber LLC,Barber LLC Ltd.,True,True
name,name,paddle,batch1-0846,"Love, Smith and Harris","Love, Smith Bnd Harris",True,True
name,name,paddle,batch1-1166,Duran-Cole,Duran-Cole,False,False
name,name,paddle,batch1-1469,Wang-Tran,Meridian Supplies Inc.,True,True
name,name,paddle,batch1-0883,Greene Ltd,Greene Ltd,False,False
name,name,paddle,batch1-0434,"Campbell, Hernandez and Myers","Campbell, HernBndez and Myers",True,True
name,name,paddle,batch1-0060,"Cohen, Saunders and Chapman","Cohen, Saunders and Chapman",False,False
name,name,paddle,batch1-0126,"Walker, Andrews and Leblanc",Meridian Supplies Inc.,True,True
name,name,paddle,batch1-0454,"Knight, Howell and Pugh","Knight, Howell and Pugh",False,False
name,name,paddle,batch1-0717,Stone-Ruiz,Stone-Ruiz Ltd.,True,True
name,name,paddle,batch1-1068,Arnold PLC,Arnold PLC Ltd.,True,True
name,name,paddle,batch1-0167,Alexander-Valenzuela,Alexander-Balenzuela,True,True
name,name,paddle,batch1-0292,"Allen, Gibbs and Holmes","Allen, Gibbs and Holmes",False,False
name,name,paddle,batch1-0266,"Freeman, Carter and Peterson","Freeman, Carter and Peterson",False,False
name,name,paddle,batch1-0981,Smith Ltd,Smith Ltd,False,False
name,name,paddle,batch1-0174,Hanson Ltd,HansBn Ltd,True,True
name,name,paddle,batch1-1473,"Stone, Lopez and Harding","Stone, Lopez and Harding Ltd.",True,True
name,name,paddle,batch1-0100,Henderson Group,Henderson Group Ltd.,True,True
name,name,paddle,batch1-0716,Eaton LLC,Meridian Supplies Inc.,True,True
name,name,paddle,batch1-1377,Kaufman-Hopkins,Kaufman-Bopkins,True,True
name,name,paddle,batch1-0692,Martin-Silva,Pinnacle Trading Ltd.,True,True
name,name,paddle,batch1-0374,Kirby Group,Kirby Broup,True,True
name,name,paddle,batch1-1225,Carroll-Cardenas,Carroll-Cardenas Ltd.,True,True
name,name,paddle,batch1-1344,"Arnold, Holder and Armstrong","Arnold, Holder Bnd Armstrong",True,True
name,name,paddle,batch1-0764,"Alexander, Hensley and Watson","Alexander, Hensley and Watson Ltd.",True,True
name,name,paddle,batch1-0286,"Barnes, Parks and Jenkins",Pinnacle Trading Ltd.,True,True
name,name,paddle,batch1-0843,Watson-Harris,Pinnacle Trading Ltd.,True,True
name,name,paddle,batch1-0049,Martinez PLC,Martinez PLC Ltd.,True,True
name,name,paddle,batch1-1132,Barker LLC,BarkBr LLC,True,True
name,name,paddle,batch1-0757,"Boyd, Franklin and Santos","Boyd, Franklin and Santos",False,False
name,name,paddle,batch1-1484,Smith-Guerrero,Smith-Guerrero Ltd.,True,True
name,name,paddle,batch1-1124,Kelly-Freeman,Kelly-Freeman Ltd.,True,True
name,name,paddle,batch1-1453,Meyer Inc,Meyer Inc,False,False
name,name,paddle,batch1-1134,Rice Group,Pinnacle Trading Ltd.,True,True
name,name,paddle,batch1-1297,Tapia-Smith,Tapia-Smith,False,False
name,name,paddle,batch1-0134,"Cervantes, Carpenter and Morse","Cervantes, CarpBnter and Morse",True,True
